user	instance_id	overall_goal:::implausible or very unlikely	overall_goal:::plausible and somewhat likely	overall_goal:::plausible and very likely	overall_goal:::plausible but somewhat unlikely	narrative_intent:::implausible or very unlikely	narrative_intent:::plausible and somewhat likely	narrative_intent:::plausible and very likely	narrative_intent:::plausible but somewhat unlikely	author_emotional_response:::implausible or very unlikely	author_emotional_response:::plausible and very likely	author_emotional_response:::plausible and somewhat likely	author_emotional_response:::plausible but somewhat unlikely	causal_explanation:::implausible or very unlikely	causal_explanation:::plausible and somewhat likely	causal_explanation:::plausible and very likely	causal_explanation:::plausible but somewhat unlikely	prediction:::implausible or very unlikely	prediction:::plausible and somewhat likely	prediction:::plausible and very likely	prediction:::plausible but somewhat unlikely	moral:::implausible or very unlikely	moral:::plausible and somewhat likely	moral:::plausible and very likely	moral:::plausible but somewhat unlikely	narrative_feeling:::implausible or very unlikely	narrative_feeling:::plausible and very likely	narrative_feeling:::plausible and somewhat likely	narrative_feeling:::plausible but somewhat unlikely	aesthetic_feeling:::implausible or very unlikely	aesthetic_feeling:::plausible and somewhat likely	aesthetic_feeling:::plausible and very likely	aesthetic_feeling:::plausible but somewhat unlikely	character_appraisal:::implausible or very unlikely	character_appraisal:::plausible and very likely	character_appraisal:::plausible and somewhat likely	character_appraisal:::plausible but somewhat unlikely	stance:::implausible or very unlikely	stance:::plausible and very likely	stance:::plausible and somewhat likely	stance:::plausible but somewhat unlikely	I am age 18 or older.:::Yes	I have read and understand the information above.:::Yes	I want to participate in this research and continue with the study.:::Yes
60da68b6430d90da3b4e9bf6	e5kim0l			overall_goal:::plausible and very likely			narrative_intent:::plausible and somewhat likely						author_emotional_response:::plausible but somewhat unlikely			causal_explanation:::plausible and very likely		prediction:::implausible or very unlikely				moral:::implausible or very unlikely							narrative_feeling:::plausible but somewhat unlikely			aesthetic_feeling:::plausible and very likely				character_appraisal:::plausible and somewhat likely		stance:::implausible or very unlikely						
60da68b6430d90da3b4e9bf6	e5q2awq	overall_goal:::implausible or very unlikely						narrative_intent:::plausible and very likely				author_emotional_response:::plausible and somewhat likely				causal_explanation:::plausible and very likely				prediction:::plausible and very likely					moral:::plausible but somewhat unlikely				narrative_feeling:::plausible but somewhat unlikely	aesthetic_feeling:::implausible or very unlikely							character_appraisal:::plausible but somewhat unlikely				stance:::plausible but somewhat unlikely			
60da68b6430d90da3b4e9bf6	Contextual-Reasoning-about-Narrative-Intents-and-Reactions-consent.html																																									I am age 18 or older.:::Yes	I have read and understand the information above.:::Yes	I want to participate in this research and continue with the study.:::Yes
675c5393b9b2d381baa880c2	e5kim0l		overall_goal:::plausible and somewhat likely					narrative_intent:::plausible and very likely					author_emotional_response:::plausible but somewhat unlikely			causal_explanation:::plausible and very likely		prediction:::implausible or very unlikely						moral:::plausible and very likely				narrative_feeling:::plausible and somewhat likely			aesthetic_feeling:::plausible and somewhat likely			character_appraisal:::implausible or very unlikely							stance:::plausible but somewhat unlikely			
675c5393b9b2d381baa880c2	e5q2awq			overall_goal:::plausible and very likely				narrative_intent:::plausible and very likely				author_emotional_response:::plausible and somewhat likely				causal_explanation:::plausible and very likely			prediction:::plausible and somewhat likely				moral:::plausible and somewhat likely					narrative_feeling:::plausible and somewhat likely		aesthetic_feeling:::implausible or very unlikely						character_appraisal:::plausible and somewhat likely				stance:::plausible and somewhat likely				
675c5393b9b2d381baa880c2	Contextual-Reasoning-about-Narrative-Intents-and-Reactions-consent.html																																									I am age 18 or older.:::Yes	I have read and understand the information above.:::Yes	I want to participate in this research and continue with the study.:::Yes
66aa8d04719b0f5ef3433e9c	e5bsdtf		overall_goal:::plausible and somewhat likely					narrative_intent:::plausible and very likely				author_emotional_response:::plausible and somewhat likely		causal_explanation:::implausible or very unlikely						prediction:::plausible and very likely			moral:::plausible and somewhat likely					narrative_feeling:::plausible and somewhat likely				aesthetic_feeling:::plausible and very likely				character_appraisal:::plausible and somewhat likely				stance:::plausible and somewhat likely				
66aa8d04719b0f5ef3433e9c	e67vr8u		overall_goal:::plausible and somewhat likely				narrative_intent:::plausible and somewhat likely			author_emotional_response:::implausible or very unlikely					causal_explanation:::plausible and somewhat likely					prediction:::plausible and very likely				moral:::plausible and very likely				narrative_feeling:::plausible and somewhat likely			aesthetic_feeling:::plausible and somewhat likely				character_appraisal:::plausible and very likely						stance:::plausible but somewhat unlikely			
66aa8d04719b0f5ef3433e9c	Contextual-Reasoning-about-Narrative-Intents-and-Reactions-consent.html																																									I am age 18 or older.:::Yes	I have read and understand the information above.:::Yes	I want to participate in this research and continue with the study.:::Yes
6100b94f1750b9db274684c7	e5bsdtf			overall_goal:::plausible and very likely			narrative_intent:::plausible and somewhat likely					author_emotional_response:::plausible and somewhat likely				causal_explanation:::plausible and very likely			prediction:::plausible and somewhat likely					moral:::plausible and very likely			narrative_feeling:::plausible and very likely				aesthetic_feeling:::plausible and somewhat likely				character_appraisal:::plausible and very likely				stance:::plausible and very likely					
6100b94f1750b9db274684c7	e67vr8u		overall_goal:::plausible and somewhat likely				narrative_intent:::plausible and somewhat likely				author_emotional_response:::plausible and very likely					causal_explanation:::plausible and very likely			prediction:::plausible and somewhat likely					moral:::plausible and very likely			narrative_feeling:::plausible and very likely				aesthetic_feeling:::plausible and somewhat likely				character_appraisal:::plausible and very likely				stance:::plausible and very likely					
6100b94f1750b9db274684c7	Contextual-Reasoning-about-Narrative-Intents-and-Reactions-consent.html																																									I am age 18 or older.:::Yes	I have read and understand the information above.:::Yes	I want to participate in this research and continue with the study.:::Yes
5ae11f9709eae20001132c22	e5fcd12	overall_goal:::implausible or very unlikely				narrative_intent:::implausible or very unlikely				author_emotional_response:::implausible or very unlikely				causal_explanation:::implausible or very unlikely				prediction:::implausible or very unlikely				moral:::implausible or very unlikely				narrative_feeling:::implausible or very unlikely				aesthetic_feeling:::implausible or very unlikely				character_appraisal:::implausible or very unlikely				stance:::implausible or very unlikely						
5ae11f9709eae20001132c22	e66997q		overall_goal:::plausible and somewhat likely			narrative_intent:::implausible or very unlikely					author_emotional_response:::plausible and very likely					causal_explanation:::plausible and very likely			prediction:::plausible and somewhat likely						moral:::plausible but somewhat unlikely		narrative_feeling:::plausible and very likely				aesthetic_feeling:::plausible and somewhat likely			character_appraisal:::implausible or very unlikely						stance:::plausible and somewhat likely				
5ae11f9709eae20001132c22	Contextual-Reasoning-about-Narrative-Intents-and-Reactions-consent.html																																									I am age 18 or older.:::Yes	I have read and understand the information above.:::Yes	I want to participate in this research and continue with the study.:::Yes
681bdc1e16b44acc6f14c3b6	e5iniby			overall_goal:::plausible and very likely			narrative_intent:::plausible and somewhat likely				author_emotional_response:::plausible and very likely					causal_explanation:::plausible and very likely				prediction:::plausible and very likely			moral:::plausible and somewhat likely				narrative_feeling:::plausible and very likely					aesthetic_feeling:::plausible and very likely			character_appraisal:::plausible and very likely				stance:::plausible and very likely					
681bdc1e16b44acc6f14c3b6	e6alsaa				overall_goal:::plausible but somewhat unlikely	narrative_intent:::implausible or very unlikely							author_emotional_response:::plausible but somewhat unlikely		causal_explanation:::plausible and somewhat likely						prediction:::plausible but somewhat unlikely		moral:::plausible and somewhat likely					narrative_feeling:::plausible and somewhat likely					aesthetic_feeling:::plausible but somewhat unlikely				character_appraisal:::plausible but somewhat unlikely				stance:::plausible but somewhat unlikely			
681bdc1e16b44acc6f14c3b6	Contextual-Reasoning-about-Narrative-Intents-and-Reactions-consent.html																																									I am age 18 or older.:::Yes	I have read and understand the information above.:::Yes	I want to participate in this research and continue with the study.:::Yes
5ec2f009bc5aac12f131253c	e5iniby		overall_goal:::plausible and somewhat likely					narrative_intent:::plausible and very likely				author_emotional_response:::plausible and somewhat likely				causal_explanation:::plausible and very likely		prediction:::implausible or very unlikely					moral:::plausible and somewhat likely					narrative_feeling:::plausible and somewhat likely			aesthetic_feeling:::plausible and somewhat likely					character_appraisal:::plausible and somewhat likely			stance:::plausible and very likely					
5ec2f009bc5aac12f131253c	e6alsaa		overall_goal:::plausible and somewhat likely				narrative_intent:::plausible and somewhat likely					author_emotional_response:::plausible and somewhat likely			causal_explanation:::plausible and somewhat likely				prediction:::plausible and somewhat likely				moral:::plausible and somewhat likely				narrative_feeling:::plausible and very likely				aesthetic_feeling:::plausible and somewhat likely					character_appraisal:::plausible and somewhat likely				stance:::plausible and somewhat likely				
5ec2f009bc5aac12f131253c	Contextual-Reasoning-about-Narrative-Intents-and-Reactions-consent.html																																									I am age 18 or older.:::Yes	I have read and understand the information above.:::Yes	I want to participate in this research and continue with the study.:::Yes
55ec49b67480920010aaa4e8	e6qug5t		overall_goal:::plausible and somewhat likely				narrative_intent:::plausible and somewhat likely						author_emotional_response:::plausible but somewhat unlikely			causal_explanation:::plausible and very likely			prediction:::plausible and somewhat likely				moral:::plausible and somewhat likely						narrative_feeling:::plausible but somewhat unlikely	aesthetic_feeling:::implausible or very unlikely						character_appraisal:::plausible and somewhat likely		stance:::implausible or very unlikely						
55ec49b67480920010aaa4e8	e5t57xt	overall_goal:::implausible or very unlikely						narrative_intent:::plausible and very likely				author_emotional_response:::plausible and somewhat likely				causal_explanation:::plausible and very likely					prediction:::plausible but somewhat unlikely		moral:::plausible and somewhat likely						narrative_feeling:::plausible but somewhat unlikely				aesthetic_feeling:::plausible but somewhat unlikely	character_appraisal:::implausible or very unlikely						stance:::plausible and somewhat likely				
55ec49b67480920010aaa4e8	Contextual-Reasoning-about-Narrative-Intents-and-Reactions-consent.html																																									I am age 18 or older.:::Yes	I have read and understand the information above.:::Yes	I want to participate in this research and continue with the study.:::Yes
6781e2745214f6bcc5c6d6c0	e6qug5t		overall_goal:::plausible and somewhat likely					narrative_intent:::plausible and very likely				author_emotional_response:::plausible and somewhat likely			causal_explanation:::plausible and somewhat likely					prediction:::plausible and very likely				moral:::plausible and very likely				narrative_feeling:::plausible and somewhat likely					aesthetic_feeling:::plausible but somewhat unlikely			character_appraisal:::plausible and somewhat likely			stance:::plausible and very likely					
6781e2745214f6bcc5c6d6c0	e5t57xt				overall_goal:::plausible but somewhat unlikely			narrative_intent:::plausible and very likely			author_emotional_response:::plausible and very likely				causal_explanation:::plausible and somewhat likely						prediction:::plausible but somewhat unlikely				moral:::plausible but somewhat unlikely			narrative_feeling:::plausible and somewhat likely		aesthetic_feeling:::implausible or very unlikely						character_appraisal:::plausible and somewhat likely				stance:::plausible and somewhat likely				
6781e2745214f6bcc5c6d6c0	Contextual-Reasoning-about-Narrative-Intents-and-Reactions-consent.html																																									I am age 18 or older.:::Yes	I have read and understand the information above.:::Yes	I want to participate in this research and continue with the study.:::Yes
62e33513e972718797c9aaeb	e6bzlku				overall_goal:::plausible but somewhat unlikely			narrative_intent:::plausible and very likely		author_emotional_response:::implausible or very unlikely					causal_explanation:::plausible and somewhat likely				prediction:::plausible and somewhat likely					moral:::plausible and very likely			narrative_feeling:::plausible and very likely					aesthetic_feeling:::plausible and very likely			character_appraisal:::plausible and very likely				stance:::plausible and very likely					
62e33513e972718797c9aaeb	Contextual-Reasoning-about-Narrative-Intents-and-Reactions-consent.html																																									I am age 18 or older.:::Yes	I have read and understand the information above.:::Yes	I want to participate in this research and continue with the study.:::Yes
62e33513e972718797c9aaeb	e6a1tfl			overall_goal:::plausible and very likely				narrative_intent:::plausible and very likely					author_emotional_response:::plausible but somewhat unlikely		causal_explanation:::plausible and somewhat likely					prediction:::plausible and very likely					moral:::plausible but somewhat unlikely				narrative_feeling:::plausible but somewhat unlikely	aesthetic_feeling:::implausible or very unlikely					character_appraisal:::plausible and very likely				stance:::plausible and very likely					
673b8d1448db4a031a4a90b2	e6bzlku		overall_goal:::plausible and somewhat likely					narrative_intent:::plausible and very likely					author_emotional_response:::plausible but somewhat unlikely		causal_explanation:::plausible and somewhat likely				prediction:::plausible and somewhat likely				moral:::plausible and somewhat likely					narrative_feeling:::plausible and somewhat likely			aesthetic_feeling:::plausible and somewhat likely					character_appraisal:::plausible and somewhat likely				stance:::plausible and somewhat likely				
673b8d1448db4a031a4a90b2	Contextual-Reasoning-about-Narrative-Intents-and-Reactions-consent.html																																									I am age 18 or older.:::Yes	I have read and understand the information above.:::Yes	I want to participate in this research and continue with the study.:::Yes
673b8d1448db4a031a4a90b2	e6a1tfl		overall_goal:::plausible and somewhat likely					narrative_intent:::plausible and very likely				author_emotional_response:::plausible and somewhat likely			causal_explanation:::plausible and somewhat likely				prediction:::plausible and somewhat likely				moral:::plausible and somewhat likely					narrative_feeling:::plausible and somewhat likely			aesthetic_feeling:::plausible and somewhat likely					character_appraisal:::plausible and somewhat likely				stance:::plausible and somewhat likely				
65ecbbfd7c441da2b07a6faa	e594m4k			overall_goal:::plausible and very likely				narrative_intent:::plausible and very likely					author_emotional_response:::plausible but somewhat unlikely			causal_explanation:::plausible and very likely		prediction:::implausible or very unlikely						moral:::plausible and very likely				narrative_feeling:::plausible and somewhat likely					aesthetic_feeling:::plausible but somewhat unlikely	character_appraisal:::implausible or very unlikely							stance:::plausible but somewhat unlikely			
65ecbbfd7c441da2b07a6faa	e6ihme2	overall_goal:::implausible or very unlikely				narrative_intent:::implausible or very unlikely				author_emotional_response:::implausible or very unlikely				causal_explanation:::implausible or very unlikely				prediction:::implausible or very unlikely				moral:::implausible or very unlikely				narrative_feeling:::implausible or very unlikely				aesthetic_feeling:::implausible or very unlikely				character_appraisal:::implausible or very unlikely				stance:::implausible or very unlikely						
65ecbbfd7c441da2b07a6faa	Contextual-Reasoning-about-Narrative-Intents-and-Reactions-consent.html																																									I am age 18 or older.:::Yes	I have read and understand the information above.:::Yes	I want to participate in this research and continue with the study.:::Yes
67686162ff8e505d86353187	e5uodz0		overall_goal:::plausible and somewhat likely					narrative_intent:::plausible and very likely				author_emotional_response:::plausible and somewhat likely			causal_explanation:::plausible and somewhat likely				prediction:::plausible and somewhat likely					moral:::plausible and very likely				narrative_feeling:::plausible and somewhat likely				aesthetic_feeling:::plausible and very likely				character_appraisal:::plausible and somewhat likely				stance:::plausible and somewhat likely				
67686162ff8e505d86353187	e63pb4v		overall_goal:::plausible and somewhat likely				narrative_intent:::plausible and somewhat likely				author_emotional_response:::plausible and very likely					causal_explanation:::plausible and very likely				prediction:::plausible and very likely			moral:::plausible and somewhat likely				narrative_feeling:::plausible and very likely					aesthetic_feeling:::plausible and very likely				character_appraisal:::plausible and somewhat likely			stance:::plausible and very likely					
67686162ff8e505d86353187	Contextual-Reasoning-about-Narrative-Intents-and-Reactions-consent.html																																									I am age 18 or older.:::Yes	I have read and understand the information above.:::Yes	I want to participate in this research and continue with the study.:::Yes
67253674cbd9660a78160144	e5uodz0				overall_goal:::plausible but somewhat unlikely		narrative_intent:::plausible and somewhat likely						author_emotional_response:::plausible but somewhat unlikely	causal_explanation:::implausible or very unlikely						prediction:::plausible and very likely				moral:::plausible and very likely				narrative_feeling:::plausible and somewhat likely			aesthetic_feeling:::plausible and somewhat likely			character_appraisal:::implausible or very unlikely					stance:::plausible and very likely					
67253674cbd9660a78160144	e63pb4v			overall_goal:::plausible and very likely				narrative_intent:::plausible and very likely		author_emotional_response:::implausible or very unlikely					causal_explanation:::plausible and somewhat likely					prediction:::plausible and very likely				moral:::plausible and very likely		narrative_feeling:::implausible or very unlikely					aesthetic_feeling:::plausible and somewhat likely						character_appraisal:::plausible but somewhat unlikely	stance:::implausible or very unlikely						
67253674cbd9660a78160144	Contextual-Reasoning-about-Narrative-Intents-and-Reactions-consent.html																																									I am age 18 or older.:::Yes	I have read and understand the information above.:::Yes	I want to participate in this research and continue with the study.:::Yes
67a5f11bc9d44aa78232f05c	e59vdjz			overall_goal:::plausible and very likely			narrative_intent:::plausible and somewhat likely					author_emotional_response:::plausible and somewhat likely				causal_explanation:::plausible and very likely		prediction:::implausible or very unlikely							moral:::plausible but somewhat unlikely				narrative_feeling:::plausible but somewhat unlikely		aesthetic_feeling:::plausible and somewhat likely					character_appraisal:::plausible and somewhat likely				stance:::plausible and somewhat likely				
67a5f11bc9d44aa78232f05c	Contextual-Reasoning-about-Narrative-Intents-and-Reactions-consent.html																																									I am age 18 or older.:::Yes	I have read and understand the information above.:::Yes	I want to participate in this research and continue with the study.:::Yes
5c663cd56fdc87000162e255	e59vdjz			overall_goal:::plausible and very likely			narrative_intent:::plausible and somewhat likely					author_emotional_response:::plausible and somewhat likely			causal_explanation:::plausible and somewhat likely			prediction:::implausible or very unlikely					moral:::plausible and somewhat likely					narrative_feeling:::plausible and somewhat likely			aesthetic_feeling:::plausible and somewhat likely				character_appraisal:::plausible and very likely					stance:::plausible and somewhat likely				
5c663cd56fdc87000162e255	e5kb6pv			overall_goal:::plausible and very likely					narrative_intent:::plausible but somewhat unlikely		author_emotional_response:::plausible and very likely			causal_explanation:::implausible or very unlikely					prediction:::plausible and somewhat likely					moral:::plausible and very likely				narrative_feeling:::plausible and somewhat likely			aesthetic_feeling:::plausible and somewhat likely				character_appraisal:::plausible and very likely						stance:::plausible but somewhat unlikely			
5c663cd56fdc87000162e255	Contextual-Reasoning-about-Narrative-Intents-and-Reactions-consent.html																																									I am age 18 or older.:::Yes	I have read and understand the information above.:::Yes	I want to participate in this research and continue with the study.:::Yes
67cd94b40682dece16344252	e5whmc2	overall_goal:::implausible or very unlikely						narrative_intent:::plausible and very likely				author_emotional_response:::plausible and somewhat likely			causal_explanation:::plausible and somewhat likely					prediction:::plausible and very likely				moral:::plausible and very likely				narrative_feeling:::plausible and somewhat likely				aesthetic_feeling:::plausible and very likely			character_appraisal:::plausible and very likely				stance:::plausible and very likely					
67cd94b40682dece16344252	Contextual-Reasoning-about-Narrative-Intents-and-Reactions-consent.html																																									I am age 18 or older.:::Yes	I have read and understand the information above.:::Yes	I want to participate in this research and continue with the study.:::Yes
67cd94b40682dece16344252	e5nh5ma			overall_goal:::plausible and very likely			narrative_intent:::plausible and somewhat likely						author_emotional_response:::plausible but somewhat unlikely			causal_explanation:::plausible and very likely			prediction:::plausible and somewhat likely					moral:::plausible and very likely				narrative_feeling:::plausible and somewhat likely				aesthetic_feeling:::plausible and very likely				character_appraisal:::plausible and somewhat likely		stance:::implausible or very unlikely						
655f97cd4f1c17ae262fd0fa	e5whmc2				overall_goal:::plausible but somewhat unlikely			narrative_intent:::plausible and very likely					author_emotional_response:::plausible but somewhat unlikely			causal_explanation:::plausible and very likely				prediction:::plausible and very likely			moral:::plausible and somewhat likely					narrative_feeling:::plausible and somewhat likely				aesthetic_feeling:::plausible and very likely				character_appraisal:::plausible and somewhat likely		stance:::implausible or very unlikely						
655f97cd4f1c17ae262fd0fa	Contextual-Reasoning-about-Narrative-Intents-and-Reactions-consent.html																																									I am age 18 or older.:::Yes	I have read and understand the information above.:::Yes	I want to participate in this research and continue with the study.:::Yes
655f97cd4f1c17ae262fd0fa	e5nh5ma			overall_goal:::plausible and very likely			narrative_intent:::plausible and somewhat likely						author_emotional_response:::plausible but somewhat unlikely			causal_explanation:::plausible and very likely			prediction:::plausible and somewhat likely				moral:::plausible and somewhat likely				narrative_feeling:::plausible and very likely					aesthetic_feeling:::plausible and very likely					character_appraisal:::plausible but somewhat unlikely	stance:::implausible or very unlikely						
67d3b49259e028491a5de44c	e6ojw6g			overall_goal:::plausible and very likely				narrative_intent:::plausible and very likely				author_emotional_response:::plausible and somewhat likely				causal_explanation:::plausible and very likely				prediction:::plausible and very likely				moral:::plausible and very likely				narrative_feeling:::plausible and somewhat likely				aesthetic_feeling:::plausible and very likely			character_appraisal:::plausible and very likely				stance:::plausible and very likely					
67d3b49259e028491a5de44c	Contextual-Reasoning-about-Narrative-Intents-and-Reactions-consent.html																																									I am age 18 or older.:::Yes	I have read and understand the information above.:::Yes	I want to participate in this research and continue with the study.:::Yes
67d3b49259e028491a5de44c	e5kqztq			overall_goal:::plausible and very likely				narrative_intent:::plausible and very likely				author_emotional_response:::plausible and somewhat likely				causal_explanation:::plausible and very likely					prediction:::plausible but somewhat unlikely			moral:::plausible and very likely				narrative_feeling:::plausible and somewhat likely			aesthetic_feeling:::plausible and somewhat likely					character_appraisal:::plausible and somewhat likely			stance:::plausible and very likely					
682351e5764c5a12a75e2129	e6m5jcy		overall_goal:::plausible and somewhat likely				narrative_intent:::plausible and somewhat likely					author_emotional_response:::plausible and somewhat likely			causal_explanation:::plausible and somewhat likely				prediction:::plausible and somewhat likely				moral:::plausible and somewhat likely					narrative_feeling:::plausible and somewhat likely				aesthetic_feeling:::plausible and very likely				character_appraisal:::plausible and somewhat likely				stance:::plausible and somewhat likely				
682351e5764c5a12a75e2129	Contextual-Reasoning-about-Narrative-Intents-and-Reactions-consent.html																																									I am age 18 or older.:::Yes	I have read and understand the information above.:::Yes	I want to participate in this research and continue with the study.:::Yes
682351e5764c5a12a75e2129	e6emiyu		overall_goal:::plausible and somewhat likely						narrative_intent:::plausible but somewhat unlikely				author_emotional_response:::plausible but somewhat unlikely		causal_explanation:::plausible and somewhat likely						prediction:::plausible but somewhat unlikely		moral:::plausible and somewhat likely					narrative_feeling:::plausible and somewhat likely			aesthetic_feeling:::plausible and somewhat likely					character_appraisal:::plausible and somewhat likely				stance:::plausible and somewhat likely				
655f9bb3070d42d4bc67e866	e6m5jcy			overall_goal:::plausible and very likely				narrative_intent:::plausible and very likely			author_emotional_response:::plausible and very likely					causal_explanation:::plausible and very likely					prediction:::plausible but somewhat unlikely			moral:::plausible and very likely			narrative_feeling:::plausible and very likely					aesthetic_feeling:::plausible and very likely		character_appraisal:::implausible or very unlikely				stance:::implausible or very unlikely						
655f9bb3070d42d4bc67e866	Contextual-Reasoning-about-Narrative-Intents-and-Reactions-consent.html																																									I am age 18 or older.:::Yes	I have read and understand the information above.:::Yes	I want to participate in this research and continue with the study.:::Yes
655f9bb3070d42d4bc67e866	e6emiyu	overall_goal:::implausible or very unlikely				narrative_intent:::implausible or very unlikely				author_emotional_response:::implausible or very unlikely							causal_explanation:::plausible but somewhat unlikely				prediction:::plausible but somewhat unlikely			moral:::plausible and very likely					narrative_feeling:::plausible but somewhat unlikely			aesthetic_feeling:::plausible and very likely			character_appraisal:::plausible and very likely						stance:::plausible but somewhat unlikely			
6786ef06b18cba5787ac1aa8	e6082x7		overall_goal:::plausible and somewhat likely				narrative_intent:::plausible and somewhat likely				author_emotional_response:::plausible and very likely				causal_explanation:::plausible and somewhat likely					prediction:::plausible and very likely			moral:::plausible and somewhat likely				narrative_feeling:::plausible and very likely				aesthetic_feeling:::plausible and somewhat likely			character_appraisal:::implausible or very unlikely							stance:::plausible but somewhat unlikely			
6786ef06b18cba5787ac1aa8	e6jl9tp				overall_goal:::plausible but somewhat unlikely		narrative_intent:::plausible and somewhat likely				author_emotional_response:::plausible and very likely				causal_explanation:::plausible and somewhat likely				prediction:::plausible and somewhat likely					moral:::plausible and very likely				narrative_feeling:::plausible and somewhat likely				aesthetic_feeling:::plausible and very likely					character_appraisal:::plausible but somewhat unlikely				stance:::plausible but somewhat unlikely			
6786ef06b18cba5787ac1aa8	Contextual-Reasoning-about-Narrative-Intents-and-Reactions-consent.html																																									I am age 18 or older.:::Yes	I have read and understand the information above.:::Yes	I want to participate in this research and continue with the study.:::Yes
680ea31a5d3112894ff2b067	e6lrk0b	overall_goal:::implausible or very unlikely							narrative_intent:::plausible but somewhat unlikely		author_emotional_response:::plausible and very likely				causal_explanation:::plausible and somewhat likely						prediction:::plausible but somewhat unlikely		moral:::plausible and somewhat likely				narrative_feeling:::plausible and very likely				aesthetic_feeling:::plausible and somewhat likely						character_appraisal:::plausible but somewhat unlikely			stance:::plausible and somewhat likely				
680ea31a5d3112894ff2b067	Contextual-Reasoning-about-Narrative-Intents-and-Reactions-consent.html																																									I am age 18 or older.:::Yes	I have read and understand the information above.:::Yes	I want to participate in this research and continue with the study.:::Yes
680ea31a5d3112894ff2b067	e68ekfg		overall_goal:::plausible and somewhat likely						narrative_intent:::plausible but somewhat unlikely		author_emotional_response:::plausible and very likely				causal_explanation:::plausible and somewhat likely				prediction:::plausible and somewhat likely					moral:::plausible and very likely		narrative_feeling:::implausible or very unlikely						aesthetic_feeling:::plausible and very likely				character_appraisal:::plausible and somewhat likely				stance:::plausible and somewhat likely				
673fd65df63a840769d58897	e6lrk0b		overall_goal:::plausible and somewhat likely				narrative_intent:::plausible and somewhat likely					author_emotional_response:::plausible and somewhat likely			causal_explanation:::plausible and somewhat likely					prediction:::plausible and very likely			moral:::plausible and somewhat likely					narrative_feeling:::plausible and somewhat likely			aesthetic_feeling:::plausible and somewhat likely					character_appraisal:::plausible and somewhat likely				stance:::plausible and somewhat likely				
673fd65df63a840769d58897	Contextual-Reasoning-about-Narrative-Intents-and-Reactions-consent.html																																									I am age 18 or older.:::Yes	I have read and understand the information above.:::Yes	I want to participate in this research and continue with the study.:::Yes
673fd65df63a840769d58897	e68ekfg		overall_goal:::plausible and somewhat likely				narrative_intent:::plausible and somewhat likely						author_emotional_response:::plausible but somewhat unlikely		causal_explanation:::plausible and somewhat likely				prediction:::plausible and somewhat likely						moral:::plausible but somewhat unlikely			narrative_feeling:::plausible and somewhat likely			aesthetic_feeling:::plausible and somewhat likely					character_appraisal:::plausible and somewhat likely				stance:::plausible and somewhat likely				
673a4a4738521c3458ee43fb	e5ntstw			overall_goal:::plausible and very likely				narrative_intent:::plausible and very likely			author_emotional_response:::plausible and very likely					causal_explanation:::plausible and very likely				prediction:::plausible and very likely				moral:::plausible and very likely			narrative_feeling:::plausible and very likely				aesthetic_feeling:::plausible and somewhat likely			character_appraisal:::implausible or very unlikely					stance:::plausible and very likely					
673a4a4738521c3458ee43fb	9j1hpc			overall_goal:::plausible and very likely				narrative_intent:::plausible and very likely				author_emotional_response:::plausible and somewhat likely			causal_explanation:::plausible and somewhat likely					prediction:::plausible and very likely			moral:::plausible and somewhat likely					narrative_feeling:::plausible and somewhat likely			aesthetic_feeling:::plausible and somewhat likely					character_appraisal:::plausible and somewhat likely			stance:::plausible and very likely					
673a4a4738521c3458ee43fb	Contextual-Reasoning-about-Narrative-Intents-and-Reactions-consent.html																																									I am age 18 or older.:::Yes	I have read and understand the information above.:::Yes	I want to participate in this research and continue with the study.:::Yes
661b3eeea891251d71cf97d5	e5ntstw			overall_goal:::plausible and very likely				narrative_intent:::plausible and very likely			author_emotional_response:::plausible and very likely					causal_explanation:::plausible and very likely				prediction:::plausible and very likely				moral:::plausible and very likely			narrative_feeling:::plausible and very likely					aesthetic_feeling:::plausible and very likely		character_appraisal:::implausible or very unlikely					stance:::plausible and very likely					
661b3eeea891251d71cf97d5	9j1hpc			overall_goal:::plausible and very likely				narrative_intent:::plausible and very likely			author_emotional_response:::plausible and very likely					causal_explanation:::plausible and very likely				prediction:::plausible and very likely				moral:::plausible and very likely			narrative_feeling:::plausible and very likely					aesthetic_feeling:::plausible and very likely			character_appraisal:::plausible and very likely				stance:::plausible and very likely					
661b3eeea891251d71cf97d5	Contextual-Reasoning-about-Narrative-Intents-and-Reactions-consent.html																																									I am age 18 or older.:::Yes	I have read and understand the information above.:::Yes	I want to participate in this research and continue with the study.:::Yes
67c63afd19ef46deb942f263	9it4if			overall_goal:::plausible and very likely				narrative_intent:::plausible and very likely			author_emotional_response:::plausible and very likely					causal_explanation:::plausible and very likely			prediction:::plausible and somewhat likely				moral:::plausible and somewhat likely				narrative_feeling:::plausible and very likely			aesthetic_feeling:::implausible or very unlikely					character_appraisal:::plausible and very likely					stance:::plausible and somewhat likely				
67c63afd19ef46deb942f263	e5qjdxc			overall_goal:::plausible and very likely				narrative_intent:::plausible and very likely		author_emotional_response:::implausible or very unlikely						causal_explanation:::plausible and very likely			prediction:::plausible and somewhat likely				moral:::plausible and somewhat likely				narrative_feeling:::plausible and very likely					aesthetic_feeling:::plausible and very likely				character_appraisal:::plausible and somewhat likely			stance:::plausible and very likely					
67c63afd19ef46deb942f263	Contextual-Reasoning-about-Narrative-Intents-and-Reactions-consent.html																																									I am age 18 or older.:::Yes	I have read and understand the information above.:::Yes	I want to participate in this research and continue with the study.:::Yes
67ef1974a5029de6ca1006fc	9it4if		overall_goal:::plausible and somewhat likely				narrative_intent:::plausible and somewhat likely						author_emotional_response:::plausible but somewhat unlikely				causal_explanation:::plausible but somewhat unlikely		prediction:::plausible and somewhat likely				moral:::plausible and somewhat likely						narrative_feeling:::plausible but somewhat unlikely				aesthetic_feeling:::plausible but somewhat unlikely				character_appraisal:::plausible but somewhat unlikely			stance:::plausible and somewhat likely				
67ef1974a5029de6ca1006fc	e5qjdxc		overall_goal:::plausible and somewhat likely						narrative_intent:::plausible but somewhat unlikely				author_emotional_response:::plausible but somewhat unlikely		causal_explanation:::plausible and somewhat likely						prediction:::plausible but somewhat unlikely				moral:::plausible but somewhat unlikely			narrative_feeling:::plausible and somewhat likely			aesthetic_feeling:::plausible and somewhat likely					character_appraisal:::plausible and somewhat likely				stance:::plausible and somewhat likely				
67ef1974a5029de6ca1006fc	Contextual-Reasoning-about-Narrative-Intents-and-Reactions-consent.html																																									I am age 18 or older.:::Yes	I have read and understand the information above.:::Yes	I want to participate in this research and continue with the study.:::Yes
673a45234c5d639c22265c51	e637z6v		overall_goal:::plausible and somewhat likely				narrative_intent:::plausible and somewhat likely					author_emotional_response:::plausible and somewhat likely			causal_explanation:::plausible and somewhat likely				prediction:::plausible and somewhat likely					moral:::plausible and very likely				narrative_feeling:::plausible and somewhat likely		aesthetic_feeling:::implausible or very unlikely							character_appraisal:::plausible but somewhat unlikely		stance:::plausible and very likely					
673a45234c5d639c22265c51	e61may9			overall_goal:::plausible and very likely		narrative_intent:::implausible or very unlikely						author_emotional_response:::plausible and somewhat likely			causal_explanation:::plausible and somewhat likely				prediction:::plausible and somewhat likely				moral:::plausible and somewhat likely					narrative_feeling:::plausible and somewhat likely			aesthetic_feeling:::plausible and somewhat likely					character_appraisal:::plausible and somewhat likely					stance:::plausible but somewhat unlikely			
673a45234c5d639c22265c51	Contextual-Reasoning-about-Narrative-Intents-and-Reactions-consent.html																																									I am age 18 or older.:::Yes	I have read and understand the information above.:::Yes	I want to participate in this research and continue with the study.:::Yes
660338e4a1acbad65a2955ec	e637z6v	overall_goal:::implausible or very unlikely					narrative_intent:::plausible and somewhat likely						author_emotional_response:::plausible but somewhat unlikely				causal_explanation:::plausible but somewhat unlikely		prediction:::plausible and somewhat likely						moral:::plausible but somewhat unlikely	narrative_feeling:::implausible or very unlikely					aesthetic_feeling:::plausible and somewhat likely					character_appraisal:::plausible and somewhat likely				stance:::plausible and somewhat likely				
660338e4a1acbad65a2955ec	e61may9		overall_goal:::plausible and somewhat likely						narrative_intent:::plausible but somewhat unlikely			author_emotional_response:::plausible and somewhat likely			causal_explanation:::plausible and somewhat likely					prediction:::plausible and very likely					moral:::plausible but somewhat unlikely				narrative_feeling:::plausible but somewhat unlikely		aesthetic_feeling:::plausible and somewhat likely					character_appraisal:::plausible and somewhat likely			stance:::plausible and very likely					
660338e4a1acbad65a2955ec	Contextual-Reasoning-about-Narrative-Intents-and-Reactions-consent.html																																									I am age 18 or older.:::Yes	I have read and understand the information above.:::Yes	I want to participate in this research and continue with the study.:::Yes
6772be1363ec1102cc8bc48d	e5tygp4		overall_goal:::plausible and somewhat likely						narrative_intent:::plausible but somewhat unlikely			author_emotional_response:::plausible and somewhat likely			causal_explanation:::plausible and somewhat likely				prediction:::plausible and somewhat likely						moral:::plausible but somewhat unlikely	narrative_feeling:::implausible or very unlikely					aesthetic_feeling:::plausible and somewhat likely						character_appraisal:::plausible but somewhat unlikely		stance:::plausible and very likely					
6772be1363ec1102cc8bc48d	Contextual-Reasoning-about-Narrative-Intents-and-Reactions-consent.html																																									I am age 18 or older.:::Yes	I have read and understand the information above.:::Yes	I want to participate in this research and continue with the study.:::Yes
6772be1363ec1102cc8bc48d	e6nfr50		overall_goal:::plausible and somewhat likely				narrative_intent:::plausible and somewhat likely						author_emotional_response:::plausible but somewhat unlikely		causal_explanation:::plausible and somewhat likely						prediction:::plausible but somewhat unlikely			moral:::plausible and very likely				narrative_feeling:::plausible and somewhat likely					aesthetic_feeling:::plausible but somewhat unlikely				character_appraisal:::plausible but somewhat unlikely				stance:::plausible but somewhat unlikely			
682394e6a122eee9724fc51d	e5tygp4		overall_goal:::plausible and somewhat likely						narrative_intent:::plausible but somewhat unlikely	author_emotional_response:::implausible or very unlikely					causal_explanation:::plausible and somewhat likely				prediction:::plausible and somewhat likely					moral:::plausible and very likely		narrative_feeling:::implausible or very unlikely					aesthetic_feeling:::plausible and somewhat likely						character_appraisal:::plausible but somewhat unlikely			stance:::plausible and somewhat likely				
682394e6a122eee9724fc51d	Contextual-Reasoning-about-Narrative-Intents-and-Reactions-consent.html																																									I am age 18 or older.:::Yes	I have read and understand the information above.:::Yes	I want to participate in this research and continue with the study.:::Yes
682394e6a122eee9724fc51d	e6nfr50			overall_goal:::plausible and very likely				narrative_intent:::plausible and very likely				author_emotional_response:::plausible and somewhat likely				causal_explanation:::plausible and very likely			prediction:::plausible and somewhat likely					moral:::plausible and very likely			narrative_feeling:::plausible and very likely					aesthetic_feeling:::plausible and very likely					character_appraisal:::plausible but somewhat unlikely		stance:::plausible and very likely					
5c82da3d1dcc91001491b639	e5t2uje			overall_goal:::plausible and very likely				narrative_intent:::plausible and very likely			author_emotional_response:::plausible and very likely				causal_explanation:::plausible and somewhat likely					prediction:::plausible and very likely				moral:::plausible and very likely			narrative_feeling:::plausible and very likely			aesthetic_feeling:::implausible or very unlikely					character_appraisal:::plausible and very likely				stance:::plausible and very likely					
5c82da3d1dcc91001491b639	e6jlkte			overall_goal:::plausible and very likely			narrative_intent:::plausible and somewhat likely					author_emotional_response:::plausible and somewhat likely					causal_explanation:::plausible but somewhat unlikely				prediction:::plausible but somewhat unlikely		moral:::plausible and somewhat likely					narrative_feeling:::plausible and somewhat likely				aesthetic_feeling:::plausible and very likely					character_appraisal:::plausible but somewhat unlikely		stance:::plausible and very likely					
5c82da3d1dcc91001491b639	Contextual-Reasoning-about-Narrative-Intents-and-Reactions-consent.html																																									I am age 18 or older.:::Yes	I have read and understand the information above.:::Yes	I want to participate in this research and continue with the study.:::Yes
6734c699d11234d19b0be0ec	e57lfvq			overall_goal:::plausible and very likely			narrative_intent:::plausible and somewhat likely				author_emotional_response:::plausible and very likely						causal_explanation:::plausible but somewhat unlikely			prediction:::plausible and very likely				moral:::plausible and very likely			narrative_feeling:::plausible and very likely				aesthetic_feeling:::plausible and somewhat likely				character_appraisal:::plausible and very likely					stance:::plausible and somewhat likely				
6734c699d11234d19b0be0ec	e6q77r3			overall_goal:::plausible and very likely			narrative_intent:::plausible and somewhat likely				author_emotional_response:::plausible and very likely				causal_explanation:::plausible and somewhat likely				prediction:::plausible and somewhat likely					moral:::plausible and very likely				narrative_feeling:::plausible and somewhat likely				aesthetic_feeling:::plausible and very likely				character_appraisal:::plausible and somewhat likely			stance:::plausible and very likely					
6734c699d11234d19b0be0ec	Contextual-Reasoning-about-Narrative-Intents-and-Reactions-consent.html																																									I am age 18 or older.:::Yes	I have read and understand the information above.:::Yes	I want to participate in this research and continue with the study.:::Yes
5640c041074be6000a5e997e	e57lfvq		overall_goal:::plausible and somewhat likely			narrative_intent:::implausible or very unlikely						author_emotional_response:::plausible and somewhat likely			causal_explanation:::plausible and somewhat likely				prediction:::plausible and somewhat likely						moral:::plausible but somewhat unlikely			narrative_feeling:::plausible and somewhat likely		aesthetic_feeling:::implausible or very unlikely							character_appraisal:::plausible but somewhat unlikely			stance:::plausible and somewhat likely				
5640c041074be6000a5e997e	e6q77r3		overall_goal:::plausible and somewhat likely					narrative_intent:::plausible and very likely		author_emotional_response:::implausible or very unlikely					causal_explanation:::plausible and somewhat likely						prediction:::plausible but somewhat unlikely				moral:::plausible but somewhat unlikely			narrative_feeling:::plausible and somewhat likely					aesthetic_feeling:::plausible but somewhat unlikely			character_appraisal:::plausible and somewhat likely				stance:::plausible and somewhat likely				
5640c041074be6000a5e997e	Contextual-Reasoning-about-Narrative-Intents-and-Reactions-consent.html																																									I am age 18 or older.:::Yes	I have read and understand the information above.:::Yes	I want to participate in this research and continue with the study.:::Yes
6811dfb624e0c34cfe6d1e2b	e5t74fu		overall_goal:::plausible and somewhat likely				narrative_intent:::plausible and somewhat likely					author_emotional_response:::plausible and somewhat likely			causal_explanation:::plausible and somewhat likely				prediction:::plausible and somewhat likely				moral:::plausible and somewhat likely					narrative_feeling:::plausible and somewhat likely			aesthetic_feeling:::plausible and somewhat likely					character_appraisal:::plausible and somewhat likely				stance:::plausible and somewhat likely				
6811dfb624e0c34cfe6d1e2b	Contextual-Reasoning-about-Narrative-Intents-and-Reactions-consent.html																																									I am age 18 or older.:::Yes	I have read and understand the information above.:::Yes	I want to participate in this research and continue with the study.:::Yes
6811dfb624e0c34cfe6d1e2b	e5zg12c	overall_goal:::implausible or very unlikely					narrative_intent:::plausible and somewhat likely						author_emotional_response:::plausible but somewhat unlikely	causal_explanation:::implausible or very unlikely					prediction:::plausible and somewhat likely				moral:::plausible and somewhat likely						narrative_feeling:::plausible but somewhat unlikely				aesthetic_feeling:::plausible but somewhat unlikely				character_appraisal:::plausible but somewhat unlikely				stance:::plausible but somewhat unlikely			
674b42e0550b2d74028f16f2	e6jopi2		overall_goal:::plausible and somewhat likely						narrative_intent:::plausible but somewhat unlikely				author_emotional_response:::plausible but somewhat unlikely		causal_explanation:::plausible and somewhat likely				prediction:::plausible and somewhat likely				moral:::plausible and somewhat likely					narrative_feeling:::plausible and somewhat likely			aesthetic_feeling:::plausible and somewhat likely				character_appraisal:::plausible and very likely				stance:::plausible and very likely					
674b42e0550b2d74028f16f2	e6lszfu			overall_goal:::plausible and very likely			narrative_intent:::plausible and somewhat likely					author_emotional_response:::plausible and somewhat likely			causal_explanation:::plausible and somewhat likely				prediction:::plausible and somewhat likely						moral:::plausible but somewhat unlikely			narrative_feeling:::plausible and somewhat likely			aesthetic_feeling:::plausible and somewhat likely					character_appraisal:::plausible and somewhat likely				stance:::plausible and somewhat likely				
674b42e0550b2d74028f16f2	Contextual-Reasoning-about-Narrative-Intents-and-Reactions-consent.html																																									I am age 18 or older.:::Yes	I have read and understand the information above.:::Yes	I want to participate in this research and continue with the study.:::Yes
659584067824b64f084b6c76	e6jopi2	overall_goal:::implausible or very unlikely				narrative_intent:::implausible or very unlikely						author_emotional_response:::plausible and somewhat likely					causal_explanation:::plausible but somewhat unlikely			prediction:::plausible and very likely			moral:::plausible and somewhat likely						narrative_feeling:::plausible but somewhat unlikely			aesthetic_feeling:::plausible and very likely			character_appraisal:::plausible and very likely				stance:::plausible and very likely					
659584067824b64f084b6c76	e6lszfu		overall_goal:::plausible and somewhat likely				narrative_intent:::plausible and somewhat likely				author_emotional_response:::plausible and very likely						causal_explanation:::plausible but somewhat unlikely			prediction:::plausible and very likely		moral:::implausible or very unlikely							narrative_feeling:::plausible but somewhat unlikely			aesthetic_feeling:::plausible and very likely				character_appraisal:::plausible and somewhat likely			stance:::plausible and very likely					
659584067824b64f084b6c76	Contextual-Reasoning-about-Narrative-Intents-and-Reactions-consent.html																																									I am age 18 or older.:::Yes	I have read and understand the information above.:::Yes	I want to participate in this research and continue with the study.:::Yes
67edb75b0744561f1cf6ff9d	9job99		overall_goal:::plausible and somewhat likely				narrative_intent:::plausible and somewhat likely					author_emotional_response:::plausible and somewhat likely			causal_explanation:::plausible and somewhat likely				prediction:::plausible and somewhat likely				moral:::plausible and somewhat likely					narrative_feeling:::plausible and somewhat likely			aesthetic_feeling:::plausible and somewhat likely					character_appraisal:::plausible and somewhat likely				stance:::plausible and somewhat likely				
67edb75b0744561f1cf6ff9d	e5epqm3		overall_goal:::plausible and somewhat likely				narrative_intent:::plausible and somewhat likely						author_emotional_response:::plausible but somewhat unlikely		causal_explanation:::plausible and somewhat likely				prediction:::plausible and somewhat likely				moral:::plausible and somewhat likely					narrative_feeling:::plausible and somewhat likely			aesthetic_feeling:::plausible and somewhat likely					character_appraisal:::plausible and somewhat likely				stance:::plausible and somewhat likely				
67edb75b0744561f1cf6ff9d	Contextual-Reasoning-about-Narrative-Intents-and-Reactions-consent.html																																									I am age 18 or older.:::Yes	I have read and understand the information above.:::Yes	I want to participate in this research and continue with the study.:::Yes
67db775487217185bae3c844	e5d48vs			overall_goal:::plausible and very likely				narrative_intent:::plausible and very likely			author_emotional_response:::plausible and very likely					causal_explanation:::plausible and very likely			prediction:::plausible and somewhat likely					moral:::plausible and very likely		narrative_feeling:::implausible or very unlikely					aesthetic_feeling:::plausible and somewhat likely					character_appraisal:::plausible and somewhat likely			stance:::plausible and very likely					
67db775487217185bae3c844	e57j7c4			overall_goal:::plausible and very likely				narrative_intent:::plausible and very likely				author_emotional_response:::plausible and somewhat likely				causal_explanation:::plausible and very likely			prediction:::plausible and somewhat likely					moral:::plausible and very likely		narrative_feeling:::implausible or very unlikely					aesthetic_feeling:::plausible and somewhat likely					character_appraisal:::plausible and somewhat likely				stance:::plausible and somewhat likely				
67db775487217185bae3c844	Contextual-Reasoning-about-Narrative-Intents-and-Reactions-consent.html																																									I am age 18 or older.:::Yes	I have read and understand the information above.:::Yes	I want to participate in this research and continue with the study.:::Yes
673901e7ad5a83e48d989ff3	e5d48vs				overall_goal:::plausible but somewhat unlikely				narrative_intent:::plausible but somewhat unlikely			author_emotional_response:::plausible and somewhat likely			causal_explanation:::plausible and somewhat likely						prediction:::plausible but somewhat unlikely		moral:::plausible and somewhat likely					narrative_feeling:::plausible and somewhat likely			aesthetic_feeling:::plausible and somewhat likely					character_appraisal:::plausible and somewhat likely					stance:::plausible but somewhat unlikely			
673901e7ad5a83e48d989ff3	e57j7c4		overall_goal:::plausible and somewhat likely						narrative_intent:::plausible but somewhat unlikely			author_emotional_response:::plausible and somewhat likely					causal_explanation:::plausible but somewhat unlikely				prediction:::plausible but somewhat unlikely				moral:::plausible but somewhat unlikely				narrative_feeling:::plausible but somewhat unlikely		aesthetic_feeling:::plausible and somewhat likely					character_appraisal:::plausible and somewhat likely				stance:::plausible and somewhat likely				
673901e7ad5a83e48d989ff3	Contextual-Reasoning-about-Narrative-Intents-and-Reactions-consent.html																																									I am age 18 or older.:::Yes	I have read and understand the information above.:::Yes	I want to participate in this research and continue with the study.:::Yes
67d3047928d1b4f6d6f90ca2	e6a8us5		overall_goal:::plausible and somewhat likely				narrative_intent:::plausible and somewhat likely				author_emotional_response:::plausible and very likely					causal_explanation:::plausible and very likely			prediction:::plausible and somewhat likely				moral:::plausible and somewhat likely			narrative_feeling:::implausible or very unlikely					aesthetic_feeling:::plausible and somewhat likely						character_appraisal:::plausible but somewhat unlikely			stance:::plausible and somewhat likely				
67d3047928d1b4f6d6f90ca2	e6nf44c		overall_goal:::plausible and somewhat likely				narrative_intent:::plausible and somewhat likely						author_emotional_response:::plausible but somewhat unlikely		causal_explanation:::plausible and somewhat likely						prediction:::plausible but somewhat unlikely		moral:::plausible and somewhat likely				narrative_feeling:::plausible and very likely				aesthetic_feeling:::plausible and somewhat likely				character_appraisal:::plausible and very likely						stance:::plausible but somewhat unlikely			
67d3047928d1b4f6d6f90ca2	Contextual-Reasoning-about-Narrative-Intents-and-Reactions-consent.html																																									I am age 18 or older.:::Yes	I have read and understand the information above.:::Yes	I want to participate in this research and continue with the study.:::Yes
5d58b018a0c0940001a47057	e6a8us5			overall_goal:::plausible and very likely				narrative_intent:::plausible and very likely			author_emotional_response:::plausible and very likely						causal_explanation:::plausible but somewhat unlikely		prediction:::plausible and somewhat likely						moral:::plausible but somewhat unlikely				narrative_feeling:::plausible but somewhat unlikely		aesthetic_feeling:::plausible and somewhat likely					character_appraisal:::plausible and somewhat likely		stance:::implausible or very unlikely						
5d58b018a0c0940001a47057	e6nf44c		overall_goal:::plausible and somewhat likely			narrative_intent:::implausible or very unlikely						author_emotional_response:::plausible and somewhat likely			causal_explanation:::plausible and somewhat likely			prediction:::implausible or very unlikely					moral:::plausible and somewhat likely						narrative_feeling:::plausible but somewhat unlikely		aesthetic_feeling:::plausible and somewhat likely					character_appraisal:::plausible and somewhat likely					stance:::plausible but somewhat unlikely			
5d58b018a0c0940001a47057	Contextual-Reasoning-about-Narrative-Intents-and-Reactions-consent.html																																									I am age 18 or older.:::Yes	I have read and understand the information above.:::Yes	I want to participate in this research and continue with the study.:::Yes
67e7104b9a192e805dad4634	e6cdhkk		overall_goal:::plausible and somewhat likely				narrative_intent:::plausible and somewhat likely						author_emotional_response:::plausible but somewhat unlikely		causal_explanation:::plausible and somewhat likely				prediction:::plausible and somewhat likely				moral:::plausible and somewhat likely						narrative_feeling:::plausible but somewhat unlikely		aesthetic_feeling:::plausible and somewhat likely					character_appraisal:::plausible and somewhat likely				stance:::plausible and somewhat likely				
67e7104b9a192e805dad4634	Contextual-Reasoning-about-Narrative-Intents-and-Reactions-consent.html																																									I am age 18 or older.:::Yes	I have read and understand the information above.:::Yes	I want to participate in this research and continue with the study.:::Yes
67e7104b9a192e805dad4634	e6r81fb				overall_goal:::plausible but somewhat unlikely				narrative_intent:::plausible but somewhat unlikely				author_emotional_response:::plausible but somewhat unlikely				causal_explanation:::plausible but somewhat unlikely				prediction:::plausible but somewhat unlikely		moral:::plausible and somewhat likely						narrative_feeling:::plausible but somewhat unlikely		aesthetic_feeling:::plausible and somewhat likely					character_appraisal:::plausible and somewhat likely				stance:::plausible and somewhat likely				
67322550bd5dfa0cd2958366	e6cdhkk				overall_goal:::plausible but somewhat unlikely			narrative_intent:::plausible and very likely				author_emotional_response:::plausible and somewhat likely				causal_explanation:::plausible and very likely				prediction:::plausible and very likely				moral:::plausible and very likely			narrative_feeling:::plausible and very likely					aesthetic_feeling:::plausible and very likely			character_appraisal:::plausible and very likely						stance:::plausible but somewhat unlikely			
67322550bd5dfa0cd2958366	Contextual-Reasoning-about-Narrative-Intents-and-Reactions-consent.html																																									I am age 18 or older.:::Yes	I have read and understand the information above.:::Yes	I want to participate in this research and continue with the study.:::Yes
67322550bd5dfa0cd2958366	e6r81fb		overall_goal:::plausible and somewhat likely				narrative_intent:::plausible and somewhat likely					author_emotional_response:::plausible and somewhat likely				causal_explanation:::plausible and very likely			prediction:::plausible and somewhat likely				moral:::plausible and somewhat likely				narrative_feeling:::plausible and very likely				aesthetic_feeling:::plausible and somewhat likely					character_appraisal:::plausible and somewhat likely		stance:::implausible or very unlikely						
5fd0dc0d8dae67016ed65a54	9fhhk2			overall_goal:::plausible and very likely				narrative_intent:::plausible and very likely			author_emotional_response:::plausible and very likely			causal_explanation:::implausible or very unlikely					prediction:::plausible and somewhat likely					moral:::plausible and very likely			narrative_feeling:::plausible and very likely					aesthetic_feeling:::plausible and very likely			character_appraisal:::plausible and very likely					stance:::plausible and somewhat likely				
5fd0dc0d8dae67016ed65a54	e6enttu			overall_goal:::plausible and very likely				narrative_intent:::plausible and very likely			author_emotional_response:::plausible and very likely					causal_explanation:::plausible and very likely				prediction:::plausible and very likely				moral:::plausible and very likely		narrative_feeling:::implausible or very unlikely						aesthetic_feeling:::plausible and very likely			character_appraisal:::plausible and very likely				stance:::plausible and very likely					
5fd0dc0d8dae67016ed65a54	Contextual-Reasoning-about-Narrative-Intents-and-Reactions-consent.html																																									I am age 18 or older.:::Yes	I have read and understand the information above.:::Yes	I want to participate in this research and continue with the study.:::Yes
5c23c03889f035000173d7d7	e6n70d2		overall_goal:::plausible and somewhat likely						narrative_intent:::plausible but somewhat unlikely			author_emotional_response:::plausible and somewhat likely				causal_explanation:::plausible and very likely			prediction:::plausible and somewhat likely					moral:::plausible and very likely			narrative_feeling:::plausible and very likely					aesthetic_feeling:::plausible and very likely				character_appraisal:::plausible and somewhat likely				stance:::plausible and somewhat likely				
5c23c03889f035000173d7d7	Contextual-Reasoning-about-Narrative-Intents-and-Reactions-consent.html																																									I am age 18 or older.:::Yes	I have read and understand the information above.:::Yes	I want to participate in this research and continue with the study.:::Yes
5c23c03889f035000173d7d7	e5yv7ax		overall_goal:::plausible and somewhat likely				narrative_intent:::plausible and somewhat likely						author_emotional_response:::plausible but somewhat unlikely	causal_explanation:::implausible or very unlikely					prediction:::plausible and somewhat likely				moral:::plausible and somewhat likely				narrative_feeling:::plausible and very likely				aesthetic_feeling:::plausible and somewhat likely					character_appraisal:::plausible and somewhat likely				stance:::plausible and somewhat likely				
673b5af372053fd337ec2b07	e6n70d2				overall_goal:::plausible but somewhat unlikely				narrative_intent:::plausible but somewhat unlikely				author_emotional_response:::plausible but somewhat unlikely				causal_explanation:::plausible but somewhat unlikely				prediction:::plausible but somewhat unlikely				moral:::plausible but somewhat unlikely				narrative_feeling:::plausible but somewhat unlikely				aesthetic_feeling:::plausible but somewhat unlikely				character_appraisal:::plausible but somewhat unlikely				stance:::plausible but somewhat unlikely			
673b5af372053fd337ec2b07	Contextual-Reasoning-about-Narrative-Intents-and-Reactions-consent.html																																									I am age 18 or older.:::Yes	I have read and understand the information above.:::Yes	I want to participate in this research and continue with the study.:::Yes
673b5af372053fd337ec2b07	e5yv7ax		overall_goal:::plausible and somewhat likely				narrative_intent:::plausible and somewhat likely					author_emotional_response:::plausible and somewhat likely			causal_explanation:::plausible and somewhat likely				prediction:::plausible and somewhat likely				moral:::plausible and somewhat likely					narrative_feeling:::plausible and somewhat likely			aesthetic_feeling:::plausible and somewhat likely					character_appraisal:::plausible and somewhat likely					stance:::plausible but somewhat unlikely			
67d48b7362db1d5aa25093c4	e6hk6xd				overall_goal:::plausible but somewhat unlikely		narrative_intent:::plausible and somewhat likely						author_emotional_response:::plausible but somewhat unlikely	causal_explanation:::implausible or very unlikely						prediction:::plausible and very likely		moral:::implausible or very unlikely						narrative_feeling:::plausible and somewhat likely				aesthetic_feeling:::plausible and very likely				character_appraisal:::plausible and somewhat likely					stance:::plausible but somewhat unlikely			
67d48b7362db1d5aa25093c4	Contextual-Reasoning-about-Narrative-Intents-and-Reactions-consent.html																																									I am age 18 or older.:::Yes	I have read and understand the information above.:::Yes	I want to participate in this research and continue with the study.:::Yes
67d48b7362db1d5aa25093c4	e6p0wxp				overall_goal:::plausible but somewhat unlikely		narrative_intent:::plausible and somewhat likely				author_emotional_response:::plausible and very likely			causal_explanation:::implausible or very unlikely				prediction:::implausible or very unlikely							moral:::plausible but somewhat unlikely			narrative_feeling:::plausible and somewhat likely				aesthetic_feeling:::plausible and very likely			character_appraisal:::plausible and very likely				stance:::plausible and very likely					
674b46b00690584bddd6e33b	e6hk6xd		overall_goal:::plausible and somewhat likely					narrative_intent:::plausible and very likely				author_emotional_response:::plausible and somewhat likely		causal_explanation:::implausible or very unlikely						prediction:::plausible and very likely				moral:::plausible and very likely				narrative_feeling:::plausible and somewhat likely				aesthetic_feeling:::plausible and very likely			character_appraisal:::plausible and very likely				stance:::plausible and very likely					
674b46b00690584bddd6e33b	Contextual-Reasoning-about-Narrative-Intents-and-Reactions-consent.html																																									I am age 18 or older.:::Yes	I have read and understand the information above.:::Yes	I want to participate in this research and continue with the study.:::Yes
674b46b00690584bddd6e33b	e6p0wxp			overall_goal:::plausible and very likely					narrative_intent:::plausible but somewhat unlikely	author_emotional_response:::implausible or very unlikely						causal_explanation:::plausible and very likely			prediction:::plausible and somewhat likely					moral:::plausible and very likely		narrative_feeling:::implausible or very unlikely						aesthetic_feeling:::plausible and very likely				character_appraisal:::plausible and somewhat likely			stance:::plausible and very likely					
66bcffc3e6f77501141b3d0f	e5canpe			overall_goal:::plausible and very likely		narrative_intent:::implausible or very unlikely					author_emotional_response:::plausible and very likely					causal_explanation:::plausible and very likely				prediction:::plausible and very likely				moral:::plausible and very likely			narrative_feeling:::plausible and very likely					aesthetic_feeling:::plausible and very likely				character_appraisal:::plausible and somewhat likely				stance:::plausible and somewhat likely				
66bcffc3e6f77501141b3d0f	e5ugyed			overall_goal:::plausible and very likely				narrative_intent:::plausible and very likely			author_emotional_response:::plausible and very likely					causal_explanation:::plausible and very likely			prediction:::plausible and somewhat likely					moral:::plausible and very likely			narrative_feeling:::plausible and very likely			aesthetic_feeling:::implausible or very unlikely					character_appraisal:::plausible and very likely				stance:::plausible and very likely					
66bcffc3e6f77501141b3d0f	Contextual-Reasoning-about-Narrative-Intents-and-Reactions-consent.html																																									I am age 18 or older.:::Yes	I have read and understand the information above.:::Yes	I want to participate in this research and continue with the study.:::Yes
5e6439d24659d01c218bcbc9	e5canpe	overall_goal:::implausible or very unlikely				narrative_intent:::implausible or very unlikely						author_emotional_response:::plausible and somewhat likely					causal_explanation:::plausible but somewhat unlikely		prediction:::plausible and somewhat likely			moral:::implausible or very unlikely						narrative_feeling:::plausible and somewhat likely				aesthetic_feeling:::plausible and very likely					character_appraisal:::plausible but somewhat unlikely			stance:::plausible and somewhat likely				
5e6439d24659d01c218bcbc9	e5ugyed			overall_goal:::plausible and very likely			narrative_intent:::plausible and somewhat likely					author_emotional_response:::plausible and somewhat likely			causal_explanation:::plausible and somewhat likely			prediction:::implausible or very unlikely					moral:::plausible and somewhat likely					narrative_feeling:::plausible and somewhat likely			aesthetic_feeling:::plausible and somewhat likely						character_appraisal:::plausible but somewhat unlikely			stance:::plausible and somewhat likely				
5e6439d24659d01c218bcbc9	Contextual-Reasoning-about-Narrative-Intents-and-Reactions-consent.html																																									I am age 18 or older.:::Yes	I have read and understand the information above.:::Yes	I want to participate in this research and continue with the study.:::Yes
5dbaded2af6b8e0e8c3632ed	e6amjzy				overall_goal:::plausible but somewhat unlikely		narrative_intent:::plausible and somewhat likely					author_emotional_response:::plausible and somewhat likely				causal_explanation:::plausible and very likely			prediction:::plausible and somewhat likely						moral:::plausible but somewhat unlikely			narrative_feeling:::plausible and somewhat likely			aesthetic_feeling:::plausible and somewhat likely				character_appraisal:::plausible and very likely					stance:::plausible and somewhat likely				
5dbaded2af6b8e0e8c3632ed	e66hrej			overall_goal:::plausible and very likely				narrative_intent:::plausible and very likely			author_emotional_response:::plausible and very likely					causal_explanation:::plausible and very likely			prediction:::plausible and somewhat likely			moral:::implausible or very unlikely						narrative_feeling:::plausible and somewhat likely				aesthetic_feeling:::plausible and very likely					character_appraisal:::plausible but somewhat unlikely				stance:::plausible but somewhat unlikely			
5dbaded2af6b8e0e8c3632ed	Contextual-Reasoning-about-Narrative-Intents-and-Reactions-consent.html																																									I am age 18 or older.:::Yes	I have read and understand the information above.:::Yes	I want to participate in this research and continue with the study.:::Yes
67d8c57426d3c8cb84cea60e	e5v9iix			overall_goal:::plausible and very likely				narrative_intent:::plausible and very likely				author_emotional_response:::plausible and somewhat likely					causal_explanation:::plausible but somewhat unlikely		prediction:::plausible and somewhat likely					moral:::plausible and very likely		narrative_feeling:::implausible or very unlikely						aesthetic_feeling:::plausible and very likely				character_appraisal:::plausible and somewhat likely				stance:::plausible and somewhat likely				
67d8c57426d3c8cb84cea60e	9h12rz				overall_goal:::plausible but somewhat unlikely		narrative_intent:::plausible and somewhat likely						author_emotional_response:::plausible but somewhat unlikely			causal_explanation:::plausible and very likely			prediction:::plausible and somewhat likely			moral:::implausible or very unlikely							narrative_feeling:::plausible but somewhat unlikely				aesthetic_feeling:::plausible but somewhat unlikely	character_appraisal:::implausible or very unlikely							stance:::plausible but somewhat unlikely			
67d8c57426d3c8cb84cea60e	Contextual-Reasoning-about-Narrative-Intents-and-Reactions-consent.html																																									I am age 18 or older.:::Yes	I have read and understand the information above.:::Yes	I want to participate in this research and continue with the study.:::Yes
66cb6abbf0a15bddb08767d5	e5v9iix			overall_goal:::plausible and very likely		narrative_intent:::implausible or very unlikely						author_emotional_response:::plausible and somewhat likely		causal_explanation:::implausible or very unlikely					prediction:::plausible and somewhat likely						moral:::plausible but somewhat unlikely		narrative_feeling:::plausible and very likely						aesthetic_feeling:::plausible but somewhat unlikely				character_appraisal:::plausible but somewhat unlikely	stance:::implausible or very unlikely						
66cb6abbf0a15bddb08767d5	9h12rz		overall_goal:::plausible and somewhat likely						narrative_intent:::plausible but somewhat unlikely				author_emotional_response:::plausible but somewhat unlikely	causal_explanation:::implausible or very unlikely					prediction:::plausible and somewhat likely			moral:::implausible or very unlikely				narrative_feeling:::implausible or very unlikely							aesthetic_feeling:::plausible but somewhat unlikely				character_appraisal:::plausible but somewhat unlikely			stance:::plausible and somewhat likely				
66cb6abbf0a15bddb08767d5	Contextual-Reasoning-about-Narrative-Intents-and-Reactions-consent.html																																									I am age 18 or older.:::Yes	I have read and understand the information above.:::Yes	I want to participate in this research and continue with the study.:::Yes
6782b2f4bd70e1c0a9a36590	e6f3d35	overall_goal:::implausible or very unlikely					narrative_intent:::plausible and somewhat likely					author_emotional_response:::plausible and somewhat likely			causal_explanation:::plausible and somewhat likely				prediction:::plausible and somewhat likely					moral:::plausible and very likely				narrative_feeling:::plausible and somewhat likely					aesthetic_feeling:::plausible but somewhat unlikely			character_appraisal:::plausible and somewhat likely				stance:::plausible and somewhat likely				
6782b2f4bd70e1c0a9a36590	e5dkh3d			overall_goal:::plausible and very likely		narrative_intent:::implausible or very unlikely						author_emotional_response:::plausible and somewhat likely			causal_explanation:::plausible and somewhat likely					prediction:::plausible and very likely				moral:::plausible and very likely				narrative_feeling:::plausible and somewhat likely			aesthetic_feeling:::plausible and somewhat likely				character_appraisal:::plausible and very likely					stance:::plausible and somewhat likely				
6782b2f4bd70e1c0a9a36590	Contextual-Reasoning-about-Narrative-Intents-and-Reactions-consent.html																																									I am age 18 or older.:::Yes	I have read and understand the information above.:::Yes	I want to participate in this research and continue with the study.:::Yes
6740d653cdcb761549cf2b7b	e6f3d35		overall_goal:::plausible and somewhat likely				narrative_intent:::plausible and somewhat likely					author_emotional_response:::plausible and somewhat likely				causal_explanation:::plausible and very likely			prediction:::plausible and somewhat likely				moral:::plausible and somewhat likely					narrative_feeling:::plausible and somewhat likely				aesthetic_feeling:::plausible and very likely			character_appraisal:::plausible and very likely					stance:::plausible and somewhat likely				
6740d653cdcb761549cf2b7b	e5dkh3d			overall_goal:::plausible and very likely			narrative_intent:::plausible and somewhat likely						author_emotional_response:::plausible but somewhat unlikely		causal_explanation:::plausible and somewhat likely						prediction:::plausible but somewhat unlikely			moral:::plausible and very likely				narrative_feeling:::plausible and somewhat likely				aesthetic_feeling:::plausible and very likely				character_appraisal:::plausible and somewhat likely				stance:::plausible and somewhat likely				
6740d653cdcb761549cf2b7b	Contextual-Reasoning-about-Narrative-Intents-and-Reactions-consent.html																																									I am age 18 or older.:::Yes	I have read and understand the information above.:::Yes	I want to participate in this research and continue with the study.:::Yes
6296290ec41bde1525dbb77e	e6nameo	overall_goal:::implausible or very unlikely						narrative_intent:::plausible and very likely			author_emotional_response:::plausible and very likely					causal_explanation:::plausible and very likely			prediction:::plausible and somewhat likely				moral:::plausible and somewhat likely				narrative_feeling:::plausible and very likely					aesthetic_feeling:::plausible and very likely				character_appraisal:::plausible and somewhat likely			stance:::plausible and very likely					
6296290ec41bde1525dbb77e	e6if4t6			overall_goal:::plausible and very likely				narrative_intent:::plausible and very likely				author_emotional_response:::plausible and somewhat likely				causal_explanation:::plausible and very likely			prediction:::plausible and somewhat likely				moral:::plausible and somewhat likely				narrative_feeling:::plausible and very likely			aesthetic_feeling:::implausible or very unlikely					character_appraisal:::plausible and very likely					stance:::plausible and somewhat likely				
6296290ec41bde1525dbb77e	Contextual-Reasoning-about-Narrative-Intents-and-Reactions-consent.html																																									I am age 18 or older.:::Yes	I have read and understand the information above.:::Yes	I want to participate in this research and continue with the study.:::Yes
66c215f37fb5c5aced53c73e	e6nameo	overall_goal:::implausible or very unlikely						narrative_intent:::plausible and very likely			author_emotional_response:::plausible and very likely				causal_explanation:::plausible and somewhat likely				prediction:::plausible and somewhat likely				moral:::plausible and somewhat likely					narrative_feeling:::plausible and somewhat likely			aesthetic_feeling:::plausible and somewhat likely					character_appraisal:::plausible and somewhat likely				stance:::plausible and somewhat likely				
66c215f37fb5c5aced53c73e	e6if4t6			overall_goal:::plausible and very likely				narrative_intent:::plausible and very likely				author_emotional_response:::plausible and somewhat likely				causal_explanation:::plausible and very likely				prediction:::plausible and very likely				moral:::plausible and very likely				narrative_feeling:::plausible and somewhat likely		aesthetic_feeling:::implausible or very unlikely					character_appraisal:::plausible and very likely					stance:::plausible and somewhat likely				
66c215f37fb5c5aced53c73e	Contextual-Reasoning-about-Narrative-Intents-and-Reactions-consent.html																																									I am age 18 or older.:::Yes	I have read and understand the information above.:::Yes	I want to participate in this research and continue with the study.:::Yes
647a791065c6c348a325ab54	e5dzb4h				overall_goal:::plausible but somewhat unlikely		narrative_intent:::plausible and somewhat likely					author_emotional_response:::plausible and somewhat likely				causal_explanation:::plausible and very likely					prediction:::plausible but somewhat unlikely	moral:::implausible or very unlikely						narrative_feeling:::plausible and somewhat likely			aesthetic_feeling:::plausible and somewhat likely					character_appraisal:::plausible and somewhat likely					stance:::plausible but somewhat unlikely			
647a791065c6c348a325ab54	e5n8qhe			overall_goal:::plausible and very likely			narrative_intent:::plausible and somewhat likely					author_emotional_response:::plausible and somewhat likely				causal_explanation:::plausible and very likely			prediction:::plausible and somewhat likely					moral:::plausible and very likely		narrative_feeling:::implausible or very unlikely					aesthetic_feeling:::plausible and somewhat likely					character_appraisal:::plausible and somewhat likely			stance:::plausible and very likely					
647a791065c6c348a325ab54	Contextual-Reasoning-about-Narrative-Intents-and-Reactions-consent.html																																									I am age 18 or older.:::Yes	I have read and understand the information above.:::Yes	I want to participate in this research and continue with the study.:::Yes
65da5ea53cf757c346ee5b18	e5h5e73	overall_goal:::implausible or very unlikely					narrative_intent:::plausible and somewhat likely						author_emotional_response:::plausible but somewhat unlikely		causal_explanation:::plausible and somewhat likely						prediction:::plausible but somewhat unlikely		moral:::plausible and somewhat likely					narrative_feeling:::plausible and somewhat likely					aesthetic_feeling:::plausible but somewhat unlikely				character_appraisal:::plausible but somewhat unlikely		stance:::plausible and very likely					
65da5ea53cf757c346ee5b18	e5thrzm			overall_goal:::plausible and very likely				narrative_intent:::plausible and very likely				author_emotional_response:::plausible and somewhat likely			causal_explanation:::plausible and somewhat likely				prediction:::plausible and somewhat likely			moral:::implausible or very unlikely							narrative_feeling:::plausible but somewhat unlikely				aesthetic_feeling:::plausible but somewhat unlikely				character_appraisal:::plausible but somewhat unlikely			stance:::plausible and somewhat likely				
65da5ea53cf757c346ee5b18	Contextual-Reasoning-about-Narrative-Intents-and-Reactions-consent.html																																									I am age 18 or older.:::Yes	I have read and understand the information above.:::Yes	I want to participate in this research and continue with the study.:::Yes
5d8b32e664ac880018630273	e5h5e73	overall_goal:::implausible or very unlikely						narrative_intent:::plausible and very likely					author_emotional_response:::plausible but somewhat unlikely			causal_explanation:::plausible and very likely			prediction:::plausible and somewhat likely					moral:::plausible and very likely				narrative_feeling:::plausible and somewhat likely			aesthetic_feeling:::plausible and somewhat likely					character_appraisal:::plausible and somewhat likely				stance:::plausible and somewhat likely				
5d8b32e664ac880018630273	e5thrzm	overall_goal:::implausible or very unlikely							narrative_intent:::plausible but somewhat unlikely			author_emotional_response:::plausible and somewhat likely				causal_explanation:::plausible and very likely			prediction:::plausible and somewhat likely			moral:::implausible or very unlikely							narrative_feeling:::plausible but somewhat unlikely				aesthetic_feeling:::plausible but somewhat unlikely			character_appraisal:::plausible and somewhat likely				stance:::plausible and somewhat likely				
5d8b32e664ac880018630273	Contextual-Reasoning-about-Narrative-Intents-and-Reactions-consent.html																																									I am age 18 or older.:::Yes	I have read and understand the information above.:::Yes	I want to participate in this research and continue with the study.:::Yes
607c9f94cc974d4ea1dc22c8	e69ytzz		overall_goal:::plausible and somewhat likely					narrative_intent:::plausible and very likely		author_emotional_response:::implausible or very unlikely					causal_explanation:::plausible and somewhat likely			prediction:::implausible or very unlikely						moral:::plausible and very likely			narrative_feeling:::plausible and very likely					aesthetic_feeling:::plausible and very likely					character_appraisal:::plausible but somewhat unlikely		stance:::plausible and very likely					
607c9f94cc974d4ea1dc22c8	Contextual-Reasoning-about-Narrative-Intents-and-Reactions-consent.html																																									I am age 18 or older.:::Yes	I have read and understand the information above.:::Yes	I want to participate in this research and continue with the study.:::Yes
607c9f94cc974d4ea1dc22c8	e6n1b98			overall_goal:::plausible and very likely			narrative_intent:::plausible and somewhat likely			author_emotional_response:::implausible or very unlikely						causal_explanation:::plausible and very likely				prediction:::plausible and very likely					moral:::plausible but somewhat unlikely	narrative_feeling:::implausible or very unlikely					aesthetic_feeling:::plausible and somewhat likely						character_appraisal:::plausible but somewhat unlikely		stance:::plausible and very likely					
671e3bfd39d6c9c60589ebec	e69ytzz		overall_goal:::plausible and somewhat likely						narrative_intent:::plausible but somewhat unlikely	author_emotional_response:::implausible or very unlikely							causal_explanation:::plausible but somewhat unlikely		prediction:::plausible and somewhat likely				moral:::plausible and somewhat likely					narrative_feeling:::plausible and somewhat likely				aesthetic_feeling:::plausible and very likely				character_appraisal:::plausible and somewhat likely				stance:::plausible and somewhat likely				
671e3bfd39d6c9c60589ebec	Contextual-Reasoning-about-Narrative-Intents-and-Reactions-consent.html																																									I am age 18 or older.:::Yes	I have read and understand the information above.:::Yes	I want to participate in this research and continue with the study.:::Yes
671e3bfd39d6c9c60589ebec	e6n1b98		overall_goal:::plausible and somewhat likely				narrative_intent:::plausible and somewhat likely					author_emotional_response:::plausible and somewhat likely			causal_explanation:::plausible and somewhat likely					prediction:::plausible and very likely			moral:::plausible and somewhat likely			narrative_feeling:::implausible or very unlikely					aesthetic_feeling:::plausible and somewhat likely					character_appraisal:::plausible and somewhat likely				stance:::plausible and somewhat likely				
680ec20c2c04f66e462e3c5c	e6tu6c9	overall_goal:::implausible or very unlikely						narrative_intent:::plausible and very likely		author_emotional_response:::implausible or very unlikely				causal_explanation:::implausible or very unlikely						prediction:::plausible and very likely				moral:::plausible and very likely			narrative_feeling:::plausible and very likely						aesthetic_feeling:::plausible but somewhat unlikely				character_appraisal:::plausible but somewhat unlikely			stance:::plausible and somewhat likely				
680ec20c2c04f66e462e3c5c	e5ev7po			overall_goal:::plausible and very likely				narrative_intent:::plausible and very likely				author_emotional_response:::plausible and somewhat likely					causal_explanation:::plausible but somewhat unlikely		prediction:::plausible and somewhat likely				moral:::plausible and somewhat likely					narrative_feeling:::plausible and somewhat likely		aesthetic_feeling:::implausible or very unlikely					character_appraisal:::plausible and very likely					stance:::plausible and somewhat likely				
680ec20c2c04f66e462e3c5c	Contextual-Reasoning-about-Narrative-Intents-and-Reactions-consent.html																																									I am age 18 or older.:::Yes	I have read and understand the information above.:::Yes	I want to participate in this research and continue with the study.:::Yes
663d0e210e239265b07238f1	e6tu6c9			overall_goal:::plausible and very likely			narrative_intent:::plausible and somewhat likely						author_emotional_response:::plausible but somewhat unlikely	causal_explanation:::implausible or very unlikely					prediction:::plausible and somewhat likely					moral:::plausible and very likely				narrative_feeling:::plausible and somewhat likely					aesthetic_feeling:::plausible but somewhat unlikely				character_appraisal:::plausible but somewhat unlikely				stance:::plausible but somewhat unlikely			
663d0e210e239265b07238f1	e5ev7po			overall_goal:::plausible and very likely				narrative_intent:::plausible and very likely				author_emotional_response:::plausible and somewhat likely				causal_explanation:::plausible and very likely			prediction:::plausible and somewhat likely				moral:::plausible and somewhat likely					narrative_feeling:::plausible and somewhat likely				aesthetic_feeling:::plausible and very likely					character_appraisal:::plausible but somewhat unlikely		stance:::plausible and very likely					
663d0e210e239265b07238f1	Contextual-Reasoning-about-Narrative-Intents-and-Reactions-consent.html																																									I am age 18 or older.:::Yes	I have read and understand the information above.:::Yes	I want to participate in this research and continue with the study.:::Yes
581e0aee4182b600017307ea	e5e65wi		overall_goal:::plausible and somewhat likely			narrative_intent:::implausible or very unlikely					author_emotional_response:::plausible and very likely					causal_explanation:::plausible and very likely				prediction:::plausible and very likely				moral:::plausible and very likely			narrative_feeling:::plausible and very likely					aesthetic_feeling:::plausible and very likely			character_appraisal:::plausible and very likely				stance:::plausible and very likely					
581e0aee4182b600017307ea	Contextual-Reasoning-about-Narrative-Intents-and-Reactions-consent.html																																									I am age 18 or older.:::Yes	I have read and understand the information above.:::Yes	I want to participate in this research and continue with the study.:::Yes
581e0aee4182b600017307ea	e5sjugy			overall_goal:::plausible and very likely				narrative_intent:::plausible and very likely			author_emotional_response:::plausible and very likely					causal_explanation:::plausible and very likely		prediction:::implausible or very unlikely						moral:::plausible and very likely			narrative_feeling:::plausible and very likely					aesthetic_feeling:::plausible and very likely			character_appraisal:::plausible and very likely				stance:::plausible and very likely					
67acea60283b9ad009444b49	e6o6xvh				overall_goal:::plausible but somewhat unlikely				narrative_intent:::plausible but somewhat unlikely				author_emotional_response:::plausible but somewhat unlikely		causal_explanation:::plausible and somewhat likely				prediction:::plausible and somewhat likely						moral:::plausible but somewhat unlikely			narrative_feeling:::plausible and somewhat likely			aesthetic_feeling:::plausible and somewhat likely						character_appraisal:::plausible but somewhat unlikely				stance:::plausible but somewhat unlikely			
67acea60283b9ad009444b49	9h4c4p		overall_goal:::plausible and somewhat likely						narrative_intent:::plausible but somewhat unlikely			author_emotional_response:::plausible and somewhat likely			causal_explanation:::plausible and somewhat likely						prediction:::plausible but somewhat unlikely				moral:::plausible but somewhat unlikely			narrative_feeling:::plausible and somewhat likely			aesthetic_feeling:::plausible and somewhat likely						character_appraisal:::plausible but somewhat unlikely			stance:::plausible and somewhat likely				
67acea60283b9ad009444b49	Contextual-Reasoning-about-Narrative-Intents-and-Reactions-consent.html																																									I am age 18 or older.:::Yes	I have read and understand the information above.:::Yes	I want to participate in this research and continue with the study.:::Yes
5c553e0ad3cc6b0001d98fd3	e6o6xvh	overall_goal:::implausible or very unlikely						narrative_intent:::plausible and very likely				author_emotional_response:::plausible and somewhat likely				causal_explanation:::plausible and very likely				prediction:::plausible and very likely			moral:::plausible and somewhat likely					narrative_feeling:::plausible and somewhat likely				aesthetic_feeling:::plausible and very likely			character_appraisal:::plausible and very likely					stance:::plausible and somewhat likely				
5c553e0ad3cc6b0001d98fd3	9h4c4p	overall_goal:::implausible or very unlikely				narrative_intent:::implausible or very unlikely				author_emotional_response:::implausible or very unlikely				causal_explanation:::implausible or very unlikely				prediction:::implausible or very unlikely				moral:::implausible or very unlikely				narrative_feeling:::implausible or very unlikely				aesthetic_feeling:::implausible or very unlikely				character_appraisal:::implausible or very unlikely				stance:::implausible or very unlikely						
5c553e0ad3cc6b0001d98fd3	Contextual-Reasoning-about-Narrative-Intents-and-Reactions-consent.html																																									I am age 18 or older.:::Yes	I have read and understand the information above.:::Yes	I want to participate in this research and continue with the study.:::Yes
60fd6618f9a377f54dcdf318	e6a8rkn				overall_goal:::plausible but somewhat unlikely		narrative_intent:::plausible and somewhat likely					author_emotional_response:::plausible and somewhat likely			causal_explanation:::plausible and somewhat likely						prediction:::plausible but somewhat unlikely				moral:::plausible but somewhat unlikely			narrative_feeling:::plausible and somewhat likely			aesthetic_feeling:::plausible and somewhat likely					character_appraisal:::plausible and somewhat likely					stance:::plausible but somewhat unlikely			
60fd6618f9a377f54dcdf318	Contextual-Reasoning-about-Narrative-Intents-and-Reactions-consent.html																																									I am age 18 or older.:::Yes	I have read and understand the information above.:::Yes	I want to participate in this research and continue with the study.:::Yes
67d8b5e7ceb82869824198a2	e6jrg4c		overall_goal:::plausible and somewhat likely					narrative_intent:::plausible and very likely				author_emotional_response:::plausible and somewhat likely			causal_explanation:::plausible and somewhat likely			prediction:::implausible or very unlikely					moral:::plausible and somewhat likely				narrative_feeling:::plausible and very likely					aesthetic_feeling:::plausible and very likely				character_appraisal:::plausible and somewhat likely		stance:::implausible or very unlikely						
67d8b5e7ceb82869824198a2	e6a8rkn			overall_goal:::plausible and very likely				narrative_intent:::plausible and very likely			author_emotional_response:::plausible and very likely				causal_explanation:::plausible and somewhat likely					prediction:::plausible and very likely				moral:::plausible and very likely				narrative_feeling:::plausible and somewhat likely			aesthetic_feeling:::plausible and somewhat likely				character_appraisal:::plausible and very likely			stance:::implausible or very unlikely						
67d8b5e7ceb82869824198a2	Contextual-Reasoning-about-Narrative-Intents-and-Reactions-consent.html																																									I am age 18 or older.:::Yes	I have read and understand the information above.:::Yes	I want to participate in this research and continue with the study.:::Yes
5f85bcb11941de066ef7d941	e68n1bl			overall_goal:::plausible and very likely			narrative_intent:::plausible and somewhat likely				author_emotional_response:::plausible and very likely				causal_explanation:::plausible and somewhat likely				prediction:::plausible and somewhat likely					moral:::plausible and very likely		narrative_feeling:::implausible or very unlikely						aesthetic_feeling:::plausible and very likely			character_appraisal:::plausible and very likely					stance:::plausible and somewhat likely				
5f85bcb11941de066ef7d941	e6ba85e			overall_goal:::plausible and very likely				narrative_intent:::plausible and very likely					author_emotional_response:::plausible but somewhat unlikely	causal_explanation:::implausible or very unlikely						prediction:::plausible and very likely			moral:::plausible and somewhat likely					narrative_feeling:::plausible and somewhat likely				aesthetic_feeling:::plausible and very likely				character_appraisal:::plausible and somewhat likely			stance:::plausible and very likely					
5f85bcb11941de066ef7d941	Contextual-Reasoning-about-Narrative-Intents-and-Reactions-consent.html																																									I am age 18 or older.:::Yes	I have read and understand the information above.:::Yes	I want to participate in this research and continue with the study.:::Yes
6671c66b6e4bc111961291ae	e68n1bl			overall_goal:::plausible and very likely				narrative_intent:::plausible and very likely					author_emotional_response:::plausible but somewhat unlikely				causal_explanation:::plausible but somewhat unlikely				prediction:::plausible but somewhat unlikely		moral:::plausible and somewhat likely			narrative_feeling:::implausible or very unlikely						aesthetic_feeling:::plausible and very likely				character_appraisal:::plausible and somewhat likely				stance:::plausible and somewhat likely				
6671c66b6e4bc111961291ae	e6ba85e		overall_goal:::plausible and somewhat likely					narrative_intent:::plausible and very likely				author_emotional_response:::plausible and somewhat likely					causal_explanation:::plausible but somewhat unlikely		prediction:::plausible and somewhat likely				moral:::plausible and somewhat likely					narrative_feeling:::plausible and somewhat likely			aesthetic_feeling:::plausible and somewhat likely				character_appraisal:::plausible and very likely						stance:::plausible but somewhat unlikely			
6671c66b6e4bc111961291ae	Contextual-Reasoning-about-Narrative-Intents-and-Reactions-consent.html																																									I am age 18 or older.:::Yes	I have read and understand the information above.:::Yes	I want to participate in this research and continue with the study.:::Yes
5d803d51aa53f30015ce5b77	e6ilk03	overall_goal:::implausible or very unlikely					narrative_intent:::plausible and somewhat likely					author_emotional_response:::plausible and somewhat likely		causal_explanation:::implausible or very unlikely					prediction:::plausible and somewhat likely					moral:::plausible and very likely			narrative_feeling:::plausible and very likely					aesthetic_feeling:::plausible and very likely					character_appraisal:::plausible but somewhat unlikely			stance:::plausible and somewhat likely				
5d803d51aa53f30015ce5b77	e59qjd6		overall_goal:::plausible and somewhat likely					narrative_intent:::plausible and very likely					author_emotional_response:::plausible but somewhat unlikely				causal_explanation:::plausible but somewhat unlikely			prediction:::plausible and very likely				moral:::plausible and very likely				narrative_feeling:::plausible and somewhat likely		aesthetic_feeling:::implausible or very unlikely					character_appraisal:::plausible and very likely				stance:::plausible and very likely					
5d803d51aa53f30015ce5b77	Contextual-Reasoning-about-Narrative-Intents-and-Reactions-consent.html																																									I am age 18 or older.:::Yes	I have read and understand the information above.:::Yes	I want to participate in this research and continue with the study.:::Yes
6637b21240220c2517fffa1a	e6ilk03	overall_goal:::implausible or very unlikely					narrative_intent:::plausible and somewhat likely				author_emotional_response:::plausible and very likely				causal_explanation:::plausible and somewhat likely						prediction:::plausible but somewhat unlikely				moral:::plausible but somewhat unlikely		narrative_feeling:::plausible and very likely					aesthetic_feeling:::plausible and very likely				character_appraisal:::plausible and somewhat likely					stance:::plausible but somewhat unlikely			
6637b21240220c2517fffa1a	e59qjd6			overall_goal:::plausible and very likely				narrative_intent:::plausible and very likely			author_emotional_response:::plausible and very likely					causal_explanation:::plausible and very likely			prediction:::plausible and somewhat likely					moral:::plausible and very likely			narrative_feeling:::plausible and very likely			aesthetic_feeling:::implausible or very unlikely					character_appraisal:::plausible and very likely				stance:::plausible and very likely					
6637b21240220c2517fffa1a	Contextual-Reasoning-about-Narrative-Intents-and-Reactions-consent.html																																									I am age 18 or older.:::Yes	I have read and understand the information above.:::Yes	I want to participate in this research and continue with the study.:::Yes
66f729df50af5520146faa1c	e5q9hs7				overall_goal:::plausible but somewhat unlikely				narrative_intent:::plausible but somewhat unlikely			author_emotional_response:::plausible and somewhat likely				causal_explanation:::plausible and very likely				prediction:::plausible and very likely					moral:::plausible but somewhat unlikely		narrative_feeling:::plausible and very likely			aesthetic_feeling:::implausible or very unlikely					character_appraisal:::plausible and very likely					stance:::plausible and somewhat likely				
66f729df50af5520146faa1c	e5l7aml				overall_goal:::plausible but somewhat unlikely			narrative_intent:::plausible and very likely			author_emotional_response:::plausible and very likely						causal_explanation:::plausible but somewhat unlikely		prediction:::plausible and somewhat likely			moral:::implausible or very unlikely					narrative_feeling:::plausible and very likely					aesthetic_feeling:::plausible and very likely		character_appraisal:::implausible or very unlikely				stance:::implausible or very unlikely						
66f729df50af5520146faa1c	Contextual-Reasoning-about-Narrative-Intents-and-Reactions-consent.html																																									I am age 18 or older.:::Yes	I have read and understand the information above.:::Yes	I want to participate in this research and continue with the study.:::Yes
67cc685deb5f04f1fa1ed641	e5l7aml		overall_goal:::plausible and somewhat likely				narrative_intent:::plausible and somewhat likely			author_emotional_response:::implausible or very unlikely					causal_explanation:::plausible and somewhat likely					prediction:::plausible and very likely			moral:::plausible and somewhat likely				narrative_feeling:::plausible and very likely					aesthetic_feeling:::plausible and very likely			character_appraisal:::plausible and very likely						stance:::plausible but somewhat unlikely			
67cc685deb5f04f1fa1ed641	Contextual-Reasoning-about-Narrative-Intents-and-Reactions-consent.html																																									I am age 18 or older.:::Yes	I have read and understand the information above.:::Yes	I want to participate in this research and continue with the study.:::Yes
67cc685deb5f04f1fa1ed641	e5q9hs7		overall_goal:::plausible and somewhat likely					narrative_intent:::plausible and very likely		author_emotional_response:::implausible or very unlikely						causal_explanation:::plausible and very likely			prediction:::plausible and somewhat likely					moral:::plausible and very likely					narrative_feeling:::plausible but somewhat unlikely		aesthetic_feeling:::plausible and somewhat likely			character_appraisal:::implausible or very unlikely						stance:::plausible and somewhat likely				
5e39d872793a082024d9cf18	e67sauj			overall_goal:::plausible and very likely			narrative_intent:::plausible and somewhat likely				author_emotional_response:::plausible and very likely					causal_explanation:::plausible and very likely				prediction:::plausible and very likely				moral:::plausible and very likely			narrative_feeling:::plausible and very likely				aesthetic_feeling:::plausible and somewhat likely					character_appraisal:::plausible and somewhat likely			stance:::plausible and very likely					
5e39d872793a082024d9cf18	Contextual-Reasoning-about-Narrative-Intents-and-Reactions-consent.html																																									I am age 18 or older.:::Yes	I have read and understand the information above.:::Yes	I want to participate in this research and continue with the study.:::Yes
5e39d872793a082024d9cf18	e6pmbj9			overall_goal:::plausible and very likely				narrative_intent:::plausible and very likely				author_emotional_response:::plausible and somewhat likely					causal_explanation:::plausible but somewhat unlikely				prediction:::plausible but somewhat unlikely		moral:::plausible and somewhat likely			narrative_feeling:::implausible or very unlikely						aesthetic_feeling:::plausible and very likely					character_appraisal:::plausible but somewhat unlikely				stance:::plausible but somewhat unlikely			
5eed3df84fcaa015f3e06637	e67sauj		overall_goal:::plausible and somewhat likely				narrative_intent:::plausible and somewhat likely				author_emotional_response:::plausible and very likely					causal_explanation:::plausible and very likely			prediction:::plausible and somewhat likely						moral:::plausible but somewhat unlikely			narrative_feeling:::plausible and somewhat likely			aesthetic_feeling:::plausible and somewhat likely					character_appraisal:::plausible and somewhat likely			stance:::plausible and very likely					
5eed3df84fcaa015f3e06637	Contextual-Reasoning-about-Narrative-Intents-and-Reactions-consent.html																																									I am age 18 or older.:::Yes	I have read and understand the information above.:::Yes	I want to participate in this research and continue with the study.:::Yes
5eed3df84fcaa015f3e06637	e6pmbj9		overall_goal:::plausible and somewhat likely				narrative_intent:::plausible and somewhat likely				author_emotional_response:::plausible and very likely						causal_explanation:::plausible but somewhat unlikely		prediction:::plausible and somewhat likely						moral:::plausible but somewhat unlikely	narrative_feeling:::implausible or very unlikely					aesthetic_feeling:::plausible and somewhat likely					character_appraisal:::plausible and somewhat likely					stance:::plausible but somewhat unlikely			
65ea74a53a2f3ce64c0b9b92	e5y7et5				overall_goal:::plausible but somewhat unlikely		narrative_intent:::plausible and somewhat likely					author_emotional_response:::plausible and somewhat likely				causal_explanation:::plausible and very likely					prediction:::plausible but somewhat unlikely		moral:::plausible and somewhat likely					narrative_feeling:::plausible and somewhat likely		aesthetic_feeling:::implausible or very unlikely						character_appraisal:::plausible and somewhat likely			stance:::plausible and very likely					
65ea74a53a2f3ce64c0b9b92	e5fe5zl				overall_goal:::plausible but somewhat unlikely		narrative_intent:::plausible and somewhat likely					author_emotional_response:::plausible and somewhat likely				causal_explanation:::plausible and very likely			prediction:::plausible and somewhat likely				moral:::plausible and somewhat likely					narrative_feeling:::plausible and somewhat likely				aesthetic_feeling:::plausible and very likely			character_appraisal:::plausible and very likely					stance:::plausible and somewhat likely				
65ea74a53a2f3ce64c0b9b92	Contextual-Reasoning-about-Narrative-Intents-and-Reactions-consent.html																																									I am age 18 or older.:::Yes	I have read and understand the information above.:::Yes	I want to participate in this research and continue with the study.:::Yes
62b0d928b1eb191d733f9ebd	e5y7et5		overall_goal:::plausible and somewhat likely				narrative_intent:::plausible and somewhat likely			author_emotional_response:::implausible or very unlikely						causal_explanation:::plausible and very likely					prediction:::plausible but somewhat unlikely		moral:::plausible and somewhat likely					narrative_feeling:::plausible and somewhat likely				aesthetic_feeling:::plausible and very likely				character_appraisal:::plausible and somewhat likely				stance:::plausible and somewhat likely				
62b0d928b1eb191d733f9ebd	e5fe5zl		overall_goal:::plausible and somewhat likely				narrative_intent:::plausible and somewhat likely			author_emotional_response:::implausible or very unlikely						causal_explanation:::plausible and very likely					prediction:::plausible but somewhat unlikely			moral:::plausible and very likely				narrative_feeling:::plausible and somewhat likely			aesthetic_feeling:::plausible and somewhat likely						character_appraisal:::plausible but somewhat unlikely		stance:::plausible and very likely					
62b0d928b1eb191d733f9ebd	Contextual-Reasoning-about-Narrative-Intents-and-Reactions-consent.html																																									I am age 18 or older.:::Yes	I have read and understand the information above.:::Yes	I want to participate in this research and continue with the study.:::Yes
5cd08e2ff59e0a0013563602	e5ki5vi		overall_goal:::plausible and somewhat likely				narrative_intent:::plausible and somewhat likely						author_emotional_response:::plausible but somewhat unlikely		causal_explanation:::plausible and somewhat likely			prediction:::implausible or very unlikely						moral:::plausible and very likely				narrative_feeling:::plausible and somewhat likely					aesthetic_feeling:::plausible but somewhat unlikely				character_appraisal:::plausible but somewhat unlikely			stance:::plausible and somewhat likely				
5cd08e2ff59e0a0013563602	Contextual-Reasoning-about-Narrative-Intents-and-Reactions-consent.html																																									I am age 18 or older.:::Yes	I have read and understand the information above.:::Yes	I want to participate in this research and continue with the study.:::Yes
5cd08e2ff59e0a0013563602	e5x27p0			overall_goal:::plausible and very likely			narrative_intent:::plausible and somewhat likely						author_emotional_response:::plausible but somewhat unlikely		causal_explanation:::plausible and somewhat likely					prediction:::plausible and very likely		moral:::implausible or very unlikely					narrative_feeling:::plausible and very likely					aesthetic_feeling:::plausible and very likely		character_appraisal:::implausible or very unlikely						stance:::plausible and somewhat likely				
6109a2dbe566411f860e302a	e5ki5vi	overall_goal:::implausible or very unlikely				narrative_intent:::implausible or very unlikely					author_emotional_response:::plausible and very likely			causal_explanation:::implausible or very unlikely				prediction:::implausible or very unlikely				moral:::implausible or very unlikely							narrative_feeling:::plausible but somewhat unlikely	aesthetic_feeling:::implausible or very unlikely				character_appraisal:::implausible or very unlikely				stance:::implausible or very unlikely						
6109a2dbe566411f860e302a	Contextual-Reasoning-about-Narrative-Intents-and-Reactions-consent.html																																									I am age 18 or older.:::Yes	I have read and understand the information above.:::Yes	I want to participate in this research and continue with the study.:::Yes
6109a2dbe566411f860e302a	e5x27p0			overall_goal:::plausible and very likely				narrative_intent:::plausible and very likely					author_emotional_response:::plausible but somewhat unlikely		causal_explanation:::plausible and somewhat likely				prediction:::plausible and somewhat likely			moral:::implausible or very unlikely						narrative_feeling:::plausible and somewhat likely			aesthetic_feeling:::plausible and somewhat likely					character_appraisal:::plausible and somewhat likely			stance:::plausible and very likely					
66310bdf15d4ae07f1daf351	e6ti3r2			overall_goal:::plausible and very likely				narrative_intent:::plausible and very likely			author_emotional_response:::plausible and very likely					causal_explanation:::plausible and very likely				prediction:::plausible and very likely				moral:::plausible and very likely		narrative_feeling:::implausible or very unlikely					aesthetic_feeling:::plausible and somewhat likely				character_appraisal:::plausible and very likely				stance:::plausible and very likely					
66310bdf15d4ae07f1daf351	Contextual-Reasoning-about-Narrative-Intents-and-Reactions-consent.html																																									I am age 18 or older.:::Yes	I have read and understand the information above.:::Yes	I want to participate in this research and continue with the study.:::Yes
66310bdf15d4ae07f1daf351	e6d08r3			overall_goal:::plausible and very likely				narrative_intent:::plausible and very likely				author_emotional_response:::plausible and somewhat likely					causal_explanation:::plausible but somewhat unlikely		prediction:::plausible and somewhat likely				moral:::plausible and somewhat likely					narrative_feeling:::plausible and somewhat likely			aesthetic_feeling:::plausible and somewhat likely				character_appraisal:::plausible and very likely					stance:::plausible and somewhat likely				
6117efedb574017076d5b499	e6ti3r2			overall_goal:::plausible and very likely			narrative_intent:::plausible and somewhat likely					author_emotional_response:::plausible and somewhat likely				causal_explanation:::plausible and very likely			prediction:::plausible and somewhat likely				moral:::plausible and somewhat likely			narrative_feeling:::implausible or very unlikely						aesthetic_feeling:::plausible and very likely				character_appraisal:::plausible and somewhat likely			stance:::plausible and very likely					
6117efedb574017076d5b499	Contextual-Reasoning-about-Narrative-Intents-and-Reactions-consent.html																																									I am age 18 or older.:::Yes	I have read and understand the information above.:::Yes	I want to participate in this research and continue with the study.:::Yes
6117efedb574017076d5b499	e6d08r3			overall_goal:::plausible and very likely				narrative_intent:::plausible and very likely				author_emotional_response:::plausible and somewhat likely		causal_explanation:::implausible or very unlikely						prediction:::plausible and very likely			moral:::plausible and somewhat likely				narrative_feeling:::plausible and very likely					aesthetic_feeling:::plausible and very likely			character_appraisal:::plausible and very likely					stance:::plausible and somewhat likely				
6738ebefb44d56e59f807d64	e6qbjkd		overall_goal:::plausible and somewhat likely				narrative_intent:::plausible and somewhat likely				author_emotional_response:::plausible and very likely					causal_explanation:::plausible and very likely				prediction:::plausible and very likely			moral:::plausible and somewhat likely				narrative_feeling:::plausible and very likely				aesthetic_feeling:::plausible and somewhat likely					character_appraisal:::plausible and somewhat likely			stance:::plausible and very likely					
6738ebefb44d56e59f807d64	Contextual-Reasoning-about-Narrative-Intents-and-Reactions-consent.html																																									I am age 18 or older.:::Yes	I have read and understand the information above.:::Yes	I want to participate in this research and continue with the study.:::Yes
6738ebefb44d56e59f807d64	e5hpdec		overall_goal:::plausible and somewhat likely				narrative_intent:::plausible and somewhat likely				author_emotional_response:::plausible and very likely				causal_explanation:::plausible and somewhat likely					prediction:::plausible and very likely				moral:::plausible and very likely				narrative_feeling:::plausible and somewhat likely			aesthetic_feeling:::plausible and somewhat likely				character_appraisal:::plausible and very likely					stance:::plausible and somewhat likely				
5c85fe8e36f2450001c86df8	e6qbjkd		overall_goal:::plausible and somewhat likely				narrative_intent:::plausible and somewhat likely					author_emotional_response:::plausible and somewhat likely			causal_explanation:::plausible and somewhat likely				prediction:::plausible and somewhat likely				moral:::plausible and somewhat likely					narrative_feeling:::plausible and somewhat likely		aesthetic_feeling:::implausible or very unlikely				character_appraisal:::implausible or very unlikely				stance:::implausible or very unlikely						
5c85fe8e36f2450001c86df8	Contextual-Reasoning-about-Narrative-Intents-and-Reactions-consent.html																																									I am age 18 or older.:::Yes	I have read and understand the information above.:::Yes	I want to participate in this research and continue with the study.:::Yes
5c85fe8e36f2450001c86df8	e5hpdec		overall_goal:::plausible and somewhat likely					narrative_intent:::plausible and very likely				author_emotional_response:::plausible and somewhat likely			causal_explanation:::plausible and somewhat likely						prediction:::plausible but somewhat unlikely		moral:::plausible and somewhat likely				narrative_feeling:::plausible and very likely			aesthetic_feeling:::implausible or very unlikely							character_appraisal:::plausible but somewhat unlikely		stance:::plausible and very likely					
66e5cf7a11cb28aa31d19da8	e5u2un5			overall_goal:::plausible and very likely				narrative_intent:::plausible and very likely			author_emotional_response:::plausible and very likely					causal_explanation:::plausible and very likely				prediction:::plausible and very likely			moral:::plausible and somewhat likely				narrative_feeling:::plausible and very likely					aesthetic_feeling:::plausible and very likely			character_appraisal:::plausible and very likely			stance:::implausible or very unlikely						
66e5cf7a11cb28aa31d19da8	e5vtdf0			overall_goal:::plausible and very likely				narrative_intent:::plausible and very likely			author_emotional_response:::plausible and very likely					causal_explanation:::plausible and very likely				prediction:::plausible and very likely				moral:::plausible and very likely		narrative_feeling:::implausible or very unlikely						aesthetic_feeling:::plausible and very likely			character_appraisal:::plausible and very likely				stance:::plausible and very likely					
66e5cf7a11cb28aa31d19da8	Contextual-Reasoning-about-Narrative-Intents-and-Reactions-consent.html																																									I am age 18 or older.:::Yes	I have read and understand the information above.:::Yes	I want to participate in this research and continue with the study.:::Yes
665cd9869a0ffe598b8b84a7	e6177a8	overall_goal:::implausible or very unlikely						narrative_intent:::plausible and very likely			author_emotional_response:::plausible and very likely				causal_explanation:::plausible and somewhat likely						prediction:::plausible but somewhat unlikely	moral:::implausible or very unlikely						narrative_feeling:::plausible and somewhat likely			aesthetic_feeling:::plausible and somewhat likely					character_appraisal:::plausible and somewhat likely			stance:::plausible and very likely					
665cd9869a0ffe598b8b84a7	e6vhr47			overall_goal:::plausible and very likely			narrative_intent:::plausible and somewhat likely						author_emotional_response:::plausible but somewhat unlikely	causal_explanation:::implausible or very unlikely							prediction:::plausible but somewhat unlikely			moral:::plausible and very likely		narrative_feeling:::implausible or very unlikely							aesthetic_feeling:::plausible but somewhat unlikely			character_appraisal:::plausible and somewhat likely				stance:::plausible and somewhat likely				
665cd9869a0ffe598b8b84a7	Contextual-Reasoning-about-Narrative-Intents-and-Reactions-consent.html																																									I am age 18 or older.:::Yes	I have read and understand the information above.:::Yes	I want to participate in this research and continue with the study.:::Yes
67dec9db6374158730a43a9b	e5tcvn7				overall_goal:::plausible but somewhat unlikely		narrative_intent:::plausible and somewhat likely					author_emotional_response:::plausible and somewhat likely					causal_explanation:::plausible but somewhat unlikely				prediction:::plausible but somewhat unlikely		moral:::plausible and somewhat likely						narrative_feeling:::plausible but somewhat unlikely				aesthetic_feeling:::plausible but somewhat unlikely			character_appraisal:::plausible and somewhat likely					stance:::plausible but somewhat unlikely			
67dec9db6374158730a43a9b	Contextual-Reasoning-about-Narrative-Intents-and-Reactions-consent.html																																									I am age 18 or older.:::Yes	I have read and understand the information above.:::Yes	I want to participate in this research and continue with the study.:::Yes
67dec9db6374158730a43a9b	e6fgszs		overall_goal:::plausible and somewhat likely						narrative_intent:::plausible but somewhat unlikely			author_emotional_response:::plausible and somewhat likely					causal_explanation:::plausible but somewhat unlikely		prediction:::plausible and somewhat likely				moral:::plausible and somewhat likely					narrative_feeling:::plausible and somewhat likely		aesthetic_feeling:::implausible or very unlikely					character_appraisal:::plausible and very likely						stance:::plausible but somewhat unlikely			
5f16f559325a640008bb9a07	e5k2srn				overall_goal:::plausible but somewhat unlikely			narrative_intent:::plausible and very likely				author_emotional_response:::plausible and somewhat likely				causal_explanation:::plausible and very likely			prediction:::plausible and somewhat likely					moral:::plausible and very likely				narrative_feeling:::plausible and somewhat likely					aesthetic_feeling:::plausible but somewhat unlikely			character_appraisal:::plausible and somewhat likely				stance:::plausible and somewhat likely				
5f16f559325a640008bb9a07	Contextual-Reasoning-about-Narrative-Intents-and-Reactions-consent.html																																									I am age 18 or older.:::Yes	I have read and understand the information above.:::Yes	I want to participate in this research and continue with the study.:::Yes
5f16f559325a640008bb9a07	9hj76d			overall_goal:::plausible and very likely			narrative_intent:::plausible and somewhat likely					author_emotional_response:::plausible and somewhat likely				causal_explanation:::plausible and very likely				prediction:::plausible and very likely			moral:::plausible and somewhat likely				narrative_feeling:::plausible and very likely				aesthetic_feeling:::plausible and somewhat likely				character_appraisal:::plausible and very likely					stance:::plausible and somewhat likely				
5a3bdd2c8d005a0001829f3e	e5tgej0			overall_goal:::plausible and very likely				narrative_intent:::plausible and very likely				author_emotional_response:::plausible and somewhat likely				causal_explanation:::plausible and very likely			prediction:::plausible and somewhat likely						moral:::plausible but somewhat unlikely			narrative_feeling:::plausible and somewhat likely					aesthetic_feeling:::plausible but somewhat unlikely			character_appraisal:::plausible and somewhat likely			stance:::plausible and very likely					
5a3bdd2c8d005a0001829f3e	9ca0yk			overall_goal:::plausible and very likely				narrative_intent:::plausible and very likely			author_emotional_response:::plausible and very likely						causal_explanation:::plausible but somewhat unlikely			prediction:::plausible and very likely			moral:::plausible and somewhat likely				narrative_feeling:::plausible and very likely					aesthetic_feeling:::plausible and very likely		character_appraisal:::implausible or very unlikely				stance:::implausible or very unlikely						
5a3bdd2c8d005a0001829f3e	Contextual-Reasoning-about-Narrative-Intents-and-Reactions-consent.html																																									I am age 18 or older.:::Yes	I have read and understand the information above.:::Yes	I want to participate in this research and continue with the study.:::Yes
67dc9cffb3730801f1662fbb	e5tgej0				overall_goal:::plausible but somewhat unlikely				narrative_intent:::plausible but somewhat unlikely			author_emotional_response:::plausible and somewhat likely			causal_explanation:::plausible and somewhat likely				prediction:::plausible and somewhat likely					moral:::plausible and very likely			narrative_feeling:::plausible and very likely				aesthetic_feeling:::plausible and somewhat likely				character_appraisal:::plausible and very likely					stance:::plausible and somewhat likely				
67dc9cffb3730801f1662fbb	9ca0yk				overall_goal:::plausible but somewhat unlikely		narrative_intent:::plausible and somewhat likely					author_emotional_response:::plausible and somewhat likely			causal_explanation:::plausible and somewhat likely						prediction:::plausible but somewhat unlikely	moral:::implausible or very unlikely						narrative_feeling:::plausible and somewhat likely					aesthetic_feeling:::plausible but somewhat unlikely			character_appraisal:::plausible and somewhat likely				stance:::plausible and somewhat likely				
67dc9cffb3730801f1662fbb	Contextual-Reasoning-about-Narrative-Intents-and-Reactions-consent.html																																									I am age 18 or older.:::Yes	I have read and understand the information above.:::Yes	I want to participate in this research and continue with the study.:::Yes
667af145fa8225b6be0e79b8	e6sp7tb				overall_goal:::plausible but somewhat unlikely		narrative_intent:::plausible and somewhat likely				author_emotional_response:::plausible and very likely					causal_explanation:::plausible and very likely			prediction:::plausible and somewhat likely			moral:::implausible or very unlikely					narrative_feeling:::plausible and very likely				aesthetic_feeling:::plausible and somewhat likely				character_appraisal:::plausible and very likely				stance:::plausible and very likely					
667af145fa8225b6be0e79b8	e6tefva	overall_goal:::implausible or very unlikely				narrative_intent:::implausible or very unlikely				author_emotional_response:::implausible or very unlikely				causal_explanation:::implausible or very unlikely				prediction:::implausible or very unlikely				moral:::implausible or very unlikely				narrative_feeling:::implausible or very unlikely				aesthetic_feeling:::implausible or very unlikely				character_appraisal:::implausible or very unlikely				stance:::implausible or very unlikely						
667af145fa8225b6be0e79b8	Contextual-Reasoning-about-Narrative-Intents-and-Reactions-consent.html																																									I am age 18 or older.:::Yes	I have read and understand the information above.:::Yes	I want to participate in this research and continue with the study.:::Yes
66298b9925888b2e93c3d3de	e5tmksj	overall_goal:::implausible or very unlikely					narrative_intent:::plausible and somewhat likely						author_emotional_response:::plausible but somewhat unlikely			causal_explanation:::plausible and very likely		prediction:::implausible or very unlikely							moral:::plausible but somewhat unlikely		narrative_feeling:::plausible and very likely					aesthetic_feeling:::plausible and very likely			character_appraisal:::plausible and very likely					stance:::plausible and somewhat likely				
66298b9925888b2e93c3d3de	e66f1x0		overall_goal:::plausible and somewhat likely				narrative_intent:::plausible and somewhat likely					author_emotional_response:::plausible and somewhat likely				causal_explanation:::plausible and very likely				prediction:::plausible and very likely					moral:::plausible but somewhat unlikely			narrative_feeling:::plausible and somewhat likely			aesthetic_feeling:::plausible and somewhat likely					character_appraisal:::plausible and somewhat likely			stance:::plausible and very likely					
66298b9925888b2e93c3d3de	Contextual-Reasoning-about-Narrative-Intents-and-Reactions-consent.html																																									I am age 18 or older.:::Yes	I have read and understand the information above.:::Yes	I want to participate in this research and continue with the study.:::Yes
66701c7025b226088aa490d9	e5tmksj	overall_goal:::implausible or very unlikely					narrative_intent:::plausible and somewhat likely					author_emotional_response:::plausible and somewhat likely			causal_explanation:::plausible and somewhat likely			prediction:::implausible or very unlikely					moral:::plausible and somewhat likely				narrative_feeling:::plausible and very likely					aesthetic_feeling:::plausible and very likely				character_appraisal:::plausible and somewhat likely			stance:::plausible and very likely					
66701c7025b226088aa490d9	e66f1x0			overall_goal:::plausible and very likely				narrative_intent:::plausible and very likely				author_emotional_response:::plausible and somewhat likely				causal_explanation:::plausible and very likely					prediction:::plausible but somewhat unlikely			moral:::plausible and very likely				narrative_feeling:::plausible and somewhat likely				aesthetic_feeling:::plausible and very likely					character_appraisal:::plausible but somewhat unlikely	stance:::implausible or very unlikely						
66701c7025b226088aa490d9	Contextual-Reasoning-about-Narrative-Intents-and-Reactions-consent.html																																									I am age 18 or older.:::Yes	I have read and understand the information above.:::Yes	I want to participate in this research and continue with the study.:::Yes
667daedf476092c4f2609e26	e62rm3w				overall_goal:::plausible but somewhat unlikely		narrative_intent:::plausible and somewhat likely			author_emotional_response:::implausible or very unlikely					causal_explanation:::plausible and somewhat likely				prediction:::plausible and somewhat likely						moral:::plausible but somewhat unlikely		narrative_feeling:::plausible and very likely			aesthetic_feeling:::implausible or very unlikely							character_appraisal:::plausible but somewhat unlikely				stance:::plausible but somewhat unlikely			
667daedf476092c4f2609e26	Contextual-Reasoning-about-Narrative-Intents-and-Reactions-consent.html																																									I am age 18 or older.:::Yes	I have read and understand the information above.:::Yes	I want to participate in this research and continue with the study.:::Yes
667daedf476092c4f2609e26	e6t10m8			overall_goal:::plausible and very likely				narrative_intent:::plausible and very likely				author_emotional_response:::plausible and somewhat likely		causal_explanation:::implausible or very unlikely					prediction:::plausible and somewhat likely				moral:::plausible and somewhat likely						narrative_feeling:::plausible but somewhat unlikely			aesthetic_feeling:::plausible and very likely				character_appraisal:::plausible and somewhat likely			stance:::plausible and very likely					
665b7b047373d8da553237a6	e62rm3w			overall_goal:::plausible and very likely			narrative_intent:::plausible and somewhat likely					author_emotional_response:::plausible and somewhat likely			causal_explanation:::plausible and somewhat likely					prediction:::plausible and very likely					moral:::plausible but somewhat unlikely		narrative_feeling:::plausible and very likely						aesthetic_feeling:::plausible but somewhat unlikely			character_appraisal:::plausible and somewhat likely				stance:::plausible and somewhat likely				
665b7b047373d8da553237a6	Contextual-Reasoning-about-Narrative-Intents-and-Reactions-consent.html																																									I am age 18 or older.:::Yes	I have read and understand the information above.:::Yes	I want to participate in this research and continue with the study.:::Yes
665b7b047373d8da553237a6	e6t10m8		overall_goal:::plausible and somewhat likely					narrative_intent:::plausible and very likely				author_emotional_response:::plausible and somewhat likely					causal_explanation:::plausible but somewhat unlikely		prediction:::plausible and somewhat likely					moral:::plausible and very likely					narrative_feeling:::plausible but somewhat unlikely		aesthetic_feeling:::plausible and somewhat likely						character_appraisal:::plausible but somewhat unlikely		stance:::plausible and very likely					
6792a60bf1238ae52e645ecb	9daoxu			overall_goal:::plausible and very likely			narrative_intent:::plausible and somewhat likely					author_emotional_response:::plausible and somewhat likely			causal_explanation:::plausible and somewhat likely				prediction:::plausible and somewhat likely				moral:::plausible and somewhat likely					narrative_feeling:::plausible and somewhat likely			aesthetic_feeling:::plausible and somewhat likely					character_appraisal:::plausible and somewhat likely				stance:::plausible and somewhat likely				
6792a60bf1238ae52e645ecb	e5tfhcs		overall_goal:::plausible and somewhat likely				narrative_intent:::plausible and somewhat likely					author_emotional_response:::plausible and somewhat likely			causal_explanation:::plausible and somewhat likely				prediction:::plausible and somewhat likely				moral:::plausible and somewhat likely					narrative_feeling:::plausible and somewhat likely			aesthetic_feeling:::plausible and somewhat likely					character_appraisal:::plausible and somewhat likely				stance:::plausible and somewhat likely				
6792a60bf1238ae52e645ecb	Contextual-Reasoning-about-Narrative-Intents-and-Reactions-consent.html																																									I am age 18 or older.:::Yes	I have read and understand the information above.:::Yes	I want to participate in this research and continue with the study.:::Yes
66e62716a40afa9a9b4d23c6	9daoxu		overall_goal:::plausible and somewhat likely					narrative_intent:::plausible and very likely				author_emotional_response:::plausible and somewhat likely					causal_explanation:::plausible but somewhat unlikely		prediction:::plausible and somewhat likely					moral:::plausible and very likely			narrative_feeling:::plausible and very likely					aesthetic_feeling:::plausible and very likely			character_appraisal:::plausible and very likely					stance:::plausible and somewhat likely				
66e62716a40afa9a9b4d23c6	e5tfhcs			overall_goal:::plausible and very likely				narrative_intent:::plausible and very likely			author_emotional_response:::plausible and very likely				causal_explanation:::plausible and somewhat likely				prediction:::plausible and somewhat likely				moral:::plausible and somewhat likely					narrative_feeling:::plausible and somewhat likely			aesthetic_feeling:::plausible and somewhat likely				character_appraisal:::plausible and very likely				stance:::plausible and very likely					
66e62716a40afa9a9b4d23c6	Contextual-Reasoning-about-Narrative-Intents-and-Reactions-consent.html																																									I am age 18 or older.:::Yes	I have read and understand the information above.:::Yes	I want to participate in this research and continue with the study.:::Yes
64db68476c022a6c20686908	e6nf5ds			overall_goal:::plausible and very likely				narrative_intent:::plausible and very likely			author_emotional_response:::plausible and very likely					causal_explanation:::plausible and very likely		prediction:::implausible or very unlikely					moral:::plausible and somewhat likely					narrative_feeling:::plausible and somewhat likely					aesthetic_feeling:::plausible but somewhat unlikely			character_appraisal:::plausible and somewhat likely				stance:::plausible and somewhat likely				
64db68476c022a6c20686908	e5dwhrz	overall_goal:::implausible or very unlikely						narrative_intent:::plausible and very likely					author_emotional_response:::plausible but somewhat unlikely			causal_explanation:::plausible and very likely			prediction:::plausible and somewhat likely					moral:::plausible and very likely				narrative_feeling:::plausible and somewhat likely				aesthetic_feeling:::plausible and very likely			character_appraisal:::plausible and very likely				stance:::plausible and very likely					
64db68476c022a6c20686908	Contextual-Reasoning-about-Narrative-Intents-and-Reactions-consent.html																																									I am age 18 or older.:::Yes	I have read and understand the information above.:::Yes	I want to participate in this research and continue with the study.:::Yes
680d2d86e66d1e2a91357982	e6nf5ds		overall_goal:::plausible and somewhat likely				narrative_intent:::plausible and somewhat likely						author_emotional_response:::plausible but somewhat unlikely				causal_explanation:::plausible but somewhat unlikely	prediction:::implausible or very unlikely							moral:::plausible but somewhat unlikely			narrative_feeling:::plausible and somewhat likely			aesthetic_feeling:::plausible and somewhat likely					character_appraisal:::plausible and somewhat likely					stance:::plausible but somewhat unlikely			
680d2d86e66d1e2a91357982	e5dwhrz				overall_goal:::plausible but somewhat unlikely		narrative_intent:::plausible and somewhat likely					author_emotional_response:::plausible and somewhat likely					causal_explanation:::plausible but somewhat unlikely		prediction:::plausible and somewhat likely			moral:::implausible or very unlikely						narrative_feeling:::plausible and somewhat likely					aesthetic_feeling:::plausible but somewhat unlikely				character_appraisal:::plausible but somewhat unlikely				stance:::plausible but somewhat unlikely			
680d2d86e66d1e2a91357982	Contextual-Reasoning-about-Narrative-Intents-and-Reactions-consent.html																																									I am age 18 or older.:::Yes	I have read and understand the information above.:::Yes	I want to participate in this research and continue with the study.:::Yes
5da6139c002c29001335b5a2	9igyva				overall_goal:::plausible but somewhat unlikely			narrative_intent:::plausible and very likely				author_emotional_response:::plausible and somewhat likely		causal_explanation:::implausible or very unlikely						prediction:::plausible and very likely			moral:::plausible and somewhat likely					narrative_feeling:::plausible and somewhat likely					aesthetic_feeling:::plausible but somewhat unlikely		character_appraisal:::plausible and very likely						stance:::plausible but somewhat unlikely			
5da6139c002c29001335b5a2	Contextual-Reasoning-about-Narrative-Intents-and-Reactions-consent.html																																									I am age 18 or older.:::Yes	I have read and understand the information above.:::Yes	I want to participate in this research and continue with the study.:::Yes
5da6139c002c29001335b5a2	9e3i1v			overall_goal:::plausible and very likely				narrative_intent:::plausible and very likely					author_emotional_response:::plausible but somewhat unlikely	causal_explanation:::implausible or very unlikely					prediction:::plausible and somewhat likely				moral:::plausible and somewhat likely				narrative_feeling:::plausible and very likely				aesthetic_feeling:::plausible and somewhat likely				character_appraisal:::plausible and very likely					stance:::plausible and somewhat likely				
67edb5770c383b948c2a5ff9	e6m4b3j				overall_goal:::plausible but somewhat unlikely		narrative_intent:::plausible and somewhat likely					author_emotional_response:::plausible and somewhat likely		causal_explanation:::implausible or very unlikely					prediction:::plausible and somewhat likely				moral:::plausible and somewhat likely					narrative_feeling:::plausible and somewhat likely			aesthetic_feeling:::plausible and somewhat likely						character_appraisal:::plausible but somewhat unlikely			stance:::plausible and somewhat likely				
67edb5770c383b948c2a5ff9	e5uzwrw				overall_goal:::plausible but somewhat unlikely		narrative_intent:::plausible and somewhat likely					author_emotional_response:::plausible and somewhat likely			causal_explanation:::plausible and somewhat likely						prediction:::plausible but somewhat unlikely		moral:::plausible and somewhat likely					narrative_feeling:::plausible and somewhat likely			aesthetic_feeling:::plausible and somewhat likely					character_appraisal:::plausible and somewhat likely			stance:::plausible and very likely					
67edb5770c383b948c2a5ff9	Contextual-Reasoning-about-Narrative-Intents-and-Reactions-consent.html																																									I am age 18 or older.:::Yes	I have read and understand the information above.:::Yes	I want to participate in this research and continue with the study.:::Yes
67c35bed28161edad1829850	e6m4b3j	overall_goal:::implausible or very unlikely					narrative_intent:::plausible and somewhat likely				author_emotional_response:::plausible and very likely					causal_explanation:::plausible and very likely				prediction:::plausible and very likely				moral:::plausible and very likely			narrative_feeling:::plausible and very likely					aesthetic_feeling:::plausible and very likely		character_appraisal:::implausible or very unlikely					stance:::plausible and very likely					
67c35bed28161edad1829850	e5uzwrw	overall_goal:::implausible or very unlikely						narrative_intent:::plausible and very likely			author_emotional_response:::plausible and very likely					causal_explanation:::plausible and very likely				prediction:::plausible and very likely				moral:::plausible and very likely			narrative_feeling:::plausible and very likely					aesthetic_feeling:::plausible and very likely			character_appraisal:::plausible and very likely				stance:::plausible and very likely					
67c35bed28161edad1829850	Contextual-Reasoning-about-Narrative-Intents-and-Reactions-consent.html																																									I am age 18 or older.:::Yes	I have read and understand the information above.:::Yes	I want to participate in this research and continue with the study.:::Yes
663b1d689aa0798a42c49d90	e61zo5y	overall_goal:::implausible or very unlikely						narrative_intent:::plausible and very likely				author_emotional_response:::plausible and somewhat likely				causal_explanation:::plausible and very likely				prediction:::plausible and very likely				moral:::plausible and very likely				narrative_feeling:::plausible and somewhat likely				aesthetic_feeling:::plausible and very likely				character_appraisal:::plausible and somewhat likely				stance:::plausible and somewhat likely				
663b1d689aa0798a42c49d90	e61gb7j			overall_goal:::plausible and very likely				narrative_intent:::plausible and very likely				author_emotional_response:::plausible and somewhat likely				causal_explanation:::plausible and very likely			prediction:::plausible and somewhat likely					moral:::plausible and very likely			narrative_feeling:::plausible and very likely			aesthetic_feeling:::implausible or very unlikely				character_appraisal:::implausible or very unlikely					stance:::plausible and very likely					
663b1d689aa0798a42c49d90	Contextual-Reasoning-about-Narrative-Intents-and-Reactions-consent.html																																									I am age 18 or older.:::Yes	I have read and understand the information above.:::Yes	I want to participate in this research and continue with the study.:::Yes
5da9fec949bab300155afb7f	e61zo5y		overall_goal:::plausible and somewhat likely				narrative_intent:::plausible and somewhat likely					author_emotional_response:::plausible and somewhat likely			causal_explanation:::plausible and somewhat likely				prediction:::plausible and somewhat likely				moral:::plausible and somewhat likely					narrative_feeling:::plausible and somewhat likely			aesthetic_feeling:::plausible and somewhat likely					character_appraisal:::plausible and somewhat likely				stance:::plausible and somewhat likely				
5da9fec949bab300155afb7f	e61gb7j			overall_goal:::plausible and very likely				narrative_intent:::plausible and very likely			author_emotional_response:::plausible and very likely			causal_explanation:::implausible or very unlikely					prediction:::plausible and somewhat likely			moral:::implausible or very unlikely						narrative_feeling:::plausible and somewhat likely			aesthetic_feeling:::plausible and somewhat likely						character_appraisal:::plausible but somewhat unlikely			stance:::plausible and somewhat likely				
5da9fec949bab300155afb7f	Contextual-Reasoning-about-Narrative-Intents-and-Reactions-consent.html																																									I am age 18 or older.:::Yes	I have read and understand the information above.:::Yes	I want to participate in this research and continue with the study.:::Yes
67cd944859dabbd1d4552d39	e6ookw5	overall_goal:::implausible or very unlikely							narrative_intent:::plausible but somewhat unlikely		author_emotional_response:::plausible and very likely				causal_explanation:::plausible and somewhat likely				prediction:::plausible and somewhat likely					moral:::plausible and very likely				narrative_feeling:::plausible and somewhat likely				aesthetic_feeling:::plausible and very likely			character_appraisal:::plausible and very likely				stance:::plausible and very likely					
67cd944859dabbd1d4552d39	e5smo8z		overall_goal:::plausible and somewhat likely				narrative_intent:::plausible and somewhat likely					author_emotional_response:::plausible and somewhat likely		causal_explanation:::implausible or very unlikely						prediction:::plausible and very likely				moral:::plausible and very likely			narrative_feeling:::plausible and very likely				aesthetic_feeling:::plausible and somewhat likely				character_appraisal:::plausible and very likely				stance:::plausible and very likely					
67cd944859dabbd1d4552d39	Contextual-Reasoning-about-Narrative-Intents-and-Reactions-consent.html																																									I am age 18 or older.:::Yes	I have read and understand the information above.:::Yes	I want to participate in this research and continue with the study.:::Yes
6638e8aa3d1f38846080806a	e5dz6lx		overall_goal:::plausible and somewhat likely				narrative_intent:::plausible and somewhat likely					author_emotional_response:::plausible and somewhat likely			causal_explanation:::plausible and somewhat likely			prediction:::implausible or very unlikely				moral:::implausible or very unlikely						narrative_feeling:::plausible and somewhat likely			aesthetic_feeling:::plausible and somewhat likely					character_appraisal:::plausible and somewhat likely					stance:::plausible but somewhat unlikely			
6638e8aa3d1f38846080806a	e5kafqx	overall_goal:::implausible or very unlikely				narrative_intent:::implausible or very unlikely				author_emotional_response:::implausible or very unlikely				causal_explanation:::implausible or very unlikely				prediction:::implausible or very unlikely				moral:::implausible or very unlikely				narrative_feeling:::implausible or very unlikely				aesthetic_feeling:::implausible or very unlikely				character_appraisal:::implausible or very unlikely				stance:::implausible or very unlikely						
6638e8aa3d1f38846080806a	Contextual-Reasoning-about-Narrative-Intents-and-Reactions-consent.html																																									I am age 18 or older.:::Yes	I have read and understand the information above.:::Yes	I want to participate in this research and continue with the study.:::Yes
664e1a71d20f44f2ffe39360	e5dz6lx		overall_goal:::plausible and somewhat likely					narrative_intent:::plausible and very likely					author_emotional_response:::plausible but somewhat unlikely	causal_explanation:::implausible or very unlikely				prediction:::implausible or very unlikely				moral:::implausible or very unlikely						narrative_feeling:::plausible and somewhat likely			aesthetic_feeling:::plausible and somewhat likely			character_appraisal:::implausible or very unlikely				stance:::implausible or very unlikely						
664e1a71d20f44f2ffe39360	e5kafqx	overall_goal:::implausible or very unlikely				narrative_intent:::implausible or very unlikely				author_emotional_response:::implausible or very unlikely				causal_explanation:::implausible or very unlikely				prediction:::implausible or very unlikely				moral:::implausible or very unlikely				narrative_feeling:::implausible or very unlikely				aesthetic_feeling:::implausible or very unlikely				character_appraisal:::implausible or very unlikely				stance:::implausible or very unlikely						
664e1a71d20f44f2ffe39360	Contextual-Reasoning-about-Narrative-Intents-and-Reactions-consent.html																																									I am age 18 or older.:::Yes	I have read and understand the information above.:::Yes	I want to participate in this research and continue with the study.:::Yes
577d3361d8e8880001b31439	e5aj3s2		overall_goal:::plausible and somewhat likely					narrative_intent:::plausible and very likely					author_emotional_response:::plausible but somewhat unlikely	causal_explanation:::implausible or very unlikely					prediction:::plausible and somewhat likely						moral:::plausible but somewhat unlikely				narrative_feeling:::plausible but somewhat unlikely		aesthetic_feeling:::plausible and somewhat likely						character_appraisal:::plausible but somewhat unlikely			stance:::plausible and somewhat likely				
577d3361d8e8880001b31439	Contextual-Reasoning-about-Narrative-Intents-and-Reactions-consent.html																																									I am age 18 or older.:::Yes	I have read and understand the information above.:::Yes	I want to participate in this research and continue with the study.:::Yes
577d3361d8e8880001b31439	e5ee6vg	overall_goal:::implausible or very unlikely						narrative_intent:::plausible and very likely				author_emotional_response:::plausible and somewhat likely				causal_explanation:::plausible and very likely					prediction:::plausible but somewhat unlikely			moral:::plausible and very likely			narrative_feeling:::plausible and very likely				aesthetic_feeling:::plausible and somewhat likely				character_appraisal:::plausible and very likely				stance:::plausible and very likely					
66294848642a13eec741c3e4	e5aj3s2		overall_goal:::plausible and somewhat likely						narrative_intent:::plausible but somewhat unlikely			author_emotional_response:::plausible and somewhat likely			causal_explanation:::plausible and somewhat likely						prediction:::plausible but somewhat unlikely	moral:::implausible or very unlikely						narrative_feeling:::plausible and somewhat likely		aesthetic_feeling:::implausible or very unlikely						character_appraisal:::plausible and somewhat likely			stance:::plausible and very likely					
66294848642a13eec741c3e4	Contextual-Reasoning-about-Narrative-Intents-and-Reactions-consent.html																																									I am age 18 or older.:::Yes	I have read and understand the information above.:::Yes	I want to participate in this research and continue with the study.:::Yes
66294848642a13eec741c3e4	e5ee6vg				overall_goal:::plausible but somewhat unlikely			narrative_intent:::plausible and very likely		author_emotional_response:::implausible or very unlikely				causal_explanation:::implausible or very unlikely				prediction:::implausible or very unlikely					moral:::plausible and somewhat likely				narrative_feeling:::plausible and very likely			aesthetic_feeling:::implausible or very unlikely						character_appraisal:::plausible and somewhat likely			stance:::plausible and very likely					
663633059d5ba66fc519115a	e5t6eyh		overall_goal:::plausible and somewhat likely				narrative_intent:::plausible and somewhat likely			author_emotional_response:::implausible or very unlikely					causal_explanation:::plausible and somewhat likely						prediction:::plausible but somewhat unlikely		moral:::plausible and somewhat likely					narrative_feeling:::plausible and somewhat likely			aesthetic_feeling:::plausible and somewhat likely			character_appraisal:::implausible or very unlikely					stance:::plausible and very likely					
663633059d5ba66fc519115a	e683u8w				overall_goal:::plausible but somewhat unlikely				narrative_intent:::plausible but somewhat unlikely		author_emotional_response:::plausible and very likely				causal_explanation:::plausible and somewhat likely						prediction:::plausible but somewhat unlikely		moral:::plausible and somewhat likely				narrative_feeling:::plausible and very likely				aesthetic_feeling:::plausible and somewhat likely						character_appraisal:::plausible but somewhat unlikely		stance:::plausible and very likely					
663633059d5ba66fc519115a	Contextual-Reasoning-about-Narrative-Intents-and-Reactions-consent.html																																									I am age 18 or older.:::Yes	I have read and understand the information above.:::Yes	I want to participate in this research and continue with the study.:::Yes
676d5937915d059bf7ef67a8	e5qrae2			overall_goal:::plausible and very likely				narrative_intent:::plausible and very likely			author_emotional_response:::plausible and very likely					causal_explanation:::plausible and very likely					prediction:::plausible but somewhat unlikely			moral:::plausible and very likely			narrative_feeling:::plausible and very likely					aesthetic_feeling:::plausible and very likely			character_appraisal:::plausible and very likely				stance:::plausible and very likely					
676d5937915d059bf7ef67a8	e5zgmce		overall_goal:::plausible and somewhat likely			narrative_intent:::implausible or very unlikely					author_emotional_response:::plausible and very likely						causal_explanation:::plausible but somewhat unlikely			prediction:::plausible and very likely				moral:::plausible and very likely				narrative_feeling:::plausible and somewhat likely				aesthetic_feeling:::plausible and very likely			character_appraisal:::plausible and very likely						stance:::plausible but somewhat unlikely			
676d5937915d059bf7ef67a8	Contextual-Reasoning-about-Narrative-Intents-and-Reactions-consent.html																																									I am age 18 or older.:::Yes	I have read and understand the information above.:::Yes	I want to participate in this research and continue with the study.:::Yes
6566d90835fd00183bd5989b	e5qrae2		overall_goal:::plausible and somewhat likely			narrative_intent:::implausible or very unlikely						author_emotional_response:::plausible and somewhat likely			causal_explanation:::plausible and somewhat likely				prediction:::plausible and somewhat likely					moral:::plausible and very likely				narrative_feeling:::plausible and somewhat likely			aesthetic_feeling:::plausible and somewhat likely						character_appraisal:::plausible but somewhat unlikely			stance:::plausible and somewhat likely				
6566d90835fd00183bd5989b	e5zgmce		overall_goal:::plausible and somewhat likely			narrative_intent:::implausible or very unlikely						author_emotional_response:::plausible and somewhat likely			causal_explanation:::plausible and somewhat likely				prediction:::plausible and somewhat likely				moral:::plausible and somewhat likely					narrative_feeling:::plausible and somewhat likely			aesthetic_feeling:::plausible and somewhat likely					character_appraisal:::plausible and somewhat likely				stance:::plausible and somewhat likely				
6566d90835fd00183bd5989b	Contextual-Reasoning-about-Narrative-Intents-and-Reactions-consent.html																																									I am age 18 or older.:::Yes	I have read and understand the information above.:::Yes	I want to participate in this research and continue with the study.:::Yes
67c111bb12926008b56bc878	e6qbdm3			overall_goal:::plausible and very likely				narrative_intent:::plausible and very likely					author_emotional_response:::plausible but somewhat unlikely	causal_explanation:::implausible or very unlikely							prediction:::plausible but somewhat unlikely		moral:::plausible and somewhat likely					narrative_feeling:::plausible and somewhat likely					aesthetic_feeling:::plausible but somewhat unlikely	character_appraisal:::implausible or very unlikely					stance:::plausible and very likely					
67c111bb12926008b56bc878	Contextual-Reasoning-about-Narrative-Intents-and-Reactions-consent.html																																									I am age 18 or older.:::Yes	I have read and understand the information above.:::Yes	I want to participate in this research and continue with the study.:::Yes
67c111bb12926008b56bc878	e6owt3l		overall_goal:::plausible and somewhat likely				narrative_intent:::plausible and somewhat likely					author_emotional_response:::plausible and somewhat likely				causal_explanation:::plausible and very likely		prediction:::implausible or very unlikely							moral:::plausible but somewhat unlikely			narrative_feeling:::plausible and somewhat likely					aesthetic_feeling:::plausible but somewhat unlikely	character_appraisal:::implausible or very unlikely						stance:::plausible and somewhat likely				
66f097d9e9ccab0b678f9b4e	e6qbdm3		overall_goal:::plausible and somewhat likely				narrative_intent:::plausible and somewhat likely						author_emotional_response:::plausible but somewhat unlikely				causal_explanation:::plausible but somewhat unlikely		prediction:::plausible and somewhat likely				moral:::plausible and somewhat likely						narrative_feeling:::plausible but somewhat unlikely		aesthetic_feeling:::plausible and somewhat likely						character_appraisal:::plausible but somewhat unlikely			stance:::plausible and somewhat likely				
66f097d9e9ccab0b678f9b4e	Contextual-Reasoning-about-Narrative-Intents-and-Reactions-consent.html																																									I am age 18 or older.:::Yes	I have read and understand the information above.:::Yes	I want to participate in this research and continue with the study.:::Yes
66f097d9e9ccab0b678f9b4e	e6owt3l		overall_goal:::plausible and somewhat likely				narrative_intent:::plausible and somewhat likely						author_emotional_response:::plausible but somewhat unlikely		causal_explanation:::plausible and somewhat likely						prediction:::plausible but somewhat unlikely				moral:::plausible but somewhat unlikely			narrative_feeling:::plausible and somewhat likely			aesthetic_feeling:::plausible and somewhat likely						character_appraisal:::plausible but somewhat unlikely			stance:::plausible and somewhat likely				
59f0acf65de9b000017ed914	9enke1			overall_goal:::plausible and very likely					narrative_intent:::plausible but somewhat unlikely			author_emotional_response:::plausible and somewhat likely			causal_explanation:::plausible and somewhat likely					prediction:::plausible and very likely				moral:::plausible and very likely				narrative_feeling:::plausible and somewhat likely			aesthetic_feeling:::plausible and somewhat likely						character_appraisal:::plausible but somewhat unlikely			stance:::plausible and somewhat likely				
59f0acf65de9b000017ed914	Contextual-Reasoning-about-Narrative-Intents-and-Reactions-consent.html																																									I am age 18 or older.:::Yes	I have read and understand the information above.:::Yes	I want to participate in this research and continue with the study.:::Yes
59f0acf65de9b000017ed914	e6st5gu				overall_goal:::plausible but somewhat unlikely		narrative_intent:::plausible and somewhat likely				author_emotional_response:::plausible and very likely					causal_explanation:::plausible and very likely			prediction:::plausible and somewhat likely						moral:::plausible but somewhat unlikely	narrative_feeling:::implausible or very unlikely							aesthetic_feeling:::plausible but somewhat unlikely			character_appraisal:::plausible and somewhat likely				stance:::plausible and somewhat likely				
5d2a3561d3edf900018016a1	9enke1			overall_goal:::plausible and very likely		narrative_intent:::implausible or very unlikely					author_emotional_response:::plausible and very likely				causal_explanation:::plausible and somewhat likely						prediction:::plausible but somewhat unlikely		moral:::plausible and somewhat likely			narrative_feeling:::implausible or very unlikely							aesthetic_feeling:::plausible but somewhat unlikely			character_appraisal:::plausible and somewhat likely				stance:::plausible and somewhat likely				
5d2a3561d3edf900018016a1	Contextual-Reasoning-about-Narrative-Intents-and-Reactions-consent.html																																									I am age 18 or older.:::Yes	I have read and understand the information above.:::Yes	I want to participate in this research and continue with the study.:::Yes
5d2a3561d3edf900018016a1	e6st5gu			overall_goal:::plausible and very likely					narrative_intent:::plausible but somewhat unlikely			author_emotional_response:::plausible and somewhat likely				causal_explanation:::plausible and very likely					prediction:::plausible but somewhat unlikely			moral:::plausible and very likely				narrative_feeling:::plausible and somewhat likely			aesthetic_feeling:::plausible and somewhat likely				character_appraisal:::plausible and very likely				stance:::plausible and very likely					
5d227f901e99f80018c60e1f	e5bop10	overall_goal:::implausible or very unlikely					narrative_intent:::plausible and somewhat likely					author_emotional_response:::plausible and somewhat likely				causal_explanation:::plausible and very likely			prediction:::plausible and somewhat likely				moral:::plausible and somewhat likely				narrative_feeling:::plausible and very likely				aesthetic_feeling:::plausible and somewhat likely					character_appraisal:::plausible and somewhat likely			stance:::plausible and very likely					
5d227f901e99f80018c60e1f	e6t03bg			overall_goal:::plausible and very likely				narrative_intent:::plausible and very likely				author_emotional_response:::plausible and somewhat likely				causal_explanation:::plausible and very likely		prediction:::implausible or very unlikely						moral:::plausible and very likely			narrative_feeling:::plausible and very likely					aesthetic_feeling:::plausible and very likely			character_appraisal:::plausible and very likely				stance:::plausible and very likely					
5d227f901e99f80018c60e1f	Contextual-Reasoning-about-Narrative-Intents-and-Reactions-consent.html																																									I am age 18 or older.:::Yes	I have read and understand the information above.:::Yes	I want to participate in this research and continue with the study.:::Yes
63acbbe336a9ca92853dca4a	e5bop10	overall_goal:::implausible or very unlikely						narrative_intent:::plausible and very likely				author_emotional_response:::plausible and somewhat likely				causal_explanation:::plausible and very likely			prediction:::plausible and somewhat likely					moral:::plausible and very likely			narrative_feeling:::plausible and very likely					aesthetic_feeling:::plausible and very likely				character_appraisal:::plausible and somewhat likely			stance:::plausible and very likely					
63acbbe336a9ca92853dca4a	e6t03bg			overall_goal:::plausible and very likely				narrative_intent:::plausible and very likely			author_emotional_response:::plausible and very likely					causal_explanation:::plausible and very likely		prediction:::implausible or very unlikely						moral:::plausible and very likely			narrative_feeling:::plausible and very likely					aesthetic_feeling:::plausible and very likely			character_appraisal:::plausible and very likely				stance:::plausible and very likely					
63acbbe336a9ca92853dca4a	Contextual-Reasoning-about-Narrative-Intents-and-Reactions-consent.html																																									I am age 18 or older.:::Yes	I have read and understand the information above.:::Yes	I want to participate in this research and continue with the study.:::Yes
678063ddb3b444c30ed8d792	e5q1efi			overall_goal:::plausible and very likely			narrative_intent:::plausible and somewhat likely			author_emotional_response:::implausible or very unlikely						causal_explanation:::plausible and very likely			prediction:::plausible and somewhat likely						moral:::plausible but somewhat unlikely			narrative_feeling:::plausible and somewhat likely			aesthetic_feeling:::plausible and somewhat likely					character_appraisal:::plausible and somewhat likely			stance:::plausible and very likely					
678063ddb3b444c30ed8d792	e5lqqkh			overall_goal:::plausible and very likely				narrative_intent:::plausible and very likely				author_emotional_response:::plausible and somewhat likely				causal_explanation:::plausible and very likely				prediction:::plausible and very likely			moral:::plausible and somewhat likely					narrative_feeling:::plausible and somewhat likely		aesthetic_feeling:::implausible or very unlikely				character_appraisal:::implausible or very unlikely					stance:::plausible and very likely					
678063ddb3b444c30ed8d792	Contextual-Reasoning-about-Narrative-Intents-and-Reactions-consent.html																																									I am age 18 or older.:::Yes	I have read and understand the information above.:::Yes	I want to participate in this research and continue with the study.:::Yes
66d8790772c9e0e4ee96259c	e5q1efi		overall_goal:::plausible and somewhat likely				narrative_intent:::plausible and somewhat likely			author_emotional_response:::implausible or very unlikely					causal_explanation:::plausible and somewhat likely				prediction:::plausible and somewhat likely				moral:::plausible and somewhat likely					narrative_feeling:::plausible and somewhat likely			aesthetic_feeling:::plausible and somewhat likely					character_appraisal:::plausible and somewhat likely					stance:::plausible but somewhat unlikely			
66d8790772c9e0e4ee96259c	e5lqqkh	overall_goal:::implausible or very unlikely					narrative_intent:::plausible and somewhat likely					author_emotional_response:::plausible and somewhat likely			causal_explanation:::plausible and somewhat likely				prediction:::plausible and somewhat likely				moral:::plausible and somewhat likely					narrative_feeling:::plausible and somewhat likely		aesthetic_feeling:::implausible or very unlikely					character_appraisal:::plausible and very likely					stance:::plausible and somewhat likely				
66d8790772c9e0e4ee96259c	Contextual-Reasoning-about-Narrative-Intents-and-Reactions-consent.html																																									I am age 18 or older.:::Yes	I have read and understand the information above.:::Yes	I want to participate in this research and continue with the study.:::Yes
68126e4de7ac5948d1c7013b	e6nlb33		overall_goal:::plausible and somewhat likely				narrative_intent:::plausible and somewhat likely					author_emotional_response:::plausible and somewhat likely					causal_explanation:::plausible but somewhat unlikely		prediction:::plausible and somewhat likely			moral:::implausible or very unlikely						narrative_feeling:::plausible and somewhat likely					aesthetic_feeling:::plausible but somewhat unlikely			character_appraisal:::plausible and somewhat likely				stance:::plausible and somewhat likely				
68126e4de7ac5948d1c7013b	e5wiok5			overall_goal:::plausible and very likely			narrative_intent:::plausible and somewhat likely					author_emotional_response:::plausible and somewhat likely			causal_explanation:::plausible and somewhat likely						prediction:::plausible but somewhat unlikely				moral:::plausible but somewhat unlikely		narrative_feeling:::plausible and very likely				aesthetic_feeling:::plausible and somewhat likely						character_appraisal:::plausible but somewhat unlikely			stance:::plausible and somewhat likely				
68126e4de7ac5948d1c7013b	Contextual-Reasoning-about-Narrative-Intents-and-Reactions-consent.html																																									I am age 18 or older.:::Yes	I have read and understand the information above.:::Yes	I want to participate in this research and continue with the study.:::Yes
67f45e1b361e2b3ebc9e7ed7	e6nlb33			overall_goal:::plausible and very likely				narrative_intent:::plausible and very likely			author_emotional_response:::plausible and very likely					causal_explanation:::plausible and very likely				prediction:::plausible and very likely		moral:::implausible or very unlikely					narrative_feeling:::plausible and very likely					aesthetic_feeling:::plausible and very likely			character_appraisal:::plausible and very likely					stance:::plausible and somewhat likely				
67f45e1b361e2b3ebc9e7ed7	e5wiok5			overall_goal:::plausible and very likely				narrative_intent:::plausible and very likely			author_emotional_response:::plausible and very likely					causal_explanation:::plausible and very likely				prediction:::plausible and very likely				moral:::plausible and very likely				narrative_feeling:::plausible and somewhat likely				aesthetic_feeling:::plausible and very likely		character_appraisal:::implausible or very unlikely					stance:::plausible and very likely					
67f45e1b361e2b3ebc9e7ed7	Contextual-Reasoning-about-Narrative-Intents-and-Reactions-consent.html																																									I am age 18 or older.:::Yes	I have read and understand the information above.:::Yes	I want to participate in this research and continue with the study.:::Yes
675849848f0cf4eebe7cbfc7	e6jw8y0	overall_goal:::implausible or very unlikely					narrative_intent:::plausible and somewhat likely						author_emotional_response:::plausible but somewhat unlikely		causal_explanation:::plausible and somewhat likely					prediction:::plausible and very likely			moral:::plausible and somewhat likely					narrative_feeling:::plausible and somewhat likely					aesthetic_feeling:::plausible but somewhat unlikely			character_appraisal:::plausible and somewhat likely				stance:::plausible and somewhat likely				
675849848f0cf4eebe7cbfc7	e6ugtqq			overall_goal:::plausible and very likely		narrative_intent:::implausible or very unlikely					author_emotional_response:::plausible and very likely				causal_explanation:::plausible and somewhat likely					prediction:::plausible and very likely				moral:::plausible and very likely				narrative_feeling:::plausible and somewhat likely				aesthetic_feeling:::plausible and very likely			character_appraisal:::plausible and very likely					stance:::plausible and somewhat likely				
675849848f0cf4eebe7cbfc7	Contextual-Reasoning-about-Narrative-Intents-and-Reactions-consent.html																																									I am age 18 or older.:::Yes	I have read and understand the information above.:::Yes	I want to participate in this research and continue with the study.:::Yes
677bd858893c80c095c22e05	e6jw8y0		overall_goal:::plausible and somewhat likely				narrative_intent:::plausible and somewhat likely						author_emotional_response:::plausible but somewhat unlikely		causal_explanation:::plausible and somewhat likely				prediction:::plausible and somewhat likely				moral:::plausible and somewhat likely						narrative_feeling:::plausible but somewhat unlikely		aesthetic_feeling:::plausible and somewhat likely						character_appraisal:::plausible but somewhat unlikely			stance:::plausible and somewhat likely				
677bd858893c80c095c22e05	e6ugtqq		overall_goal:::plausible and somewhat likely				narrative_intent:::plausible and somewhat likely						author_emotional_response:::plausible but somewhat unlikely		causal_explanation:::plausible and somewhat likely				prediction:::plausible and somewhat likely				moral:::plausible and somewhat likely						narrative_feeling:::plausible but somewhat unlikely			aesthetic_feeling:::plausible and very likely				character_appraisal:::plausible and somewhat likely				stance:::plausible and somewhat likely				
677bd858893c80c095c22e05	Contextual-Reasoning-about-Narrative-Intents-and-Reactions-consent.html																																									I am age 18 or older.:::Yes	I have read and understand the information above.:::Yes	I want to participate in this research and continue with the study.:::Yes
67533343c3a851ce61ebc3fe	e6lr65r			overall_goal:::plausible and very likely			narrative_intent:::plausible and somewhat likely					author_emotional_response:::plausible and somewhat likely		causal_explanation:::implausible or very unlikely						prediction:::plausible and very likely				moral:::plausible and very likely				narrative_feeling:::plausible and somewhat likely				aesthetic_feeling:::plausible and very likely				character_appraisal:::plausible and somewhat likely			stance:::plausible and very likely					
67533343c3a851ce61ebc3fe	Contextual-Reasoning-about-Narrative-Intents-and-Reactions-consent.html																																									I am age 18 or older.:::Yes	I have read and understand the information above.:::Yes	I want to participate in this research and continue with the study.:::Yes
67533343c3a851ce61ebc3fe	e59qhjy			overall_goal:::plausible and very likely				narrative_intent:::plausible and very likely				author_emotional_response:::plausible and somewhat likely				causal_explanation:::plausible and very likely				prediction:::plausible and very likely				moral:::plausible and very likely		narrative_feeling:::implausible or very unlikely						aesthetic_feeling:::plausible and very likely			character_appraisal:::plausible and very likely				stance:::plausible and very likely					
67da14ccd38d6a25f0c0c531	e6lr65r		overall_goal:::plausible and somewhat likely				narrative_intent:::plausible and somewhat likely					author_emotional_response:::plausible and somewhat likely		causal_explanation:::implausible or very unlikely					prediction:::plausible and somewhat likely					moral:::plausible and very likely				narrative_feeling:::plausible and somewhat likely				aesthetic_feeling:::plausible and very likely					character_appraisal:::plausible but somewhat unlikely		stance:::plausible and very likely					
67da14ccd38d6a25f0c0c531	Contextual-Reasoning-about-Narrative-Intents-and-Reactions-consent.html																																									I am age 18 or older.:::Yes	I have read and understand the information above.:::Yes	I want to participate in this research and continue with the study.:::Yes
67da14ccd38d6a25f0c0c531	e59qhjy			overall_goal:::plausible and very likely				narrative_intent:::plausible and very likely			author_emotional_response:::plausible and very likely				causal_explanation:::plausible and somewhat likely				prediction:::plausible and somewhat likely					moral:::plausible and very likely					narrative_feeling:::plausible but somewhat unlikely			aesthetic_feeling:::plausible and very likely				character_appraisal:::plausible and somewhat likely				stance:::plausible and somewhat likely				
650b03136ab3d4c832d98b71	e5i4xt4			overall_goal:::plausible and very likely				narrative_intent:::plausible and very likely		author_emotional_response:::implausible or very unlikely						causal_explanation:::plausible and very likely				prediction:::plausible and very likely			moral:::plausible and somewhat likely				narrative_feeling:::plausible and very likely					aesthetic_feeling:::plausible and very likely				character_appraisal:::plausible and somewhat likely			stance:::plausible and very likely					
650b03136ab3d4c832d98b71	Contextual-Reasoning-about-Narrative-Intents-and-Reactions-consent.html																																									I am age 18 or older.:::Yes	I have read and understand the information above.:::Yes	I want to participate in this research and continue with the study.:::Yes
650b03136ab3d4c832d98b71	e64a03d			overall_goal:::plausible and very likely				narrative_intent:::plausible and very likely		author_emotional_response:::implausible or very unlikely						causal_explanation:::plausible and very likely			prediction:::plausible and somewhat likely				moral:::plausible and somewhat likely				narrative_feeling:::plausible and very likely					aesthetic_feeling:::plausible and very likely				character_appraisal:::plausible and somewhat likely			stance:::plausible and very likely					
668d5aa05bd0c7fe4046fc48	e5i4xt4		overall_goal:::plausible and somewhat likely						narrative_intent:::plausible but somewhat unlikely				author_emotional_response:::plausible but somewhat unlikely				causal_explanation:::plausible but somewhat unlikely		prediction:::plausible and somewhat likely				moral:::plausible and somewhat likely					narrative_feeling:::plausible and somewhat likely			aesthetic_feeling:::plausible and somewhat likely						character_appraisal:::plausible but somewhat unlikely			stance:::plausible and somewhat likely				
668d5aa05bd0c7fe4046fc48	Contextual-Reasoning-about-Narrative-Intents-and-Reactions-consent.html																																									I am age 18 or older.:::Yes	I have read and understand the information above.:::Yes	I want to participate in this research and continue with the study.:::Yes
668d5aa05bd0c7fe4046fc48	e64a03d		overall_goal:::plausible and somewhat likely				narrative_intent:::plausible and somewhat likely						author_emotional_response:::plausible but somewhat unlikely		causal_explanation:::plausible and somewhat likely						prediction:::plausible but somewhat unlikely				moral:::plausible but somewhat unlikely			narrative_feeling:::plausible and somewhat likely			aesthetic_feeling:::plausible and somewhat likely					character_appraisal:::plausible and somewhat likely				stance:::plausible and somewhat likely				
5ed543442db0060a955d12e1	e57gxsc				overall_goal:::plausible but somewhat unlikely			narrative_intent:::plausible and very likely		author_emotional_response:::implausible or very unlikely					causal_explanation:::plausible and somewhat likely					prediction:::plausible and very likely					moral:::plausible but somewhat unlikely			narrative_feeling:::plausible and somewhat likely			aesthetic_feeling:::plausible and somewhat likely				character_appraisal:::plausible and very likely						stance:::plausible but somewhat unlikely			
5ed543442db0060a955d12e1	e5n68ll			overall_goal:::plausible and very likely			narrative_intent:::plausible and somewhat likely					author_emotional_response:::plausible and somewhat likely				causal_explanation:::plausible and very likely					prediction:::plausible but somewhat unlikely			moral:::plausible and very likely					narrative_feeling:::plausible but somewhat unlikely			aesthetic_feeling:::plausible and very likely		character_appraisal:::implausible or very unlikely				stance:::implausible or very unlikely						
5ed543442db0060a955d12e1	Contextual-Reasoning-about-Narrative-Intents-and-Reactions-consent.html																																									I am age 18 or older.:::Yes	I have read and understand the information above.:::Yes	I want to participate in this research and continue with the study.:::Yes
66dcb77e1afbc2e7fa393b87	e57gxsc			overall_goal:::plausible and very likely				narrative_intent:::plausible and very likely				author_emotional_response:::plausible and somewhat likely				causal_explanation:::plausible and very likely				prediction:::plausible and very likely		moral:::implausible or very unlikely					narrative_feeling:::plausible and very likely					aesthetic_feeling:::plausible and very likely				character_appraisal:::plausible and somewhat likely			stance:::plausible and very likely					
66dcb77e1afbc2e7fa393b87	e5n68ll			overall_goal:::plausible and very likely				narrative_intent:::plausible and very likely		author_emotional_response:::implausible or very unlikely					causal_explanation:::plausible and somewhat likely				prediction:::plausible and somewhat likely					moral:::plausible and very likely			narrative_feeling:::plausible and very likely					aesthetic_feeling:::plausible and very likely		character_appraisal:::implausible or very unlikely				stance:::implausible or very unlikely						
66dcb77e1afbc2e7fa393b87	Contextual-Reasoning-about-Narrative-Intents-and-Reactions-consent.html																																									I am age 18 or older.:::Yes	I have read and understand the information above.:::Yes	I want to participate in this research and continue with the study.:::Yes
67392af502e45d2cb8f19e6c	9hf26a	overall_goal:::implausible or very unlikely						narrative_intent:::plausible and very likely					author_emotional_response:::plausible but somewhat unlikely			causal_explanation:::plausible and very likely				prediction:::plausible and very likely			moral:::plausible and somewhat likely				narrative_feeling:::plausible and very likely					aesthetic_feeling:::plausible and very likely			character_appraisal:::plausible and very likely					stance:::plausible and somewhat likely				
67392af502e45d2cb8f19e6c	9jj3i7			overall_goal:::plausible and very likely				narrative_intent:::plausible and very likely					author_emotional_response:::plausible but somewhat unlikely		causal_explanation:::plausible and somewhat likely					prediction:::plausible and very likely				moral:::plausible and very likely			narrative_feeling:::plausible and very likely					aesthetic_feeling:::plausible and very likely			character_appraisal:::plausible and very likely					stance:::plausible and somewhat likely				
67392af502e45d2cb8f19e6c	Contextual-Reasoning-about-Narrative-Intents-and-Reactions-consent.html																																									I am age 18 or older.:::Yes	I have read and understand the information above.:::Yes	I want to participate in this research and continue with the study.:::Yes
67630089efa79e104ac0bb07	e5d1lug			overall_goal:::plausible and very likely				narrative_intent:::plausible and very likely				author_emotional_response:::plausible and somewhat likely			causal_explanation:::plausible and somewhat likely					prediction:::plausible and very likely				moral:::plausible and very likely				narrative_feeling:::plausible and somewhat likely			aesthetic_feeling:::plausible and somewhat likely					character_appraisal:::plausible and somewhat likely			stance:::plausible and very likely					
67630089efa79e104ac0bb07	e6lozm6		overall_goal:::plausible and somewhat likely					narrative_intent:::plausible and very likely				author_emotional_response:::plausible and somewhat likely			causal_explanation:::plausible and somewhat likely					prediction:::plausible and very likely				moral:::plausible and very likely				narrative_feeling:::plausible and somewhat likely				aesthetic_feeling:::plausible and very likely			character_appraisal:::plausible and very likely					stance:::plausible and somewhat likely				
67630089efa79e104ac0bb07	Contextual-Reasoning-about-Narrative-Intents-and-Reactions-consent.html																																									I am age 18 or older.:::Yes	I have read and understand the information above.:::Yes	I want to participate in this research and continue with the study.:::Yes
675c15e099767573c1619b7f	e5d1lug	overall_goal:::implausible or very unlikely				narrative_intent:::implausible or very unlikely						author_emotional_response:::plausible and somewhat likely		causal_explanation:::implausible or very unlikely				prediction:::implausible or very unlikely				moral:::implausible or very unlikely				narrative_feeling:::implausible or very unlikely				aesthetic_feeling:::implausible or very unlikely				character_appraisal:::implausible or very unlikely				stance:::implausible or very unlikely						
675c15e099767573c1619b7f	e6lozm6		overall_goal:::plausible and somewhat likely				narrative_intent:::plausible and somewhat likely					author_emotional_response:::plausible and somewhat likely			causal_explanation:::plausible and somewhat likely				prediction:::plausible and somewhat likely				moral:::plausible and somewhat likely					narrative_feeling:::plausible and somewhat likely			aesthetic_feeling:::plausible and somewhat likely					character_appraisal:::plausible and somewhat likely				stance:::plausible and somewhat likely				
675c15e099767573c1619b7f	Contextual-Reasoning-about-Narrative-Intents-and-Reactions-consent.html																																									I am age 18 or older.:::Yes	I have read and understand the information above.:::Yes	I want to participate in this research and continue with the study.:::Yes
660d9c69e00c5f367a748669	e657hb1			overall_goal:::plausible and very likely				narrative_intent:::plausible and very likely				author_emotional_response:::plausible and somewhat likely				causal_explanation:::plausible and very likely		prediction:::implausible or very unlikely						moral:::plausible and very likely				narrative_feeling:::plausible and somewhat likely			aesthetic_feeling:::plausible and somewhat likely						character_appraisal:::plausible but somewhat unlikely				stance:::plausible but somewhat unlikely			
660d9c69e00c5f367a748669	e5clreb			overall_goal:::plausible and very likely				narrative_intent:::plausible and very likely				author_emotional_response:::plausible and somewhat likely		causal_explanation:::implausible or very unlikely					prediction:::plausible and somewhat likely				moral:::plausible and somewhat likely					narrative_feeling:::plausible and somewhat likely			aesthetic_feeling:::plausible and somewhat likely						character_appraisal:::plausible but somewhat unlikely				stance:::plausible but somewhat unlikely			
660d9c69e00c5f367a748669	Contextual-Reasoning-about-Narrative-Intents-and-Reactions-consent.html																																									I am age 18 or older.:::Yes	I have read and understand the information above.:::Yes	I want to participate in this research and continue with the study.:::Yes
5fbb89e20ddd50a66ab62a67	e657hb1			overall_goal:::plausible and very likely				narrative_intent:::plausible and very likely			author_emotional_response:::plausible and very likely						causal_explanation:::plausible but somewhat unlikely	prediction:::implausible or very unlikely						moral:::plausible and very likely			narrative_feeling:::plausible and very likely				aesthetic_feeling:::plausible and somewhat likely					character_appraisal:::plausible and somewhat likely					stance:::plausible but somewhat unlikely			
5fbb89e20ddd50a66ab62a67	e5clreb			overall_goal:::plausible and very likely			narrative_intent:::plausible and somewhat likely			author_emotional_response:::implausible or very unlikely				causal_explanation:::implausible or very unlikely					prediction:::plausible and somewhat likely						moral:::plausible but somewhat unlikely				narrative_feeling:::plausible but somewhat unlikely		aesthetic_feeling:::plausible and somewhat likely					character_appraisal:::plausible and somewhat likely				stance:::plausible and somewhat likely				
5fbb89e20ddd50a66ab62a67	Contextual-Reasoning-about-Narrative-Intents-and-Reactions-consent.html																																									I am age 18 or older.:::Yes	I have read and understand the information above.:::Yes	I want to participate in this research and continue with the study.:::Yes
67fd46db088825e305648e1a	e5jy68w		overall_goal:::plausible and somewhat likely				narrative_intent:::plausible and somewhat likely					author_emotional_response:::plausible and somewhat likely					causal_explanation:::plausible but somewhat unlikely				prediction:::plausible but somewhat unlikely		moral:::plausible and somewhat likely					narrative_feeling:::plausible and somewhat likely			aesthetic_feeling:::plausible and somewhat likely						character_appraisal:::plausible but somewhat unlikely			stance:::plausible and somewhat likely				
67fd46db088825e305648e1a	e6k4ec1				overall_goal:::plausible but somewhat unlikely		narrative_intent:::plausible and somewhat likely					author_emotional_response:::plausible and somewhat likely			causal_explanation:::plausible and somewhat likely				prediction:::plausible and somewhat likely				moral:::plausible and somewhat likely					narrative_feeling:::plausible and somewhat likely					aesthetic_feeling:::plausible but somewhat unlikely			character_appraisal:::plausible and somewhat likely				stance:::plausible and somewhat likely				
67fd46db088825e305648e1a	Contextual-Reasoning-about-Narrative-Intents-and-Reactions-consent.html																																									I am age 18 or older.:::Yes	I have read and understand the information above.:::Yes	I want to participate in this research and continue with the study.:::Yes
66f934cc14ae5ebdcd94b1d8	e5jy68w		overall_goal:::plausible and somewhat likely				narrative_intent:::plausible and somewhat likely						author_emotional_response:::plausible but somewhat unlikely		causal_explanation:::plausible and somewhat likely				prediction:::plausible and somewhat likely						moral:::plausible but somewhat unlikely				narrative_feeling:::plausible but somewhat unlikely		aesthetic_feeling:::plausible and somewhat likely						character_appraisal:::plausible but somewhat unlikely			stance:::plausible and somewhat likely				
66f934cc14ae5ebdcd94b1d8	e6k4ec1		overall_goal:::plausible and somewhat likely						narrative_intent:::plausible but somewhat unlikely				author_emotional_response:::plausible but somewhat unlikely				causal_explanation:::plausible but somewhat unlikely			prediction:::plausible and very likely					moral:::plausible but somewhat unlikely			narrative_feeling:::plausible and somewhat likely			aesthetic_feeling:::plausible and somewhat likely						character_appraisal:::plausible but somewhat unlikely			stance:::plausible and somewhat likely				
66f934cc14ae5ebdcd94b1d8	Contextual-Reasoning-about-Narrative-Intents-and-Reactions-consent.html																																									I am age 18 or older.:::Yes	I have read and understand the information above.:::Yes	I want to participate in this research and continue with the study.:::Yes
680ebf035ab59d342f31726e	e5rdyfy		overall_goal:::plausible and somewhat likely				narrative_intent:::plausible and somewhat likely					author_emotional_response:::plausible and somewhat likely			causal_explanation:::plausible and somewhat likely				prediction:::plausible and somewhat likely				moral:::plausible and somewhat likely			narrative_feeling:::implausible or very unlikely					aesthetic_feeling:::plausible and somewhat likely					character_appraisal:::plausible and somewhat likely				stance:::plausible and somewhat likely				
680ebf035ab59d342f31726e	e66fbjh		overall_goal:::plausible and somewhat likely						narrative_intent:::plausible but somewhat unlikely	author_emotional_response:::implausible or very unlikely					causal_explanation:::plausible and somewhat likely				prediction:::plausible and somewhat likely				moral:::plausible and somewhat likely					narrative_feeling:::plausible and somewhat likely			aesthetic_feeling:::plausible and somewhat likely						character_appraisal:::plausible but somewhat unlikely			stance:::plausible and somewhat likely				
680ebf035ab59d342f31726e	Contextual-Reasoning-about-Narrative-Intents-and-Reactions-consent.html																																									I am age 18 or older.:::Yes	I have read and understand the information above.:::Yes	I want to participate in this research and continue with the study.:::Yes
67e060f70e183a0637568788	e6cxr8g				overall_goal:::plausible but somewhat unlikely				narrative_intent:::plausible but somewhat unlikely				author_emotional_response:::plausible but somewhat unlikely				causal_explanation:::plausible but somewhat unlikely				prediction:::plausible but somewhat unlikely		moral:::plausible and somewhat likely						narrative_feeling:::plausible but somewhat unlikely				aesthetic_feeling:::plausible but somewhat unlikely				character_appraisal:::plausible but somewhat unlikely				stance:::plausible but somewhat unlikely			
67e060f70e183a0637568788	e68lo1z				overall_goal:::plausible but somewhat unlikely				narrative_intent:::plausible but somewhat unlikely			author_emotional_response:::plausible and somewhat likely			causal_explanation:::plausible and somewhat likely				prediction:::plausible and somewhat likely						moral:::plausible but somewhat unlikely				narrative_feeling:::plausible but somewhat unlikely				aesthetic_feeling:::plausible but somewhat unlikely			character_appraisal:::plausible and somewhat likely					stance:::plausible but somewhat unlikely			
67e060f70e183a0637568788	Contextual-Reasoning-about-Narrative-Intents-and-Reactions-consent.html																																									I am age 18 or older.:::Yes	I have read and understand the information above.:::Yes	I want to participate in this research and continue with the study.:::Yes
628f572a2d1304a34b9e1a37	e6cxr8g	overall_goal:::implausible or very unlikely					narrative_intent:::plausible and somewhat likely					author_emotional_response:::plausible and somewhat likely					causal_explanation:::plausible but somewhat unlikely		prediction:::plausible and somewhat likely						moral:::plausible but somewhat unlikely			narrative_feeling:::plausible and somewhat likely			aesthetic_feeling:::plausible and somewhat likely				character_appraisal:::plausible and very likely					stance:::plausible and somewhat likely				
628f572a2d1304a34b9e1a37	e68lo1z		overall_goal:::plausible and somewhat likely				narrative_intent:::plausible and somewhat likely						author_emotional_response:::plausible but somewhat unlikely	causal_explanation:::implausible or very unlikely					prediction:::plausible and somewhat likely						moral:::plausible but somewhat unlikely				narrative_feeling:::plausible but somewhat unlikely				aesthetic_feeling:::plausible but somewhat unlikely	character_appraisal:::implausible or very unlikely							stance:::plausible but somewhat unlikely			
628f572a2d1304a34b9e1a37	Contextual-Reasoning-about-Narrative-Intents-and-Reactions-consent.html																																									I am age 18 or older.:::Yes	I have read and understand the information above.:::Yes	I want to participate in this research and continue with the study.:::Yes
675446c5f818f94a8bc8d351	e5q5oxw		overall_goal:::plausible and somewhat likely					narrative_intent:::plausible and very likely		author_emotional_response:::implausible or very unlikely					causal_explanation:::plausible and somewhat likely					prediction:::plausible and very likely				moral:::plausible and very likely				narrative_feeling:::plausible and somewhat likely				aesthetic_feeling:::plausible and very likely				character_appraisal:::plausible and somewhat likely				stance:::plausible and somewhat likely				
675446c5f818f94a8bc8d351	Contextual-Reasoning-about-Narrative-Intents-and-Reactions-consent.html																																									I am age 18 or older.:::Yes	I have read and understand the information above.:::Yes	I want to participate in this research and continue with the study.:::Yes
675446c5f818f94a8bc8d351	e6uvfmj		overall_goal:::plausible and somewhat likely				narrative_intent:::plausible and somewhat likely						author_emotional_response:::plausible but somewhat unlikely			causal_explanation:::plausible and very likely			prediction:::plausible and somewhat likely					moral:::plausible and very likely				narrative_feeling:::plausible and somewhat likely					aesthetic_feeling:::plausible but somewhat unlikely			character_appraisal:::plausible and somewhat likely		stance:::implausible or very unlikely						
671ab0904de8eb7273ae9d42	e5q5oxw	overall_goal:::implausible or very unlikely						narrative_intent:::plausible and very likely		author_emotional_response:::implausible or very unlikely				causal_explanation:::implausible or very unlikely						prediction:::plausible and very likely				moral:::plausible and very likely				narrative_feeling:::plausible and somewhat likely			aesthetic_feeling:::plausible and somewhat likely					character_appraisal:::plausible and somewhat likely					stance:::plausible but somewhat unlikely			
671ab0904de8eb7273ae9d42	Contextual-Reasoning-about-Narrative-Intents-and-Reactions-consent.html																																									I am age 18 or older.:::Yes	I have read and understand the information above.:::Yes	I want to participate in this research and continue with the study.:::Yes
671ab0904de8eb7273ae9d42	e6uvfmj				overall_goal:::plausible but somewhat unlikely	narrative_intent:::implausible or very unlikely							author_emotional_response:::plausible but somewhat unlikely		causal_explanation:::plausible and somewhat likely				prediction:::plausible and somewhat likely				moral:::plausible and somewhat likely						narrative_feeling:::plausible but somewhat unlikely		aesthetic_feeling:::plausible and somewhat likely					character_appraisal:::plausible and somewhat likely				stance:::plausible and somewhat likely				
66293ab7b323f5f7ce785c38	e5far6v		overall_goal:::plausible and somewhat likely					narrative_intent:::plausible and very likely		author_emotional_response:::implausible or very unlikely						causal_explanation:::plausible and very likely					prediction:::plausible but somewhat unlikely		moral:::plausible and somewhat likely					narrative_feeling:::plausible and somewhat likely			aesthetic_feeling:::plausible and somewhat likely				character_appraisal:::plausible and very likely				stance:::plausible and very likely					
66293ab7b323f5f7ce785c38	e5ep5r3			overall_goal:::plausible and very likely		narrative_intent:::implausible or very unlikely						author_emotional_response:::plausible and somewhat likely				causal_explanation:::plausible and very likely				prediction:::plausible and very likely				moral:::plausible and very likely			narrative_feeling:::plausible and very likely					aesthetic_feeling:::plausible and very likely				character_appraisal:::plausible and somewhat likely				stance:::plausible and somewhat likely				
66293ab7b323f5f7ce785c38	Contextual-Reasoning-about-Narrative-Intents-and-Reactions-consent.html																																									I am age 18 or older.:::Yes	I have read and understand the information above.:::Yes	I want to participate in this research and continue with the study.:::Yes
5f0dd2b1550adb080d02763f	e5far6v	overall_goal:::implausible or very unlikely						narrative_intent:::plausible and very likely		author_emotional_response:::implausible or very unlikely					causal_explanation:::plausible and somewhat likely				prediction:::plausible and somewhat likely						moral:::plausible but somewhat unlikely				narrative_feeling:::plausible but somewhat unlikely		aesthetic_feeling:::plausible and somewhat likely			character_appraisal:::implausible or very unlikely							stance:::plausible but somewhat unlikely			
5f0dd2b1550adb080d02763f	e5ep5r3		overall_goal:::plausible and somewhat likely			narrative_intent:::implausible or very unlikely					author_emotional_response:::plausible and very likely					causal_explanation:::plausible and very likely				prediction:::plausible and very likely				moral:::plausible and very likely			narrative_feeling:::plausible and very likely						aesthetic_feeling:::plausible but somewhat unlikely				character_appraisal:::plausible but somewhat unlikely				stance:::plausible but somewhat unlikely			
5f0dd2b1550adb080d02763f	Contextual-Reasoning-about-Narrative-Intents-and-Reactions-consent.html																																									I am age 18 or older.:::Yes	I have read and understand the information above.:::Yes	I want to participate in this research and continue with the study.:::Yes
6735b2a6112cf17b7b8df8d1	e5jg7p9		overall_goal:::plausible and somewhat likely				narrative_intent:::plausible and somewhat likely						author_emotional_response:::plausible but somewhat unlikely	causal_explanation:::implausible or very unlikely							prediction:::plausible but somewhat unlikely			moral:::plausible and very likely		narrative_feeling:::implausible or very unlikely					aesthetic_feeling:::plausible and somewhat likely					character_appraisal:::plausible and somewhat likely				stance:::plausible and somewhat likely				
6735b2a6112cf17b7b8df8d1	e5c8yxu			overall_goal:::plausible and very likely		narrative_intent:::implausible or very unlikely						author_emotional_response:::plausible and somewhat likely			causal_explanation:::plausible and somewhat likely			prediction:::implausible or very unlikely					moral:::plausible and somewhat likely						narrative_feeling:::plausible but somewhat unlikely				aesthetic_feeling:::plausible but somewhat unlikely	character_appraisal:::implausible or very unlikely							stance:::plausible but somewhat unlikely			
6735b2a6112cf17b7b8df8d1	Contextual-Reasoning-about-Narrative-Intents-and-Reactions-consent.html																																									I am age 18 or older.:::Yes	I have read and understand the information above.:::Yes	I want to participate in this research and continue with the study.:::Yes
5d22526f851927001e3a515a	e5jg7p9		overall_goal:::plausible and somewhat likely					narrative_intent:::plausible and very likely			author_emotional_response:::plausible and very likely						causal_explanation:::plausible but somewhat unlikely				prediction:::plausible but somewhat unlikely		moral:::plausible and somewhat likely			narrative_feeling:::implausible or very unlikely					aesthetic_feeling:::plausible and somewhat likely				character_appraisal:::plausible and very likely						stance:::plausible but somewhat unlikely			
5d22526f851927001e3a515a	e5c8yxu			overall_goal:::plausible and very likely		narrative_intent:::implausible or very unlikely				author_emotional_response:::implausible or very unlikely					causal_explanation:::plausible and somewhat likely						prediction:::plausible but somewhat unlikely				moral:::plausible but somewhat unlikely		narrative_feeling:::plausible and very likely						aesthetic_feeling:::plausible but somewhat unlikely	character_appraisal:::implausible or very unlikely					stance:::plausible and very likely					
5d22526f851927001e3a515a	Contextual-Reasoning-about-Narrative-Intents-and-Reactions-consent.html																																									I am age 18 or older.:::Yes	I have read and understand the information above.:::Yes	I want to participate in this research and continue with the study.:::Yes
67d75efd39a97429e142a691	e5ov5ph			overall_goal:::plausible and very likely				narrative_intent:::plausible and very likely				author_emotional_response:::plausible and somewhat likely		causal_explanation:::implausible or very unlikely					prediction:::plausible and somewhat likely				moral:::plausible and somewhat likely						narrative_feeling:::plausible but somewhat unlikely		aesthetic_feeling:::plausible and somewhat likely					character_appraisal:::plausible and somewhat likely				stance:::plausible and somewhat likely				
67d75efd39a97429e142a691	e6fkepz				overall_goal:::plausible but somewhat unlikely		narrative_intent:::plausible and somewhat likely					author_emotional_response:::plausible and somewhat likely				causal_explanation:::plausible and very likely					prediction:::plausible but somewhat unlikely		moral:::plausible and somewhat likely					narrative_feeling:::plausible and somewhat likely			aesthetic_feeling:::plausible and somewhat likely					character_appraisal:::plausible and somewhat likely				stance:::plausible and somewhat likely				
67d75efd39a97429e142a691	Contextual-Reasoning-about-Narrative-Intents-and-Reactions-consent.html																																									I am age 18 or older.:::Yes	I have read and understand the information above.:::Yes	I want to participate in this research and continue with the study.:::Yes
67104869a47a61b561900be7	e5ov5ph			overall_goal:::plausible and very likely			narrative_intent:::plausible and somewhat likely				author_emotional_response:::plausible and very likely					causal_explanation:::plausible and very likely				prediction:::plausible and very likely				moral:::plausible and very likely			narrative_feeling:::plausible and very likely			aesthetic_feeling:::implausible or very unlikely						character_appraisal:::plausible and somewhat likely				stance:::plausible and somewhat likely				
67104869a47a61b561900be7	e6fkepz	overall_goal:::implausible or very unlikely				narrative_intent:::implausible or very unlikely						author_emotional_response:::plausible and somewhat likely					causal_explanation:::plausible but somewhat unlikely	prediction:::implausible or very unlikely				moral:::implausible or very unlikely						narrative_feeling:::plausible and somewhat likely		aesthetic_feeling:::implausible or very unlikely				character_appraisal:::implausible or very unlikely						stance:::plausible and somewhat likely				
67104869a47a61b561900be7	Contextual-Reasoning-about-Narrative-Intents-and-Reactions-consent.html																																									I am age 18 or older.:::Yes	I have read and understand the information above.:::Yes	I want to participate in this research and continue with the study.:::Yes
601b28841ca7bb2f8edaa293	e64jbc4			overall_goal:::plausible and very likely				narrative_intent:::plausible and very likely			author_emotional_response:::plausible and very likely			causal_explanation:::implausible or very unlikely						prediction:::plausible and very likely			moral:::plausible and somewhat likely				narrative_feeling:::plausible and very likely				aesthetic_feeling:::plausible and somewhat likely						character_appraisal:::plausible but somewhat unlikely		stance:::plausible and very likely					
601b28841ca7bb2f8edaa293	Contextual-Reasoning-about-Narrative-Intents-and-Reactions-consent.html																																									I am age 18 or older.:::Yes	I have read and understand the information above.:::Yes	I want to participate in this research and continue with the study.:::Yes
601b28841ca7bb2f8edaa293	e63ii2g			overall_goal:::plausible and very likely				narrative_intent:::plausible and very likely			author_emotional_response:::plausible and very likely			causal_explanation:::implausible or very unlikely						prediction:::plausible and very likely			moral:::plausible and somewhat likely					narrative_feeling:::plausible and somewhat likely				aesthetic_feeling:::plausible and very likely			character_appraisal:::plausible and very likely				stance:::plausible and very likely					
6791a8549ed23cc3997dd33a	e64jbc4		overall_goal:::plausible and somewhat likely						narrative_intent:::plausible but somewhat unlikely				author_emotional_response:::plausible but somewhat unlikely		causal_explanation:::plausible and somewhat likely					prediction:::plausible and very likely			moral:::plausible and somewhat likely						narrative_feeling:::plausible but somewhat unlikely		aesthetic_feeling:::plausible and somewhat likely					character_appraisal:::plausible and somewhat likely				stance:::plausible and somewhat likely				
6791a8549ed23cc3997dd33a	Contextual-Reasoning-about-Narrative-Intents-and-Reactions-consent.html																																									I am age 18 or older.:::Yes	I have read and understand the information above.:::Yes	I want to participate in this research and continue with the study.:::Yes
6791a8549ed23cc3997dd33a	e63ii2g	overall_goal:::implausible or very unlikely							narrative_intent:::plausible but somewhat unlikely			author_emotional_response:::plausible and somewhat likely				causal_explanation:::plausible and very likely				prediction:::plausible and very likely				moral:::plausible and very likely			narrative_feeling:::plausible and very likely				aesthetic_feeling:::plausible and somewhat likely				character_appraisal:::plausible and very likely				stance:::plausible and very likely					
675db540aa7e20750aa47a71	e5sxv2h		overall_goal:::plausible and somewhat likely				narrative_intent:::plausible and somewhat likely					author_emotional_response:::plausible and somewhat likely					causal_explanation:::plausible but somewhat unlikely				prediction:::plausible but somewhat unlikely		moral:::plausible and somewhat likely			narrative_feeling:::implausible or very unlikely				aesthetic_feeling:::implausible or very unlikely						character_appraisal:::plausible and somewhat likely				stance:::plausible and somewhat likely				
675db540aa7e20750aa47a71	e65kryx	overall_goal:::implausible or very unlikely					narrative_intent:::plausible and somewhat likely					author_emotional_response:::plausible and somewhat likely					causal_explanation:::plausible but somewhat unlikely		prediction:::plausible and somewhat likely					moral:::plausible and very likely				narrative_feeling:::plausible and somewhat likely				aesthetic_feeling:::plausible and very likely				character_appraisal:::plausible and somewhat likely				stance:::plausible and somewhat likely				
675db540aa7e20750aa47a71	Contextual-Reasoning-about-Narrative-Intents-and-Reactions-consent.html																																									I am age 18 or older.:::Yes	I have read and understand the information above.:::Yes	I want to participate in this research and continue with the study.:::Yes
60838e2e91a6300001f9ac89	e5m11sf		overall_goal:::plausible and somewhat likely			narrative_intent:::implausible or very unlikely						author_emotional_response:::plausible and somewhat likely		causal_explanation:::implausible or very unlikely						prediction:::plausible and very likely					moral:::plausible but somewhat unlikely		narrative_feeling:::plausible and very likely			aesthetic_feeling:::implausible or very unlikely						character_appraisal:::plausible and somewhat likely			stance:::plausible and very likely					
60838e2e91a6300001f9ac89	e5w8bfx			overall_goal:::plausible and very likely				narrative_intent:::plausible and very likely					author_emotional_response:::plausible but somewhat unlikely			causal_explanation:::plausible and very likely			prediction:::plausible and somewhat likely					moral:::plausible and very likely			narrative_feeling:::plausible and very likely				aesthetic_feeling:::plausible and somewhat likely					character_appraisal:::plausible and somewhat likely			stance:::plausible and very likely					
60838e2e91a6300001f9ac89	Contextual-Reasoning-about-Narrative-Intents-and-Reactions-consent.html																																									I am age 18 or older.:::Yes	I have read and understand the information above.:::Yes	I want to participate in this research and continue with the study.:::Yes
60fcf49be5dd0924d4eba91d	e6ceuh8			overall_goal:::plausible and very likely				narrative_intent:::plausible and very likely		author_emotional_response:::implausible or very unlikely				causal_explanation:::implausible or very unlikely					prediction:::plausible and somewhat likely					moral:::plausible and very likely					narrative_feeling:::plausible but somewhat unlikely				aesthetic_feeling:::plausible but somewhat unlikely	character_appraisal:::implausible or very unlikely						stance:::plausible and somewhat likely				
60fcf49be5dd0924d4eba91d	e68qf2e			overall_goal:::plausible and very likely			narrative_intent:::plausible and somewhat likely			author_emotional_response:::implausible or very unlikely						causal_explanation:::plausible and very likely				prediction:::plausible and very likely		moral:::implausible or very unlikely						narrative_feeling:::plausible and somewhat likely		aesthetic_feeling:::implausible or very unlikely						character_appraisal:::plausible and somewhat likely				stance:::plausible and somewhat likely				
60fcf49be5dd0924d4eba91d	Contextual-Reasoning-about-Narrative-Intents-and-Reactions-consent.html																																									I am age 18 or older.:::Yes	I have read and understand the information above.:::Yes	I want to participate in this research and continue with the study.:::Yes
67d8c04be2e8a181868b0d3f	e6ceuh8	overall_goal:::implausible or very unlikely				narrative_intent:::implausible or very unlikely							author_emotional_response:::plausible but somewhat unlikely		causal_explanation:::plausible and somewhat likely				prediction:::plausible and somewhat likely			moral:::implausible or very unlikely						narrative_feeling:::plausible and somewhat likely			aesthetic_feeling:::plausible and somewhat likely						character_appraisal:::plausible but somewhat unlikely				stance:::plausible but somewhat unlikely			
67d8c04be2e8a181868b0d3f	e68qf2e				overall_goal:::plausible but somewhat unlikely	narrative_intent:::implausible or very unlikely							author_emotional_response:::plausible but somewhat unlikely	causal_explanation:::implausible or very unlikely					prediction:::plausible and somewhat likely			moral:::implausible or very unlikely						narrative_feeling:::plausible and somewhat likely			aesthetic_feeling:::plausible and somewhat likely					character_appraisal:::plausible and somewhat likely		stance:::implausible or very unlikely						
67d8c04be2e8a181868b0d3f	Contextual-Reasoning-about-Narrative-Intents-and-Reactions-consent.html																																									I am age 18 or older.:::Yes	I have read and understand the information above.:::Yes	I want to participate in this research and continue with the study.:::Yes
5cbe04b4f429ff00159de30e	e6uhbho	overall_goal:::implausible or very unlikely						narrative_intent:::plausible and very likely				author_emotional_response:::plausible and somewhat likely					causal_explanation:::plausible but somewhat unlikely		prediction:::plausible and somewhat likely						moral:::plausible but somewhat unlikely		narrative_feeling:::plausible and very likely			aesthetic_feeling:::implausible or very unlikely						character_appraisal:::plausible and somewhat likely			stance:::plausible and very likely					
5cbe04b4f429ff00159de30e	e6jo4ys			overall_goal:::plausible and very likely				narrative_intent:::plausible and very likely		author_emotional_response:::implausible or very unlikely						causal_explanation:::plausible and very likely			prediction:::plausible and somewhat likely					moral:::plausible and very likely			narrative_feeling:::plausible and very likely				aesthetic_feeling:::plausible and somewhat likely				character_appraisal:::plausible and very likely				stance:::plausible and very likely					
5cbe04b4f429ff00159de30e	Contextual-Reasoning-about-Narrative-Intents-and-Reactions-consent.html																																									I am age 18 or older.:::Yes	I have read and understand the information above.:::Yes	I want to participate in this research and continue with the study.:::Yes
67e197b6170c6266e42da0eb	e5khl80		overall_goal:::plausible and somewhat likely				narrative_intent:::plausible and somewhat likely						author_emotional_response:::plausible but somewhat unlikely			causal_explanation:::plausible and very likely			prediction:::plausible and somewhat likely				moral:::plausible and somewhat likely					narrative_feeling:::plausible and somewhat likely			aesthetic_feeling:::plausible and somewhat likely				character_appraisal:::plausible and very likely					stance:::plausible and somewhat likely				
67e197b6170c6266e42da0eb	e6i4g0s			overall_goal:::plausible and very likely				narrative_intent:::plausible and very likely			author_emotional_response:::plausible and very likely				causal_explanation:::plausible and somewhat likely						prediction:::plausible but somewhat unlikely		moral:::plausible and somewhat likely					narrative_feeling:::plausible and somewhat likely			aesthetic_feeling:::plausible and somewhat likely					character_appraisal:::plausible and somewhat likely			stance:::plausible and very likely					
67e197b6170c6266e42da0eb	Contextual-Reasoning-about-Narrative-Intents-and-Reactions-consent.html																																									I am age 18 or older.:::Yes	I have read and understand the information above.:::Yes	I want to participate in this research and continue with the study.:::Yes
6545400d6d15a71561d3d2e9	e5khl80			overall_goal:::plausible and very likely				narrative_intent:::plausible and very likely		author_emotional_response:::implausible or very unlikely				causal_explanation:::implausible or very unlikely				prediction:::implausible or very unlikely							moral:::plausible but somewhat unlikely				narrative_feeling:::plausible but somewhat unlikely		aesthetic_feeling:::plausible and somewhat likely						character_appraisal:::plausible but somewhat unlikely	stance:::implausible or very unlikely						
6545400d6d15a71561d3d2e9	e6i4g0s			overall_goal:::plausible and very likely					narrative_intent:::plausible but somewhat unlikely			author_emotional_response:::plausible and somewhat likely			causal_explanation:::plausible and somewhat likely						prediction:::plausible but somewhat unlikely		moral:::plausible and somewhat likely					narrative_feeling:::plausible and somewhat likely			aesthetic_feeling:::plausible and somewhat likely					character_appraisal:::plausible and somewhat likely			stance:::plausible and very likely					
6545400d6d15a71561d3d2e9	Contextual-Reasoning-about-Narrative-Intents-and-Reactions-consent.html																																									I am age 18 or older.:::Yes	I have read and understand the information above.:::Yes	I want to participate in this research and continue with the study.:::Yes
5bf8f34abdd6400001bd5e66	e5ibnsd		overall_goal:::plausible and somewhat likely				narrative_intent:::plausible and somewhat likely					author_emotional_response:::plausible and somewhat likely			causal_explanation:::plausible and somewhat likely			prediction:::implausible or very unlikely				moral:::implausible or very unlikely							narrative_feeling:::plausible but somewhat unlikely	aesthetic_feeling:::implausible or very unlikely				character_appraisal:::implausible or very unlikely							stance:::plausible but somewhat unlikely			
5bf8f34abdd6400001bd5e66	e5ihe6y				overall_goal:::plausible but somewhat unlikely		narrative_intent:::plausible and somewhat likely				author_emotional_response:::plausible and very likely			causal_explanation:::implausible or very unlikely				prediction:::implausible or very unlikely					moral:::plausible and somewhat likely						narrative_feeling:::plausible but somewhat unlikely			aesthetic_feeling:::plausible and very likely					character_appraisal:::plausible but somewhat unlikely		stance:::plausible and very likely					
5bf8f34abdd6400001bd5e66	Contextual-Reasoning-about-Narrative-Intents-and-Reactions-consent.html																																									I am age 18 or older.:::Yes	I have read and understand the information above.:::Yes	I want to participate in this research and continue with the study.:::Yes
65e7795d1685521fd01bd49a	e6ows7t			overall_goal:::plausible and very likely				narrative_intent:::plausible and very likely					author_emotional_response:::plausible but somewhat unlikely		causal_explanation:::plausible and somewhat likely				prediction:::plausible and somewhat likely				moral:::plausible and somewhat likely			narrative_feeling:::implausible or very unlikely					aesthetic_feeling:::plausible and somewhat likely					character_appraisal:::plausible and somewhat likely				stance:::plausible and somewhat likely				
65e7795d1685521fd01bd49a	e6h8fsy			overall_goal:::plausible and very likely				narrative_intent:::plausible and very likely			author_emotional_response:::plausible and very likely				causal_explanation:::plausible and somewhat likely			prediction:::implausible or very unlikely					moral:::plausible and somewhat likely				narrative_feeling:::plausible and very likely					aesthetic_feeling:::plausible and very likely				character_appraisal:::plausible and somewhat likely			stance:::plausible and very likely					
65e7795d1685521fd01bd49a	Contextual-Reasoning-about-Narrative-Intents-and-Reactions-consent.html																																									I am age 18 or older.:::Yes	I have read and understand the information above.:::Yes	I want to participate in this research and continue with the study.:::Yes
60b8242021561f7827855c02	e594g87			overall_goal:::plausible and very likely		narrative_intent:::implausible or very unlikely						author_emotional_response:::plausible and somewhat likely				causal_explanation:::plausible and very likely				prediction:::plausible and very likely				moral:::plausible and very likely			narrative_feeling:::plausible and very likely					aesthetic_feeling:::plausible and very likely			character_appraisal:::plausible and very likely			stance:::implausible or very unlikely						
60b8242021561f7827855c02	Contextual-Reasoning-about-Narrative-Intents-and-Reactions-consent.html																																									I am age 18 or older.:::Yes	I have read and understand the information above.:::Yes	I want to participate in this research and continue with the study.:::Yes
60b8242021561f7827855c02	e5e8xj1			overall_goal:::plausible and very likely				narrative_intent:::plausible and very likely			author_emotional_response:::plausible and very likely					causal_explanation:::plausible and very likely			prediction:::plausible and somewhat likely					moral:::plausible and very likely				narrative_feeling:::plausible and somewhat likely			aesthetic_feeling:::plausible and somewhat likely					character_appraisal:::plausible and somewhat likely			stance:::plausible and very likely					
672268205351c30413c9837e	e594g87			overall_goal:::plausible and very likely		narrative_intent:::implausible or very unlikely					author_emotional_response:::plausible and very likely					causal_explanation:::plausible and very likely			prediction:::plausible and somewhat likely					moral:::plausible and very likely				narrative_feeling:::plausible and somewhat likely			aesthetic_feeling:::plausible and somewhat likely					character_appraisal:::plausible and somewhat likely				stance:::plausible and somewhat likely				
672268205351c30413c9837e	Contextual-Reasoning-about-Narrative-Intents-and-Reactions-consent.html																																									I am age 18 or older.:::Yes	I have read and understand the information above.:::Yes	I want to participate in this research and continue with the study.:::Yes
672268205351c30413c9837e	e5e8xj1		overall_goal:::plausible and somewhat likely					narrative_intent:::plausible and very likely				author_emotional_response:::plausible and somewhat likely				causal_explanation:::plausible and very likely			prediction:::plausible and somewhat likely				moral:::plausible and somewhat likely					narrative_feeling:::plausible and somewhat likely			aesthetic_feeling:::plausible and somewhat likely				character_appraisal:::plausible and very likely				stance:::plausible and very likely					
615914a33224dc31f1045612	e5owhqz	overall_goal:::implausible or very unlikely							narrative_intent:::plausible but somewhat unlikely			author_emotional_response:::plausible and somewhat likely				causal_explanation:::plausible and very likely				prediction:::plausible and very likely			moral:::plausible and somewhat likely				narrative_feeling:::plausible and very likely					aesthetic_feeling:::plausible and very likely					character_appraisal:::plausible but somewhat unlikely		stance:::plausible and very likely					
615914a33224dc31f1045612	e6qweyg			overall_goal:::plausible and very likely				narrative_intent:::plausible and very likely				author_emotional_response:::plausible and somewhat likely			causal_explanation:::plausible and somewhat likely					prediction:::plausible and very likely			moral:::plausible and somewhat likely					narrative_feeling:::plausible and somewhat likely				aesthetic_feeling:::plausible and very likely		character_appraisal:::implausible or very unlikely					stance:::plausible and very likely					
615914a33224dc31f1045612	Contextual-Reasoning-about-Narrative-Intents-and-Reactions-consent.html																																									I am age 18 or older.:::Yes	I have read and understand the information above.:::Yes	I want to participate in this research and continue with the study.:::Yes
650b2ee81386e0c27f7efe26	e5owhqz	overall_goal:::implausible or very unlikely				narrative_intent:::implausible or very unlikely						author_emotional_response:::plausible and somewhat likely				causal_explanation:::plausible and very likely			prediction:::plausible and somewhat likely				moral:::plausible and somewhat likely				narrative_feeling:::plausible and very likely						aesthetic_feeling:::plausible but somewhat unlikely			character_appraisal:::plausible and somewhat likely					stance:::plausible but somewhat unlikely			
650b2ee81386e0c27f7efe26	e6qweyg	overall_goal:::implausible or very unlikely							narrative_intent:::plausible but somewhat unlikely			author_emotional_response:::plausible and somewhat likely			causal_explanation:::plausible and somewhat likely						prediction:::plausible but somewhat unlikely		moral:::plausible and somewhat likely						narrative_feeling:::plausible but somewhat unlikely				aesthetic_feeling:::plausible but somewhat unlikely	character_appraisal:::implausible or very unlikely						stance:::plausible and somewhat likely				
650b2ee81386e0c27f7efe26	Contextual-Reasoning-about-Narrative-Intents-and-Reactions-consent.html																																									I am age 18 or older.:::Yes	I have read and understand the information above.:::Yes	I want to participate in this research and continue with the study.:::Yes
66d0a375c1c8aa9cac493997	e6xgwuu	overall_goal:::implausible or very unlikely						narrative_intent:::plausible and very likely				author_emotional_response:::plausible and somewhat likely			causal_explanation:::plausible and somewhat likely					prediction:::plausible and very likely				moral:::plausible and very likely			narrative_feeling:::plausible and very likely					aesthetic_feeling:::plausible and very likely				character_appraisal:::plausible and somewhat likely			stance:::plausible and very likely					
66d0a375c1c8aa9cac493997	e5qs344			overall_goal:::plausible and very likely		narrative_intent:::implausible or very unlikely						author_emotional_response:::plausible and somewhat likely		causal_explanation:::implausible or very unlikely					prediction:::plausible and somewhat likely					moral:::plausible and very likely			narrative_feeling:::plausible and very likely				aesthetic_feeling:::plausible and somewhat likely			character_appraisal:::implausible or very unlikely					stance:::plausible and very likely					
66d0a375c1c8aa9cac493997	Contextual-Reasoning-about-Narrative-Intents-and-Reactions-consent.html																																									I am age 18 or older.:::Yes	I have read and understand the information above.:::Yes	I want to participate in this research and continue with the study.:::Yes
67f083fe2557073ca3e175a6	e6xgwuu		overall_goal:::plausible and somewhat likely				narrative_intent:::plausible and somewhat likely					author_emotional_response:::plausible and somewhat likely			causal_explanation:::plausible and somewhat likely				prediction:::plausible and somewhat likely					moral:::plausible and very likely				narrative_feeling:::plausible and somewhat likely			aesthetic_feeling:::plausible and somewhat likely					character_appraisal:::plausible and somewhat likely				stance:::plausible and somewhat likely				
67f083fe2557073ca3e175a6	e5qs344				overall_goal:::plausible but somewhat unlikely		narrative_intent:::plausible and somewhat likely					author_emotional_response:::plausible and somewhat likely					causal_explanation:::plausible but somewhat unlikely				prediction:::plausible but somewhat unlikely				moral:::plausible but somewhat unlikely			narrative_feeling:::plausible and somewhat likely			aesthetic_feeling:::plausible and somewhat likely					character_appraisal:::plausible and somewhat likely					stance:::plausible but somewhat unlikely			
67f083fe2557073ca3e175a6	Contextual-Reasoning-about-Narrative-Intents-and-Reactions-consent.html																																									I am age 18 or older.:::Yes	I have read and understand the information above.:::Yes	I want to participate in this research and continue with the study.:::Yes
66b4d2ee1ac8c5e9060a6930	e6spgy8	overall_goal:::implausible or very unlikely				narrative_intent:::implausible or very unlikely				author_emotional_response:::implausible or very unlikely				causal_explanation:::implausible or very unlikely					prediction:::plausible and somewhat likely			moral:::implausible or very unlikely						narrative_feeling:::plausible and somewhat likely		aesthetic_feeling:::implausible or very unlikely					character_appraisal:::plausible and very likely					stance:::plausible and somewhat likely				
66b4d2ee1ac8c5e9060a6930	Contextual-Reasoning-about-Narrative-Intents-and-Reactions-consent.html																																									I am age 18 or older.:::Yes	I have read and understand the information above.:::Yes	I want to participate in this research and continue with the study.:::Yes
66b4d2ee1ac8c5e9060a6930	e6j116q			overall_goal:::plausible and very likely			narrative_intent:::plausible and somewhat likely					author_emotional_response:::plausible and somewhat likely			causal_explanation:::plausible and somewhat likely					prediction:::plausible and very likely		moral:::implausible or very unlikely						narrative_feeling:::plausible and somewhat likely			aesthetic_feeling:::plausible and somewhat likely					character_appraisal:::plausible and somewhat likely				stance:::plausible and somewhat likely				
67e54e2dbb109719a36eebe5	e6spgy8			overall_goal:::plausible and very likely				narrative_intent:::plausible and very likely			author_emotional_response:::plausible and very likely					causal_explanation:::plausible and very likely				prediction:::plausible and very likely				moral:::plausible and very likely			narrative_feeling:::plausible and very likely			aesthetic_feeling:::implausible or very unlikely				character_appraisal:::implausible or very unlikely				stance:::implausible or very unlikely						
67e54e2dbb109719a36eebe5	Contextual-Reasoning-about-Narrative-Intents-and-Reactions-consent.html																																									I am age 18 or older.:::Yes	I have read and understand the information above.:::Yes	I want to participate in this research and continue with the study.:::Yes
67e54e2dbb109719a36eebe5	e6j116q			overall_goal:::plausible and very likely				narrative_intent:::plausible and very likely			author_emotional_response:::plausible and very likely			causal_explanation:::implausible or very unlikely						prediction:::plausible and very likely				moral:::plausible and very likely			narrative_feeling:::plausible and very likely					aesthetic_feeling:::plausible and very likely			character_appraisal:::plausible and very likely				stance:::plausible and very likely					
62bdeb6839de2a6585202286	e5g8j8r		overall_goal:::plausible and somewhat likely					narrative_intent:::plausible and very likely					author_emotional_response:::plausible but somewhat unlikely	causal_explanation:::implausible or very unlikely						prediction:::plausible and very likely			moral:::plausible and somewhat likely			narrative_feeling:::implausible or very unlikely							aesthetic_feeling:::plausible but somewhat unlikely			character_appraisal:::plausible and somewhat likely			stance:::plausible and very likely					
62bdeb6839de2a6585202286	Contextual-Reasoning-about-Narrative-Intents-and-Reactions-consent.html																																									I am age 18 or older.:::Yes	I have read and understand the information above.:::Yes	I want to participate in this research and continue with the study.:::Yes
62bdeb6839de2a6585202286	e5va5iw		overall_goal:::plausible and somewhat likely					narrative_intent:::plausible and very likely		author_emotional_response:::implausible or very unlikely						causal_explanation:::plausible and very likely			prediction:::plausible and somewhat likely					moral:::plausible and very likely			narrative_feeling:::plausible and very likely			aesthetic_feeling:::implausible or very unlikely					character_appraisal:::plausible and very likely				stance:::plausible and very likely					
5ad7835e9c198c0001fad31a	e5g8j8r		overall_goal:::plausible and somewhat likely					narrative_intent:::plausible and very likely		author_emotional_response:::implausible or very unlikely					causal_explanation:::plausible and somewhat likely					prediction:::plausible and very likely			moral:::plausible and somewhat likely					narrative_feeling:::plausible and somewhat likely			aesthetic_feeling:::plausible and somewhat likely				character_appraisal:::plausible and very likely					stance:::plausible and somewhat likely				
5ad7835e9c198c0001fad31a	Contextual-Reasoning-about-Narrative-Intents-and-Reactions-consent.html																																									I am age 18 or older.:::Yes	I have read and understand the information above.:::Yes	I want to participate in this research and continue with the study.:::Yes
5ad7835e9c198c0001fad31a	e5va5iw			overall_goal:::plausible and very likely			narrative_intent:::plausible and somewhat likely						author_emotional_response:::plausible but somewhat unlikely		causal_explanation:::plausible and somewhat likely						prediction:::plausible but somewhat unlikely		moral:::plausible and somewhat likely					narrative_feeling:::plausible and somewhat likely					aesthetic_feeling:::plausible but somewhat unlikely		character_appraisal:::plausible and very likely					stance:::plausible and somewhat likely				
6630f55b219e397c5c3bab70	e5g6blf		overall_goal:::plausible and somewhat likely				narrative_intent:::plausible and somewhat likely					author_emotional_response:::plausible and somewhat likely					causal_explanation:::plausible but somewhat unlikely				prediction:::plausible but somewhat unlikely				moral:::plausible but somewhat unlikely				narrative_feeling:::plausible but somewhat unlikely		aesthetic_feeling:::plausible and somewhat likely					character_appraisal:::plausible and somewhat likely				stance:::plausible and somewhat likely				
6630f55b219e397c5c3bab70	e5hnx51		overall_goal:::plausible and somewhat likely				narrative_intent:::plausible and somewhat likely					author_emotional_response:::plausible and somewhat likely			causal_explanation:::plausible and somewhat likely				prediction:::plausible and somewhat likely						moral:::plausible but somewhat unlikely				narrative_feeling:::plausible but somewhat unlikely				aesthetic_feeling:::plausible but somewhat unlikely			character_appraisal:::plausible and somewhat likely				stance:::plausible and somewhat likely				
6630f55b219e397c5c3bab70	Contextual-Reasoning-about-Narrative-Intents-and-Reactions-consent.html																																									I am age 18 or older.:::Yes	I have read and understand the information above.:::Yes	I want to participate in this research and continue with the study.:::Yes
5af1c4dfaec2b600010a96c9	e69tq6t				overall_goal:::plausible but somewhat unlikely		narrative_intent:::plausible and somewhat likely						author_emotional_response:::plausible but somewhat unlikely		causal_explanation:::plausible and somewhat likely						prediction:::plausible but somewhat unlikely				moral:::plausible but somewhat unlikely			narrative_feeling:::plausible and somewhat likely					aesthetic_feeling:::plausible but somewhat unlikely	character_appraisal:::implausible or very unlikely							stance:::plausible but somewhat unlikely			
5af1c4dfaec2b600010a96c9	e6sday8	overall_goal:::implausible or very unlikely						narrative_intent:::plausible and very likely				author_emotional_response:::plausible and somewhat likely				causal_explanation:::plausible and very likely			prediction:::plausible and somewhat likely				moral:::plausible and somewhat likely					narrative_feeling:::plausible and somewhat likely			aesthetic_feeling:::plausible and somewhat likely				character_appraisal:::plausible and very likely					stance:::plausible and somewhat likely				
5af1c4dfaec2b600010a96c9	Contextual-Reasoning-about-Narrative-Intents-and-Reactions-consent.html																																									I am age 18 or older.:::Yes	I have read and understand the information above.:::Yes	I want to participate in this research and continue with the study.:::Yes
630bbdba33a8711f454d81d9	e69tq6t		overall_goal:::plausible and somewhat likely					narrative_intent:::plausible and very likely					author_emotional_response:::plausible but somewhat unlikely			causal_explanation:::plausible and very likely				prediction:::plausible and very likely				moral:::plausible and very likely				narrative_feeling:::plausible and somewhat likely					aesthetic_feeling:::plausible but somewhat unlikely				character_appraisal:::plausible but somewhat unlikely	stance:::implausible or very unlikely						
630bbdba33a8711f454d81d9	e6sday8	overall_goal:::implausible or very unlikely						narrative_intent:::plausible and very likely				author_emotional_response:::plausible and somewhat likely					causal_explanation:::plausible but somewhat unlikely		prediction:::plausible and somewhat likely				moral:::plausible and somewhat likely					narrative_feeling:::plausible and somewhat likely				aesthetic_feeling:::plausible and very likely				character_appraisal:::plausible and somewhat likely					stance:::plausible but somewhat unlikely			
630bbdba33a8711f454d81d9	Contextual-Reasoning-about-Narrative-Intents-and-Reactions-consent.html																																									I am age 18 or older.:::Yes	I have read and understand the information above.:::Yes	I want to participate in this research and continue with the study.:::Yes
6815f422db4a9b97288161d1	e6cov7w	overall_goal:::implausible or very unlikely					narrative_intent:::plausible and somewhat likely				author_emotional_response:::plausible and very likely				causal_explanation:::plausible and somewhat likely					prediction:::plausible and very likely			moral:::plausible and somewhat likely				narrative_feeling:::plausible and very likely				aesthetic_feeling:::plausible and somewhat likely				character_appraisal:::plausible and very likely				stance:::plausible and very likely					
6815f422db4a9b97288161d1	Contextual-Reasoning-about-Narrative-Intents-and-Reactions-consent.html																																									I am age 18 or older.:::Yes	I have read and understand the information above.:::Yes	I want to participate in this research and continue with the study.:::Yes
6815f422db4a9b97288161d1	e6sow0p		overall_goal:::plausible and somewhat likely				narrative_intent:::plausible and somewhat likely				author_emotional_response:::plausible and very likely			causal_explanation:::implausible or very unlikely						prediction:::plausible and very likely				moral:::plausible and very likely			narrative_feeling:::plausible and very likely				aesthetic_feeling:::plausible and somewhat likely					character_appraisal:::plausible and somewhat likely			stance:::plausible and very likely					
6694251bbfc3e4a246f8125a	e6cov7w	overall_goal:::implausible or very unlikely						narrative_intent:::plausible and very likely					author_emotional_response:::plausible but somewhat unlikely			causal_explanation:::plausible and very likely				prediction:::plausible and very likely			moral:::plausible and somewhat likely				narrative_feeling:::plausible and very likely				aesthetic_feeling:::plausible and somewhat likely					character_appraisal:::plausible and somewhat likely				stance:::plausible and somewhat likely				
6694251bbfc3e4a246f8125a	Contextual-Reasoning-about-Narrative-Intents-and-Reactions-consent.html																																									I am age 18 or older.:::Yes	I have read and understand the information above.:::Yes	I want to participate in this research and continue with the study.:::Yes
6694251bbfc3e4a246f8125a	e6sow0p			overall_goal:::plausible and very likely			narrative_intent:::plausible and somewhat likely					author_emotional_response:::plausible and somewhat likely		causal_explanation:::implausible or very unlikely					prediction:::plausible and somewhat likely				moral:::plausible and somewhat likely					narrative_feeling:::plausible and somewhat likely				aesthetic_feeling:::plausible and very likely					character_appraisal:::plausible but somewhat unlikely			stance:::plausible and somewhat likely				
675a5ad39c319c39e7753011	e60l8o1	overall_goal:::implausible or very unlikely				narrative_intent:::implausible or very unlikely						author_emotional_response:::plausible and somewhat likely			causal_explanation:::plausible and somewhat likely				prediction:::plausible and somewhat likely						moral:::plausible but somewhat unlikely			narrative_feeling:::plausible and somewhat likely					aesthetic_feeling:::plausible but somewhat unlikely		character_appraisal:::plausible and very likely					stance:::plausible and somewhat likely				
675a5ad39c319c39e7753011	Contextual-Reasoning-about-Narrative-Intents-and-Reactions-consent.html																																									I am age 18 or older.:::Yes	I have read and understand the information above.:::Yes	I want to participate in this research and continue with the study.:::Yes
675a5ad39c319c39e7753011	e6t5rqr		overall_goal:::plausible and somewhat likely						narrative_intent:::plausible but somewhat unlikely			author_emotional_response:::plausible and somewhat likely		causal_explanation:::implausible or very unlikely					prediction:::plausible and somewhat likely						moral:::plausible but somewhat unlikely			narrative_feeling:::plausible and somewhat likely			aesthetic_feeling:::plausible and somewhat likely					character_appraisal:::plausible and somewhat likely				stance:::plausible and somewhat likely				
67221c4369ba09d32e88904c	e5q8tak		overall_goal:::plausible and somewhat likely				narrative_intent:::plausible and somewhat likely						author_emotional_response:::plausible but somewhat unlikely				causal_explanation:::plausible but somewhat unlikely		prediction:::plausible and somewhat likely			moral:::implausible or very unlikely						narrative_feeling:::plausible and somewhat likely			aesthetic_feeling:::plausible and somewhat likely				character_appraisal:::plausible and very likely					stance:::plausible and somewhat likely				
67221c4369ba09d32e88904c	e64wvry		overall_goal:::plausible and somewhat likely				narrative_intent:::plausible and somewhat likely						author_emotional_response:::plausible but somewhat unlikely				causal_explanation:::plausible but somewhat unlikely		prediction:::plausible and somewhat likely				moral:::plausible and somewhat likely						narrative_feeling:::plausible but somewhat unlikely				aesthetic_feeling:::plausible but somewhat unlikely				character_appraisal:::plausible but somewhat unlikely			stance:::plausible and somewhat likely				
67221c4369ba09d32e88904c	Contextual-Reasoning-about-Narrative-Intents-and-Reactions-consent.html																																									I am age 18 or older.:::Yes	I have read and understand the information above.:::Yes	I want to participate in this research and continue with the study.:::Yes
6642aaff6b9eaa6fcd640b60	e60msxh			overall_goal:::plausible and very likely			narrative_intent:::plausible and somewhat likely			author_emotional_response:::implausible or very unlikely					causal_explanation:::plausible and somewhat likely				prediction:::plausible and somewhat likely				moral:::plausible and somewhat likely						narrative_feeling:::plausible but somewhat unlikely	aesthetic_feeling:::implausible or very unlikely						character_appraisal:::plausible and somewhat likely				stance:::plausible and somewhat likely				
6642aaff6b9eaa6fcd640b60	e5qn9ti			overall_goal:::plausible and very likely				narrative_intent:::plausible and very likely				author_emotional_response:::plausible and somewhat likely		causal_explanation:::implausible or very unlikely							prediction:::plausible but somewhat unlikely		moral:::plausible and somewhat likely					narrative_feeling:::plausible and somewhat likely					aesthetic_feeling:::plausible but somewhat unlikely			character_appraisal:::plausible and somewhat likely					stance:::plausible but somewhat unlikely			
6642aaff6b9eaa6fcd640b60	Contextual-Reasoning-about-Narrative-Intents-and-Reactions-consent.html																																									I am age 18 or older.:::Yes	I have read and understand the information above.:::Yes	I want to participate in this research and continue with the study.:::Yes
682390853c8bd2bac4005d78	e60msxh			overall_goal:::plausible and very likely		narrative_intent:::implausible or very unlikely				author_emotional_response:::implausible or very unlikely						causal_explanation:::plausible and very likely			prediction:::plausible and somewhat likely					moral:::plausible and very likely			narrative_feeling:::plausible and very likely					aesthetic_feeling:::plausible and very likely					character_appraisal:::plausible but somewhat unlikely			stance:::plausible and somewhat likely				
682390853c8bd2bac4005d78	e5qn9ti			overall_goal:::plausible and very likely				narrative_intent:::plausible and very likely			author_emotional_response:::plausible and very likely			causal_explanation:::implausible or very unlikely						prediction:::plausible and very likely				moral:::plausible and very likely			narrative_feeling:::plausible and very likely				aesthetic_feeling:::plausible and somewhat likely				character_appraisal:::plausible and very likely						stance:::plausible but somewhat unlikely			
682390853c8bd2bac4005d78	Contextual-Reasoning-about-Narrative-Intents-and-Reactions-consent.html																																									I am age 18 or older.:::Yes	I have read and understand the information above.:::Yes	I want to participate in this research and continue with the study.:::Yes
5e9f3f09ccc75a0c345e4845	e5dmb4u			overall_goal:::plausible and very likely				narrative_intent:::plausible and very likely			author_emotional_response:::plausible and very likely				causal_explanation:::plausible and somewhat likely				prediction:::plausible and somewhat likely				moral:::plausible and somewhat likely			narrative_feeling:::implausible or very unlikely					aesthetic_feeling:::plausible and somewhat likely					character_appraisal:::plausible and somewhat likely				stance:::plausible and somewhat likely				
5e9f3f09ccc75a0c345e4845	Contextual-Reasoning-about-Narrative-Intents-and-Reactions-consent.html																																									I am age 18 or older.:::Yes	I have read and understand the information above.:::Yes	I want to participate in this research and continue with the study.:::Yes
5e9f3f09ccc75a0c345e4845	e58tngk		overall_goal:::plausible and somewhat likely				narrative_intent:::plausible and somewhat likely				author_emotional_response:::plausible and very likely						causal_explanation:::plausible but somewhat unlikely		prediction:::plausible and somewhat likely				moral:::plausible and somewhat likely				narrative_feeling:::plausible and very likely				aesthetic_feeling:::plausible and somewhat likely						character_appraisal:::plausible but somewhat unlikely			stance:::plausible and somewhat likely				
67ef2b71416319fc29b5d49d	e5dmb4u			overall_goal:::plausible and very likely				narrative_intent:::plausible and very likely			author_emotional_response:::plausible and very likely					causal_explanation:::plausible and very likely				prediction:::plausible and very likely				moral:::plausible and very likely		narrative_feeling:::implausible or very unlikely						aesthetic_feeling:::plausible and very likely			character_appraisal:::plausible and very likely				stance:::plausible and very likely					
67ef2b71416319fc29b5d49d	Contextual-Reasoning-about-Narrative-Intents-and-Reactions-consent.html																																									I am age 18 or older.:::Yes	I have read and understand the information above.:::Yes	I want to participate in this research and continue with the study.:::Yes
67ef2b71416319fc29b5d49d	e58tngk		overall_goal:::plausible and somewhat likely				narrative_intent:::plausible and somewhat likely						author_emotional_response:::plausible but somewhat unlikely		causal_explanation:::plausible and somewhat likely				prediction:::plausible and somewhat likely						moral:::plausible but somewhat unlikely				narrative_feeling:::plausible but somewhat unlikely		aesthetic_feeling:::plausible and somewhat likely					character_appraisal:::plausible and somewhat likely				stance:::plausible and somewhat likely				
67f1f725d9ae4f6027f7fc97	e6nlecs			overall_goal:::plausible and very likely				narrative_intent:::plausible and very likely		author_emotional_response:::implausible or very unlikely						causal_explanation:::plausible and very likely				prediction:::plausible and very likely				moral:::plausible and very likely			narrative_feeling:::plausible and very likely					aesthetic_feeling:::plausible and very likely				character_appraisal:::plausible and somewhat likely			stance:::plausible and very likely					
67f1f725d9ae4f6027f7fc97	Contextual-Reasoning-about-Narrative-Intents-and-Reactions-consent.html																																									I am age 18 or older.:::Yes	I have read and understand the information above.:::Yes	I want to participate in this research and continue with the study.:::Yes
67f1f725d9ae4f6027f7fc97	e6spp4l			overall_goal:::plausible and very likely			narrative_intent:::plausible and somewhat likely				author_emotional_response:::plausible and very likely					causal_explanation:::plausible and very likely				prediction:::plausible and very likely		moral:::implausible or very unlikely					narrative_feeling:::plausible and very likely					aesthetic_feeling:::plausible and very likely			character_appraisal:::plausible and very likely				stance:::plausible and very likely					
6133a95623ae6ddc6ee4d53f	e6nlecs			overall_goal:::plausible and very likely					narrative_intent:::plausible but somewhat unlikely	author_emotional_response:::implausible or very unlikely					causal_explanation:::plausible and somewhat likely				prediction:::plausible and somewhat likely				moral:::plausible and somewhat likely					narrative_feeling:::plausible and somewhat likely				aesthetic_feeling:::plausible and very likely				character_appraisal:::plausible and somewhat likely				stance:::plausible and somewhat likely				
6133a95623ae6ddc6ee4d53f	Contextual-Reasoning-about-Narrative-Intents-and-Reactions-consent.html																																									I am age 18 or older.:::Yes	I have read and understand the information above.:::Yes	I want to participate in this research and continue with the study.:::Yes
6133a95623ae6ddc6ee4d53f	e6spp4l			overall_goal:::plausible and very likely			narrative_intent:::plausible and somewhat likely					author_emotional_response:::plausible and somewhat likely				causal_explanation:::plausible and very likely					prediction:::plausible but somewhat unlikely	moral:::implausible or very unlikely						narrative_feeling:::plausible and somewhat likely			aesthetic_feeling:::plausible and somewhat likely						character_appraisal:::plausible but somewhat unlikely		stance:::plausible and very likely					
6332517a492e9ac48804f991	e6lm14x				overall_goal:::plausible but somewhat unlikely		narrative_intent:::plausible and somewhat likely					author_emotional_response:::plausible and somewhat likely					causal_explanation:::plausible but somewhat unlikely				prediction:::plausible but somewhat unlikely		moral:::plausible and somewhat likely						narrative_feeling:::plausible but somewhat unlikely				aesthetic_feeling:::plausible but somewhat unlikely		character_appraisal:::plausible and very likely					stance:::plausible and somewhat likely				
6332517a492e9ac48804f991	e6ok5be				overall_goal:::plausible but somewhat unlikely				narrative_intent:::plausible but somewhat unlikely	author_emotional_response:::implausible or very unlikely							causal_explanation:::plausible but somewhat unlikely	prediction:::implausible or very unlikely					moral:::plausible and somewhat likely					narrative_feeling:::plausible and somewhat likely			aesthetic_feeling:::plausible and somewhat likely						character_appraisal:::plausible but somewhat unlikely				stance:::plausible but somewhat unlikely			
6332517a492e9ac48804f991	Contextual-Reasoning-about-Narrative-Intents-and-Reactions-consent.html																																									I am age 18 or older.:::Yes	I have read and understand the information above.:::Yes	I want to participate in this research and continue with the study.:::Yes
5d4200720eddc0000173e988	e6lm14x				overall_goal:::plausible but somewhat unlikely				narrative_intent:::plausible but somewhat unlikely			author_emotional_response:::plausible and somewhat likely				causal_explanation:::plausible and very likely			prediction:::plausible and somewhat likely					moral:::plausible and very likely				narrative_feeling:::plausible and somewhat likely					aesthetic_feeling:::plausible but somewhat unlikely			character_appraisal:::plausible and somewhat likely					stance:::plausible but somewhat unlikely			
5d4200720eddc0000173e988	e6ok5be			overall_goal:::plausible and very likely				narrative_intent:::plausible and very likely				author_emotional_response:::plausible and somewhat likely				causal_explanation:::plausible and very likely					prediction:::plausible but somewhat unlikely			moral:::plausible and very likely				narrative_feeling:::plausible and somewhat likely			aesthetic_feeling:::plausible and somewhat likely				character_appraisal:::plausible and very likely					stance:::plausible and somewhat likely				
5d4200720eddc0000173e988	Contextual-Reasoning-about-Narrative-Intents-and-Reactions-consent.html																																									I am age 18 or older.:::Yes	I have read and understand the information above.:::Yes	I want to participate in this research and continue with the study.:::Yes
600f9342e7bc5518fa9ca92a	e6r2kf0			overall_goal:::plausible and very likely				narrative_intent:::plausible and very likely			author_emotional_response:::plausible and very likely			causal_explanation:::implausible or very unlikely						prediction:::plausible and very likely				moral:::plausible and very likely			narrative_feeling:::plausible and very likely					aesthetic_feeling:::plausible and very likely			character_appraisal:::plausible and very likely				stance:::plausible and very likely					
600f9342e7bc5518fa9ca92a	Contextual-Reasoning-about-Narrative-Intents-and-Reactions-consent.html																																									I am age 18 or older.:::Yes	I have read and understand the information above.:::Yes	I want to participate in this research and continue with the study.:::Yes
600f9342e7bc5518fa9ca92a	e6jsf6r			overall_goal:::plausible and very likely				narrative_intent:::plausible and very likely				author_emotional_response:::plausible and somewhat likely				causal_explanation:::plausible and very likely			prediction:::plausible and somewhat likely				moral:::plausible and somewhat likely				narrative_feeling:::plausible and very likely					aesthetic_feeling:::plausible and very likely			character_appraisal:::plausible and very likely			stance:::implausible or very unlikely						
67e4413ccba809f84dae5842	e6r2kf0		overall_goal:::plausible and somewhat likely					narrative_intent:::plausible and very likely			author_emotional_response:::plausible and very likely			causal_explanation:::implausible or very unlikely						prediction:::plausible and very likely			moral:::plausible and somewhat likely				narrative_feeling:::plausible and very likely				aesthetic_feeling:::plausible and somewhat likely					character_appraisal:::plausible and somewhat likely				stance:::plausible and somewhat likely				
67e4413ccba809f84dae5842	Contextual-Reasoning-about-Narrative-Intents-and-Reactions-consent.html																																									I am age 18 or older.:::Yes	I have read and understand the information above.:::Yes	I want to participate in this research and continue with the study.:::Yes
67e4413ccba809f84dae5842	e6jsf6r		overall_goal:::plausible and somewhat likely					narrative_intent:::plausible and very likely				author_emotional_response:::plausible and somewhat likely			causal_explanation:::plausible and somewhat likely				prediction:::plausible and somewhat likely				moral:::plausible and somewhat likely					narrative_feeling:::plausible and somewhat likely			aesthetic_feeling:::plausible and somewhat likely					character_appraisal:::plausible and somewhat likely		stance:::implausible or very unlikely						
67e7ff1ef81c52ec2bf98f85	e6qvsmm			overall_goal:::plausible and very likely				narrative_intent:::plausible and very likely				author_emotional_response:::plausible and somewhat likely			causal_explanation:::plausible and somewhat likely					prediction:::plausible and very likely				moral:::plausible and very likely			narrative_feeling:::plausible and very likely			aesthetic_feeling:::implausible or very unlikely						character_appraisal:::plausible and somewhat likely			stance:::plausible and very likely					
67e7ff1ef81c52ec2bf98f85	e6ohgtm		overall_goal:::plausible and somewhat likely					narrative_intent:::plausible and very likely			author_emotional_response:::plausible and very likely				causal_explanation:::plausible and somewhat likely					prediction:::plausible and very likely				moral:::plausible and very likely		narrative_feeling:::implausible or very unlikely					aesthetic_feeling:::plausible and somewhat likely				character_appraisal:::plausible and very likely					stance:::plausible and somewhat likely				
67e7ff1ef81c52ec2bf98f85	Contextual-Reasoning-about-Narrative-Intents-and-Reactions-consent.html																																									I am age 18 or older.:::Yes	I have read and understand the information above.:::Yes	I want to participate in this research and continue with the study.:::Yes
67a641d9b2a838f8c341c6ec	e5qhiwk		overall_goal:::plausible and somewhat likely				narrative_intent:::plausible and somewhat likely			author_emotional_response:::implausible or very unlikely					causal_explanation:::plausible and somewhat likely						prediction:::plausible but somewhat unlikely				moral:::plausible but somewhat unlikely		narrative_feeling:::plausible and very likely				aesthetic_feeling:::plausible and somewhat likely						character_appraisal:::plausible but somewhat unlikely				stance:::plausible but somewhat unlikely			
67a641d9b2a838f8c341c6ec	e5kw0y3	overall_goal:::implausible or very unlikely						narrative_intent:::plausible and very likely			author_emotional_response:::plausible and very likely				causal_explanation:::plausible and somewhat likely				prediction:::plausible and somewhat likely				moral:::plausible and somewhat likely					narrative_feeling:::plausible and somewhat likely		aesthetic_feeling:::implausible or very unlikely						character_appraisal:::plausible and somewhat likely				stance:::plausible and somewhat likely				
67a641d9b2a838f8c341c6ec	Contextual-Reasoning-about-Narrative-Intents-and-Reactions-consent.html																																									I am age 18 or older.:::Yes	I have read and understand the information above.:::Yes	I want to participate in this research and continue with the study.:::Yes
67ef6e8e9bfc15c060497365	e5qhiwk			overall_goal:::plausible and very likely				narrative_intent:::plausible and very likely				author_emotional_response:::plausible and somewhat likely			causal_explanation:::plausible and somewhat likely					prediction:::plausible and very likely				moral:::plausible and very likely				narrative_feeling:::plausible and somewhat likely			aesthetic_feeling:::plausible and somewhat likely				character_appraisal:::plausible and very likely					stance:::plausible and somewhat likely				
67ef6e8e9bfc15c060497365	e5kw0y3	overall_goal:::implausible or very unlikely						narrative_intent:::plausible and very likely				author_emotional_response:::plausible and somewhat likely				causal_explanation:::plausible and very likely				prediction:::plausible and very likely			moral:::plausible and somewhat likely				narrative_feeling:::plausible and very likely				aesthetic_feeling:::plausible and somewhat likely					character_appraisal:::plausible and somewhat likely			stance:::plausible and very likely					
67ef6e8e9bfc15c060497365	Contextual-Reasoning-about-Narrative-Intents-and-Reactions-consent.html																																									I am age 18 or older.:::Yes	I have read and understand the information above.:::Yes	I want to participate in this research and continue with the study.:::Yes
676607c77444fe3b3522ba80	e5tr6dh		overall_goal:::plausible and somewhat likely					narrative_intent:::plausible and very likely			author_emotional_response:::plausible and very likely					causal_explanation:::plausible and very likely				prediction:::plausible and very likely				moral:::plausible and very likely				narrative_feeling:::plausible and somewhat likely			aesthetic_feeling:::plausible and somewhat likely				character_appraisal:::plausible and very likely				stance:::plausible and very likely					
676607c77444fe3b3522ba80	e6rul4p		overall_goal:::plausible and somewhat likely						narrative_intent:::plausible but somewhat unlikely			author_emotional_response:::plausible and somewhat likely			causal_explanation:::plausible and somewhat likely				prediction:::plausible and somewhat likely						moral:::plausible but somewhat unlikely	narrative_feeling:::implausible or very unlikely							aesthetic_feeling:::plausible but somewhat unlikely			character_appraisal:::plausible and somewhat likely				stance:::plausible and somewhat likely				
676607c77444fe3b3522ba80	Contextual-Reasoning-about-Narrative-Intents-and-Reactions-consent.html																																									I am age 18 or older.:::Yes	I have read and understand the information above.:::Yes	I want to participate in this research and continue with the study.:::Yes
65e64c08cd1bf3d6ab957af7	e57pv08		overall_goal:::plausible and somewhat likely			narrative_intent:::implausible or very unlikely						author_emotional_response:::plausible and somewhat likely				causal_explanation:::plausible and very likely				prediction:::plausible and very likely				moral:::plausible and very likely			narrative_feeling:::plausible and very likely					aesthetic_feeling:::plausible and very likely				character_appraisal:::plausible and somewhat likely			stance:::plausible and very likely					
65e64c08cd1bf3d6ab957af7	e6q8on6		overall_goal:::plausible and somewhat likely			narrative_intent:::implausible or very unlikely					author_emotional_response:::plausible and very likely					causal_explanation:::plausible and very likely					prediction:::plausible but somewhat unlikely			moral:::plausible and very likely			narrative_feeling:::plausible and very likely				aesthetic_feeling:::plausible and somewhat likely				character_appraisal:::plausible and very likely				stance:::plausible and very likely					
65e64c08cd1bf3d6ab957af7	Contextual-Reasoning-about-Narrative-Intents-and-Reactions-consent.html																																									I am age 18 or older.:::Yes	I have read and understand the information above.:::Yes	I want to participate in this research and continue with the study.:::Yes
67d28ade0222c890b1785c91	e5uvv0o		overall_goal:::plausible and somewhat likely				narrative_intent:::plausible and somewhat likely						author_emotional_response:::plausible but somewhat unlikely		causal_explanation:::plausible and somewhat likely				prediction:::plausible and somewhat likely				moral:::plausible and somewhat likely						narrative_feeling:::plausible but somewhat unlikely			aesthetic_feeling:::plausible and very likely				character_appraisal:::plausible and somewhat likely				stance:::plausible and somewhat likely				
67d28ade0222c890b1785c91	e5knafw			overall_goal:::plausible and very likely			narrative_intent:::plausible and somewhat likely						author_emotional_response:::plausible but somewhat unlikely		causal_explanation:::plausible and somewhat likely				prediction:::plausible and somewhat likely				moral:::plausible and somewhat likely					narrative_feeling:::plausible and somewhat likely			aesthetic_feeling:::plausible and somewhat likely						character_appraisal:::plausible but somewhat unlikely			stance:::plausible and somewhat likely				
67d28ade0222c890b1785c91	Contextual-Reasoning-about-Narrative-Intents-and-Reactions-consent.html																																									I am age 18 or older.:::Yes	I have read and understand the information above.:::Yes	I want to participate in this research and continue with the study.:::Yes
6719a331021a36b9509eb8b5	e5uvv0o			overall_goal:::plausible and very likely				narrative_intent:::plausible and very likely					author_emotional_response:::plausible but somewhat unlikely			causal_explanation:::plausible and very likely			prediction:::plausible and somewhat likely					moral:::plausible and very likely			narrative_feeling:::plausible and very likely				aesthetic_feeling:::plausible and somewhat likely					character_appraisal:::plausible and somewhat likely		stance:::implausible or very unlikely						
6719a331021a36b9509eb8b5	e5knafw			overall_goal:::plausible and very likely				narrative_intent:::plausible and very likely		author_emotional_response:::implausible or very unlikely						causal_explanation:::plausible and very likely			prediction:::plausible and somewhat likely					moral:::plausible and very likely			narrative_feeling:::plausible and very likely					aesthetic_feeling:::plausible and very likely				character_appraisal:::plausible and somewhat likely			stance:::plausible and very likely					
6719a331021a36b9509eb8b5	Contextual-Reasoning-about-Narrative-Intents-and-Reactions-consent.html																																									I am age 18 or older.:::Yes	I have read and understand the information above.:::Yes	I want to participate in this research and continue with the study.:::Yes
67d6a7818c0132f8de37984d	e5lo1d7		overall_goal:::plausible and somewhat likely			narrative_intent:::implausible or very unlikely						author_emotional_response:::plausible and somewhat likely				causal_explanation:::plausible and very likely			prediction:::plausible and somewhat likely					moral:::plausible and very likely				narrative_feeling:::plausible and somewhat likely				aesthetic_feeling:::plausible and very likely			character_appraisal:::plausible and very likely					stance:::plausible and somewhat likely				
67d6a7818c0132f8de37984d	e5xflyr		overall_goal:::plausible and somewhat likely					narrative_intent:::plausible and very likely			author_emotional_response:::plausible and very likely					causal_explanation:::plausible and very likely				prediction:::plausible and very likely				moral:::plausible and very likely					narrative_feeling:::plausible but somewhat unlikely		aesthetic_feeling:::plausible and somewhat likely				character_appraisal:::plausible and very likely					stance:::plausible and somewhat likely				
67d6a7818c0132f8de37984d	Contextual-Reasoning-about-Narrative-Intents-and-Reactions-consent.html																																									I am age 18 or older.:::Yes	I have read and understand the information above.:::Yes	I want to participate in this research and continue with the study.:::Yes
6691809035e52ca9b2b0f39a	e5lo1d7		overall_goal:::plausible and somewhat likely						narrative_intent:::plausible but somewhat unlikely		author_emotional_response:::plausible and very likely			causal_explanation:::implausible or very unlikely							prediction:::plausible but somewhat unlikely	moral:::implausible or very unlikely					narrative_feeling:::plausible and very likely					aesthetic_feeling:::plausible and very likely		character_appraisal:::implausible or very unlikely							stance:::plausible but somewhat unlikely			
6691809035e52ca9b2b0f39a	e5xflyr			overall_goal:::plausible and very likely			narrative_intent:::plausible and somewhat likely					author_emotional_response:::plausible and somewhat likely				causal_explanation:::plausible and very likely				prediction:::plausible and very likely			moral:::plausible and somewhat likely			narrative_feeling:::implausible or very unlikely					aesthetic_feeling:::plausible and somewhat likely					character_appraisal:::plausible and somewhat likely					stance:::plausible but somewhat unlikely			
6691809035e52ca9b2b0f39a	Contextual-Reasoning-about-Narrative-Intents-and-Reactions-consent.html																																									I am age 18 or older.:::Yes	I have read and understand the information above.:::Yes	I want to participate in this research and continue with the study.:::Yes
66eaffd7d7079f610c7ba263	e5phdzj		overall_goal:::plausible and somewhat likely				narrative_intent:::plausible and somewhat likely					author_emotional_response:::plausible and somewhat likely		causal_explanation:::implausible or very unlikely				prediction:::implausible or very unlikely				moral:::implausible or very unlikely				narrative_feeling:::implausible or very unlikely				aesthetic_feeling:::implausible or very unlikely				character_appraisal:::implausible or very unlikely				stance:::implausible or very unlikely						
66eaffd7d7079f610c7ba263	e5ic01u		overall_goal:::plausible and somewhat likely				narrative_intent:::plausible and somewhat likely					author_emotional_response:::plausible and somewhat likely			causal_explanation:::plausible and somewhat likely				prediction:::plausible and somewhat likely			moral:::implausible or very unlikely						narrative_feeling:::plausible and somewhat likely		aesthetic_feeling:::implausible or very unlikely							character_appraisal:::plausible but somewhat unlikely				stance:::plausible but somewhat unlikely			
66eaffd7d7079f610c7ba263	Contextual-Reasoning-about-Narrative-Intents-and-Reactions-consent.html																																									I am age 18 or older.:::Yes	I have read and understand the information above.:::Yes	I want to participate in this research and continue with the study.:::Yes
67cee8d6088dc3c843f48e48	e5phdzj		overall_goal:::plausible and somewhat likely				narrative_intent:::plausible and somewhat likely					author_emotional_response:::plausible and somewhat likely					causal_explanation:::plausible but somewhat unlikely		prediction:::plausible and somewhat likely				moral:::plausible and somewhat likely					narrative_feeling:::plausible and somewhat likely			aesthetic_feeling:::plausible and somewhat likely					character_appraisal:::plausible and somewhat likely				stance:::plausible and somewhat likely				
67cee8d6088dc3c843f48e48	e5ic01u				overall_goal:::plausible but somewhat unlikely				narrative_intent:::plausible but somewhat unlikely				author_emotional_response:::plausible but somewhat unlikely				causal_explanation:::plausible but somewhat unlikely				prediction:::plausible but somewhat unlikely				moral:::plausible but somewhat unlikely				narrative_feeling:::plausible but somewhat unlikely				aesthetic_feeling:::plausible but somewhat unlikely				character_appraisal:::plausible but somewhat unlikely				stance:::plausible but somewhat unlikely			
67cee8d6088dc3c843f48e48	Contextual-Reasoning-about-Narrative-Intents-and-Reactions-consent.html																																									I am age 18 or older.:::Yes	I have read and understand the information above.:::Yes	I want to participate in this research and continue with the study.:::Yes
662fecef2a008847dc4f0d9b	e6pc0zl			overall_goal:::plausible and very likely			narrative_intent:::plausible and somewhat likely			author_emotional_response:::implausible or very unlikely						causal_explanation:::plausible and very likely					prediction:::plausible but somewhat unlikely		moral:::plausible and somewhat likely						narrative_feeling:::plausible but somewhat unlikely		aesthetic_feeling:::plausible and somewhat likely			character_appraisal:::implausible or very unlikely				stance:::implausible or very unlikely						
662fecef2a008847dc4f0d9b	e6g887x		overall_goal:::plausible and somewhat likely					narrative_intent:::plausible and very likely					author_emotional_response:::plausible but somewhat unlikely				causal_explanation:::plausible but somewhat unlikely			prediction:::plausible and very likely				moral:::plausible and very likely				narrative_feeling:::plausible and somewhat likely					aesthetic_feeling:::plausible but somewhat unlikely	character_appraisal:::implausible or very unlikely				stance:::implausible or very unlikely						
662fecef2a008847dc4f0d9b	Contextual-Reasoning-about-Narrative-Intents-and-Reactions-consent.html																																									I am age 18 or older.:::Yes	I have read and understand the information above.:::Yes	I want to participate in this research and continue with the study.:::Yes
6643a8837540ee80f2d5be45	e6pc0zl				overall_goal:::plausible but somewhat unlikely				narrative_intent:::plausible but somewhat unlikely				author_emotional_response:::plausible but somewhat unlikely		causal_explanation:::plausible and somewhat likely				prediction:::plausible and somewhat likely						moral:::plausible but somewhat unlikely				narrative_feeling:::plausible but somewhat unlikely	aesthetic_feeling:::implausible or very unlikely				character_appraisal:::implausible or very unlikely					stance:::plausible and very likely					
6643a8837540ee80f2d5be45	e6g887x				overall_goal:::plausible but somewhat unlikely			narrative_intent:::plausible and very likely				author_emotional_response:::plausible and somewhat likely			causal_explanation:::plausible and somewhat likely				prediction:::plausible and somewhat likely				moral:::plausible and somewhat likely						narrative_feeling:::plausible but somewhat unlikely		aesthetic_feeling:::plausible and somewhat likely			character_appraisal:::implausible or very unlikely				stance:::implausible or very unlikely						
6643a8837540ee80f2d5be45	Contextual-Reasoning-about-Narrative-Intents-and-Reactions-consent.html																																									I am age 18 or older.:::Yes	I have read and understand the information above.:::Yes	I want to participate in this research and continue with the study.:::Yes
68195c599dbba28865b3bd56	e5p921v				overall_goal:::plausible but somewhat unlikely				narrative_intent:::plausible but somewhat unlikely		author_emotional_response:::plausible and very likely					causal_explanation:::plausible and very likely				prediction:::plausible and very likely					moral:::plausible but somewhat unlikely		narrative_feeling:::plausible and very likely					aesthetic_feeling:::plausible and very likely			character_appraisal:::plausible and very likely					stance:::plausible and somewhat likely				
68195c599dbba28865b3bd56	Contextual-Reasoning-about-Narrative-Intents-and-Reactions-consent.html																																									I am age 18 or older.:::Yes	I have read and understand the information above.:::Yes	I want to participate in this research and continue with the study.:::Yes
68195c599dbba28865b3bd56	e5pcwsq		overall_goal:::plausible and somewhat likely				narrative_intent:::plausible and somewhat likely					author_emotional_response:::plausible and somewhat likely				causal_explanation:::plausible and very likely			prediction:::plausible and somewhat likely					moral:::plausible and very likely				narrative_feeling:::plausible and somewhat likely		aesthetic_feeling:::implausible or very unlikely						character_appraisal:::plausible and somewhat likely				stance:::plausible and somewhat likely				
651f8f555a5fde411587c859	e5p921v	overall_goal:::implausible or very unlikely						narrative_intent:::plausible and very likely					author_emotional_response:::plausible but somewhat unlikely		causal_explanation:::plausible and somewhat likely					prediction:::plausible and very likely				moral:::plausible and very likely			narrative_feeling:::plausible and very likely					aesthetic_feeling:::plausible and very likely			character_appraisal:::plausible and very likely				stance:::plausible and very likely					
651f8f555a5fde411587c859	Contextual-Reasoning-about-Narrative-Intents-and-Reactions-consent.html																																									I am age 18 or older.:::Yes	I have read and understand the information above.:::Yes	I want to participate in this research and continue with the study.:::Yes
651f8f555a5fde411587c859	e5pcwsq			overall_goal:::plausible and very likely				narrative_intent:::plausible and very likely		author_emotional_response:::implausible or very unlikely						causal_explanation:::plausible and very likely				prediction:::plausible and very likely			moral:::plausible and somewhat likely			narrative_feeling:::implausible or very unlikely							aesthetic_feeling:::plausible but somewhat unlikely				character_appraisal:::plausible but somewhat unlikely		stance:::plausible and very likely					
668cfd99b2d500148943c26b	e603sz1	overall_goal:::implausible or very unlikely							narrative_intent:::plausible but somewhat unlikely				author_emotional_response:::plausible but somewhat unlikely	causal_explanation:::implausible or very unlikely					prediction:::plausible and somewhat likely				moral:::plausible and somewhat likely						narrative_feeling:::plausible but somewhat unlikely		aesthetic_feeling:::plausible and somewhat likely			character_appraisal:::implausible or very unlikely						stance:::plausible and somewhat likely				
668cfd99b2d500148943c26b	e6mwsas		overall_goal:::plausible and somewhat likely				narrative_intent:::plausible and somewhat likely				author_emotional_response:::plausible and very likely				causal_explanation:::plausible and somewhat likely						prediction:::plausible but somewhat unlikely		moral:::plausible and somewhat likely					narrative_feeling:::plausible and somewhat likely		aesthetic_feeling:::implausible or very unlikely						character_appraisal:::plausible and somewhat likely					stance:::plausible but somewhat unlikely			
668cfd99b2d500148943c26b	Contextual-Reasoning-about-Narrative-Intents-and-Reactions-consent.html																																									I am age 18 or older.:::Yes	I have read and understand the information above.:::Yes	I want to participate in this research and continue with the study.:::Yes
6701920d56778252df2b1a49	e60tub8	overall_goal:::implausible or very unlikely				narrative_intent:::implausible or very unlikely							author_emotional_response:::plausible but somewhat unlikely		causal_explanation:::plausible and somewhat likely						prediction:::plausible but somewhat unlikely			moral:::plausible and very likely					narrative_feeling:::plausible but somewhat unlikely	aesthetic_feeling:::implausible or very unlikely					character_appraisal:::plausible and very likely				stance:::plausible and very likely					
6701920d56778252df2b1a49	Contextual-Reasoning-about-Narrative-Intents-and-Reactions-consent.html																																									I am age 18 or older.:::Yes	I have read and understand the information above.:::Yes	I want to participate in this research and continue with the study.:::Yes
6701920d56778252df2b1a49	e5kceku				overall_goal:::plausible but somewhat unlikely	narrative_intent:::implausible or very unlikely							author_emotional_response:::plausible but somewhat unlikely				causal_explanation:::plausible but somewhat unlikely				prediction:::plausible but somewhat unlikely				moral:::plausible but somewhat unlikely				narrative_feeling:::plausible but somewhat unlikely	aesthetic_feeling:::implausible or very unlikely				character_appraisal:::implausible or very unlikely				stance:::implausible or very unlikely						
647ffbcfcf8adc8070bc2291	e6bdrdw			overall_goal:::plausible and very likely				narrative_intent:::plausible and very likely				author_emotional_response:::plausible and somewhat likely					causal_explanation:::plausible but somewhat unlikely		prediction:::plausible and somewhat likely						moral:::plausible but somewhat unlikely			narrative_feeling:::plausible and somewhat likely				aesthetic_feeling:::plausible and very likely			character_appraisal:::plausible and very likely					stance:::plausible and somewhat likely				
647ffbcfcf8adc8070bc2291	e67xwef			overall_goal:::plausible and very likely					narrative_intent:::plausible but somewhat unlikely		author_emotional_response:::plausible and very likely					causal_explanation:::plausible and very likely			prediction:::plausible and somewhat likely					moral:::plausible and very likely			narrative_feeling:::plausible and very likely					aesthetic_feeling:::plausible and very likely					character_appraisal:::plausible but somewhat unlikely		stance:::plausible and very likely					
647ffbcfcf8adc8070bc2291	Contextual-Reasoning-about-Narrative-Intents-and-Reactions-consent.html																																									I am age 18 or older.:::Yes	I have read and understand the information above.:::Yes	I want to participate in this research and continue with the study.:::Yes
6785d744931a32435c5d76a1	e6bdrdw				overall_goal:::plausible but somewhat unlikely				narrative_intent:::plausible but somewhat unlikely			author_emotional_response:::plausible and somewhat likely					causal_explanation:::plausible but somewhat unlikely		prediction:::plausible and somewhat likely				moral:::plausible and somewhat likely					narrative_feeling:::plausible and somewhat likely					aesthetic_feeling:::plausible but somewhat unlikely			character_appraisal:::plausible and somewhat likely				stance:::plausible and somewhat likely				
6785d744931a32435c5d76a1	e67xwef			overall_goal:::plausible and very likely				narrative_intent:::plausible and very likely					author_emotional_response:::plausible but somewhat unlikely		causal_explanation:::plausible and somewhat likely				prediction:::plausible and somewhat likely				moral:::plausible and somewhat likely					narrative_feeling:::plausible and somewhat likely			aesthetic_feeling:::plausible and somewhat likely					character_appraisal:::plausible and somewhat likely				stance:::plausible and somewhat likely				
6785d744931a32435c5d76a1	Contextual-Reasoning-about-Narrative-Intents-and-Reactions-consent.html																																									I am age 18 or older.:::Yes	I have read and understand the information above.:::Yes	I want to participate in this research and continue with the study.:::Yes
65aea6a1b96c1e3bfcdb2181	e5sszhv				overall_goal:::plausible but somewhat unlikely			narrative_intent:::plausible and very likely				author_emotional_response:::plausible and somewhat likely				causal_explanation:::plausible and very likely			prediction:::plausible and somewhat likely					moral:::plausible and very likely				narrative_feeling:::plausible and somewhat likely		aesthetic_feeling:::implausible or very unlikely					character_appraisal:::plausible and very likely						stance:::plausible but somewhat unlikely			
65aea6a1b96c1e3bfcdb2181	e6ianoj				overall_goal:::plausible but somewhat unlikely	narrative_intent:::implausible or very unlikely						author_emotional_response:::plausible and somewhat likely			causal_explanation:::plausible and somewhat likely					prediction:::plausible and very likely			moral:::plausible and somewhat likely				narrative_feeling:::plausible and very likely			aesthetic_feeling:::implausible or very unlikely						character_appraisal:::plausible and somewhat likely			stance:::plausible and very likely					
65aea6a1b96c1e3bfcdb2181	Contextual-Reasoning-about-Narrative-Intents-and-Reactions-consent.html																																									I am age 18 or older.:::Yes	I have read and understand the information above.:::Yes	I want to participate in this research and continue with the study.:::Yes
67ddc3aa14d6159a27502d15	e6auv9p			overall_goal:::plausible and very likely				narrative_intent:::plausible and very likely			author_emotional_response:::plausible and very likely					causal_explanation:::plausible and very likely				prediction:::plausible and very likely		moral:::implausible or very unlikely					narrative_feeling:::plausible and very likely					aesthetic_feeling:::plausible and very likely			character_appraisal:::plausible and very likely			stance:::implausible or very unlikely						
67ddc3aa14d6159a27502d15	e5d9fqn			overall_goal:::plausible and very likely				narrative_intent:::plausible and very likely			author_emotional_response:::plausible and very likely					causal_explanation:::plausible and very likely				prediction:::plausible and very likely				moral:::plausible and very likely			narrative_feeling:::plausible and very likely			aesthetic_feeling:::implausible or very unlikely					character_appraisal:::plausible and very likely				stance:::plausible and very likely					
67ddc3aa14d6159a27502d15	Contextual-Reasoning-about-Narrative-Intents-and-Reactions-consent.html																																									I am age 18 or older.:::Yes	I have read and understand the information above.:::Yes	I want to participate in this research and continue with the study.:::Yes
66d09e2f390b758fbe0f21b5	e6ektsf			overall_goal:::plausible and very likely					narrative_intent:::plausible but somewhat unlikely				author_emotional_response:::plausible but somewhat unlikely		causal_explanation:::plausible and somewhat likely						prediction:::plausible but somewhat unlikely			moral:::plausible and very likely					narrative_feeling:::plausible but somewhat unlikely		aesthetic_feeling:::plausible and somewhat likely						character_appraisal:::plausible but somewhat unlikely			stance:::plausible and somewhat likely				
66d09e2f390b758fbe0f21b5	Contextual-Reasoning-about-Narrative-Intents-and-Reactions-consent.html																																									I am age 18 or older.:::Yes	I have read and understand the information above.:::Yes	I want to participate in this research and continue with the study.:::Yes
66d09e2f390b758fbe0f21b5	e6a5xeu		overall_goal:::plausible and somewhat likely						narrative_intent:::plausible but somewhat unlikely	author_emotional_response:::implausible or very unlikely							causal_explanation:::plausible but somewhat unlikely		prediction:::plausible and somewhat likely				moral:::plausible and somewhat likely					narrative_feeling:::plausible and somewhat likely		aesthetic_feeling:::implausible or very unlikely							character_appraisal:::plausible but somewhat unlikely	stance:::implausible or very unlikely						
63fcf7251ace1792db0941b0	e6ektsf			overall_goal:::plausible and very likely			narrative_intent:::plausible and somewhat likely				author_emotional_response:::plausible and very likely					causal_explanation:::plausible and very likely		prediction:::implausible or very unlikely						moral:::plausible and very likely			narrative_feeling:::plausible and very likely					aesthetic_feeling:::plausible and very likely			character_appraisal:::plausible and very likely				stance:::plausible and very likely					
63fcf7251ace1792db0941b0	Contextual-Reasoning-about-Narrative-Intents-and-Reactions-consent.html																																									I am age 18 or older.:::Yes	I have read and understand the information above.:::Yes	I want to participate in this research and continue with the study.:::Yes
63fcf7251ace1792db0941b0	e6a5xeu			overall_goal:::plausible and very likely				narrative_intent:::plausible and very likely			author_emotional_response:::plausible and very likely					causal_explanation:::plausible and very likely			prediction:::plausible and somewhat likely					moral:::plausible and very likely			narrative_feeling:::plausible and very likely			aesthetic_feeling:::implausible or very unlikely					character_appraisal:::plausible and very likely					stance:::plausible and somewhat likely				
678a880bfee0c5ee7400ac1b	e5yyc4w			overall_goal:::plausible and very likely				narrative_intent:::plausible and very likely					author_emotional_response:::plausible but somewhat unlikely		causal_explanation:::plausible and somewhat likely				prediction:::plausible and somewhat likely			moral:::implausible or very unlikely						narrative_feeling:::plausible and somewhat likely				aesthetic_feeling:::plausible and very likely					character_appraisal:::plausible but somewhat unlikely			stance:::plausible and somewhat likely				
678a880bfee0c5ee7400ac1b	Contextual-Reasoning-about-Narrative-Intents-and-Reactions-consent.html																																									I am age 18 or older.:::Yes	I have read and understand the information above.:::Yes	I want to participate in this research and continue with the study.:::Yes
678a880bfee0c5ee7400ac1b	e6jhbtv			overall_goal:::plausible and very likely				narrative_intent:::plausible and very likely			author_emotional_response:::plausible and very likely				causal_explanation:::plausible and somewhat likely			prediction:::implausible or very unlikely					moral:::plausible and somewhat likely						narrative_feeling:::plausible but somewhat unlikely		aesthetic_feeling:::plausible and somewhat likely					character_appraisal:::plausible and somewhat likely					stance:::plausible but somewhat unlikely			
67f3362cedfe12908610b4c5	e5yyc4w	overall_goal:::implausible or very unlikely							narrative_intent:::plausible but somewhat unlikely				author_emotional_response:::plausible but somewhat unlikely				causal_explanation:::plausible but somewhat unlikely		prediction:::plausible and somewhat likely						moral:::plausible but somewhat unlikely				narrative_feeling:::plausible but somewhat unlikely		aesthetic_feeling:::plausible and somewhat likely					character_appraisal:::plausible and somewhat likely					stance:::plausible but somewhat unlikely			
67f3362cedfe12908610b4c5	Contextual-Reasoning-about-Narrative-Intents-and-Reactions-consent.html																																									I am age 18 or older.:::Yes	I have read and understand the information above.:::Yes	I want to participate in this research and continue with the study.:::Yes
67f3362cedfe12908610b4c5	e6jhbtv				overall_goal:::plausible but somewhat unlikely				narrative_intent:::plausible but somewhat unlikely				author_emotional_response:::plausible but somewhat unlikely		causal_explanation:::plausible and somewhat likely				prediction:::plausible and somewhat likely						moral:::plausible but somewhat unlikely			narrative_feeling:::plausible and somewhat likely					aesthetic_feeling:::plausible but somewhat unlikely			character_appraisal:::plausible and somewhat likely					stance:::plausible but somewhat unlikely			
67c600f904823854b09b015f	e6b6l97			overall_goal:::plausible and very likely				narrative_intent:::plausible and very likely			author_emotional_response:::plausible and very likely					causal_explanation:::plausible and very likely		prediction:::implausible or very unlikely						moral:::plausible and very likely			narrative_feeling:::plausible and very likely					aesthetic_feeling:::plausible and very likely			character_appraisal:::plausible and very likely				stance:::plausible and very likely					
67c600f904823854b09b015f	Contextual-Reasoning-about-Narrative-Intents-and-Reactions-consent.html																																									I am age 18 or older.:::Yes	I have read and understand the information above.:::Yes	I want to participate in this research and continue with the study.:::Yes
67c600f904823854b09b015f	e6ueps4			overall_goal:::plausible and very likely				narrative_intent:::plausible and very likely				author_emotional_response:::plausible and somewhat likely			causal_explanation:::plausible and somewhat likely					prediction:::plausible and very likely			moral:::plausible and somewhat likely					narrative_feeling:::plausible and somewhat likely				aesthetic_feeling:::plausible and very likely			character_appraisal:::plausible and very likely				stance:::plausible and very likely					
67dc2c51f63afe496c0e7a0c	e6b6l97		overall_goal:::plausible and somewhat likely					narrative_intent:::plausible and very likely			author_emotional_response:::plausible and very likely			causal_explanation:::implausible or very unlikely					prediction:::plausible and somewhat likely						moral:::plausible but somewhat unlikely			narrative_feeling:::plausible and somewhat likely			aesthetic_feeling:::plausible and somewhat likely			character_appraisal:::implausible or very unlikely						stance:::plausible and somewhat likely				
67dc2c51f63afe496c0e7a0c	Contextual-Reasoning-about-Narrative-Intents-and-Reactions-consent.html																																									I am age 18 or older.:::Yes	I have read and understand the information above.:::Yes	I want to participate in this research and continue with the study.:::Yes
67dc2c51f63afe496c0e7a0c	e6ueps4			overall_goal:::plausible and very likely				narrative_intent:::plausible and very likely				author_emotional_response:::plausible and somewhat likely			causal_explanation:::plausible and somewhat likely				prediction:::plausible and somewhat likely					moral:::plausible and very likely		narrative_feeling:::implausible or very unlikely							aesthetic_feeling:::plausible but somewhat unlikely				character_appraisal:::plausible but somewhat unlikely		stance:::plausible and very likely					
67f1921726bfac07aea277c3	e6gdzhu	overall_goal:::implausible or very unlikely						narrative_intent:::plausible and very likely			author_emotional_response:::plausible and very likely					causal_explanation:::plausible and very likely				prediction:::plausible and very likely				moral:::plausible and very likely			narrative_feeling:::plausible and very likely					aesthetic_feeling:::plausible and very likely			character_appraisal:::plausible and very likely				stance:::plausible and very likely					
67f1921726bfac07aea277c3	e6id2sl			overall_goal:::plausible and very likely				narrative_intent:::plausible and very likely			author_emotional_response:::plausible and very likely					causal_explanation:::plausible and very likely				prediction:::plausible and very likely				moral:::plausible and very likely				narrative_feeling:::plausible and somewhat likely		aesthetic_feeling:::implausible or very unlikely					character_appraisal:::plausible and very likely					stance:::plausible and somewhat likely				
67f1921726bfac07aea277c3	Contextual-Reasoning-about-Narrative-Intents-and-Reactions-consent.html																																									I am age 18 or older.:::Yes	I have read and understand the information above.:::Yes	I want to participate in this research and continue with the study.:::Yes
5fe2bc6c9177396d90ae7f54	e6gdzhu	overall_goal:::implausible or very unlikely					narrative_intent:::plausible and somewhat likely					author_emotional_response:::plausible and somewhat likely			causal_explanation:::plausible and somewhat likely						prediction:::plausible but somewhat unlikely		moral:::plausible and somewhat likely					narrative_feeling:::plausible and somewhat likely			aesthetic_feeling:::plausible and somewhat likely					character_appraisal:::plausible and somewhat likely				stance:::plausible and somewhat likely				
5fe2bc6c9177396d90ae7f54	e6id2sl				overall_goal:::plausible but somewhat unlikely		narrative_intent:::plausible and somewhat likely					author_emotional_response:::plausible and somewhat likely		causal_explanation:::implausible or very unlikely					prediction:::plausible and somewhat likely				moral:::plausible and somewhat likely					narrative_feeling:::plausible and somewhat likely			aesthetic_feeling:::plausible and somewhat likely					character_appraisal:::plausible and somewhat likely				stance:::plausible and somewhat likely				
5fe2bc6c9177396d90ae7f54	Contextual-Reasoning-about-Narrative-Intents-and-Reactions-consent.html																																									I am age 18 or older.:::Yes	I have read and understand the information above.:::Yes	I want to participate in this research and continue with the study.:::Yes
676d746ed2391d1de669298a	e6wshzr			overall_goal:::plausible and very likely				narrative_intent:::plausible and very likely			author_emotional_response:::plausible and very likely					causal_explanation:::plausible and very likely			prediction:::plausible and somewhat likely					moral:::plausible and very likely			narrative_feeling:::plausible and very likely				aesthetic_feeling:::plausible and somewhat likely						character_appraisal:::plausible but somewhat unlikely		stance:::plausible and very likely					
676d746ed2391d1de669298a	e6rujpj	overall_goal:::implausible or very unlikely						narrative_intent:::plausible and very likely				author_emotional_response:::plausible and somewhat likely				causal_explanation:::plausible and very likely			prediction:::plausible and somewhat likely					moral:::plausible and very likely			narrative_feeling:::plausible and very likely					aesthetic_feeling:::plausible and very likely				character_appraisal:::plausible and somewhat likely					stance:::plausible but somewhat unlikely			
676d746ed2391d1de669298a	Contextual-Reasoning-about-Narrative-Intents-and-Reactions-consent.html																																									I am age 18 or older.:::Yes	I have read and understand the information above.:::Yes	I want to participate in this research and continue with the study.:::Yes
67e0a8458369d92d9789b0b4	e6wshzr		overall_goal:::plausible and somewhat likely				narrative_intent:::plausible and somewhat likely					author_emotional_response:::plausible and somewhat likely			causal_explanation:::plausible and somewhat likely				prediction:::plausible and somewhat likely				moral:::plausible and somewhat likely					narrative_feeling:::plausible and somewhat likely					aesthetic_feeling:::plausible but somewhat unlikely				character_appraisal:::plausible but somewhat unlikely		stance:::plausible and very likely					
67e0a8458369d92d9789b0b4	e6rujpj	overall_goal:::implausible or very unlikely				narrative_intent:::implausible or very unlikely				author_emotional_response:::implausible or very unlikely							causal_explanation:::plausible but somewhat unlikely				prediction:::plausible but somewhat unlikely				moral:::plausible but somewhat unlikely				narrative_feeling:::plausible but somewhat unlikely				aesthetic_feeling:::plausible but somewhat unlikely				character_appraisal:::plausible but somewhat unlikely				stance:::plausible but somewhat unlikely			
67e0a8458369d92d9789b0b4	Contextual-Reasoning-about-Narrative-Intents-and-Reactions-consent.html																																									I am age 18 or older.:::Yes	I have read and understand the information above.:::Yes	I want to participate in this research and continue with the study.:::Yes
5ee91a822825f9171d2b74f5	e5s5oo2		overall_goal:::plausible and somewhat likely				narrative_intent:::plausible and somewhat likely						author_emotional_response:::plausible but somewhat unlikely		causal_explanation:::plausible and somewhat likely				prediction:::plausible and somewhat likely					moral:::plausible and very likely					narrative_feeling:::plausible but somewhat unlikely		aesthetic_feeling:::plausible and somewhat likely						character_appraisal:::plausible but somewhat unlikely			stance:::plausible and somewhat likely				
5ee91a822825f9171d2b74f5	Contextual-Reasoning-about-Narrative-Intents-and-Reactions-consent.html																																									I am age 18 or older.:::Yes	I have read and understand the information above.:::Yes	I want to participate in this research and continue with the study.:::Yes
5ee91a822825f9171d2b74f5	e6afty6			overall_goal:::plausible and very likely				narrative_intent:::plausible and very likely				author_emotional_response:::plausible and somewhat likely			causal_explanation:::plausible and somewhat likely						prediction:::plausible but somewhat unlikely			moral:::plausible and very likely				narrative_feeling:::plausible and somewhat likely			aesthetic_feeling:::plausible and somewhat likely				character_appraisal:::plausible and very likely			stance:::implausible or very unlikely						
641385c88f29eb3264283818	e5u0q3s		overall_goal:::plausible and somewhat likely						narrative_intent:::plausible but somewhat unlikely			author_emotional_response:::plausible and somewhat likely				causal_explanation:::plausible and very likely			prediction:::plausible and somewhat likely					moral:::plausible and very likely		narrative_feeling:::implausible or very unlikely					aesthetic_feeling:::plausible and somewhat likely					character_appraisal:::plausible and somewhat likely				stance:::plausible and somewhat likely				
641385c88f29eb3264283818	e57qbnt			overall_goal:::plausible and very likely			narrative_intent:::plausible and somewhat likely					author_emotional_response:::plausible and somewhat likely			causal_explanation:::plausible and somewhat likely						prediction:::plausible but somewhat unlikely			moral:::plausible and very likely					narrative_feeling:::plausible but somewhat unlikely				aesthetic_feeling:::plausible but somewhat unlikely	character_appraisal:::implausible or very unlikely						stance:::plausible and somewhat likely				
641385c88f29eb3264283818	Contextual-Reasoning-about-Narrative-Intents-and-Reactions-consent.html																																									I am age 18 or older.:::Yes	I have read and understand the information above.:::Yes	I want to participate in this research and continue with the study.:::Yes
62e9c91168f8d1ff048964e9	e5unnlu	overall_goal:::implausible or very unlikely							narrative_intent:::plausible but somewhat unlikely				author_emotional_response:::plausible but somewhat unlikely	causal_explanation:::implausible or very unlikely					prediction:::plausible and somewhat likely			moral:::implausible or very unlikely						narrative_feeling:::plausible and somewhat likely				aesthetic_feeling:::plausible and very likely					character_appraisal:::plausible but somewhat unlikely			stance:::plausible and somewhat likely				
62e9c91168f8d1ff048964e9	e5dnabh		overall_goal:::plausible and somewhat likely				narrative_intent:::plausible and somewhat likely			author_emotional_response:::implausible or very unlikely						causal_explanation:::plausible and very likely		prediction:::implausible or very unlikely						moral:::plausible and very likely				narrative_feeling:::plausible and somewhat likely					aesthetic_feeling:::plausible but somewhat unlikely		character_appraisal:::plausible and very likely			stance:::implausible or very unlikely						
62e9c91168f8d1ff048964e9	Contextual-Reasoning-about-Narrative-Intents-and-Reactions-consent.html																																									I am age 18 or older.:::Yes	I have read and understand the information above.:::Yes	I want to participate in this research and continue with the study.:::Yes
610055ffe4d2514e9cf1073f	9c83al		overall_goal:::plausible and somewhat likely				narrative_intent:::plausible and somewhat likely					author_emotional_response:::plausible and somewhat likely			causal_explanation:::plausible and somewhat likely				prediction:::plausible and somewhat likely						moral:::plausible but somewhat unlikely				narrative_feeling:::plausible but somewhat unlikely		aesthetic_feeling:::plausible and somewhat likely				character_appraisal:::plausible and very likely						stance:::plausible but somewhat unlikely			
610055ffe4d2514e9cf1073f	Contextual-Reasoning-about-Narrative-Intents-and-Reactions-consent.html																																									I am age 18 or older.:::Yes	I have read and understand the information above.:::Yes	I want to participate in this research and continue with the study.:::Yes
610055ffe4d2514e9cf1073f	e6qu0pr		overall_goal:::plausible and somewhat likely				narrative_intent:::plausible and somewhat likely						author_emotional_response:::plausible but somewhat unlikely			causal_explanation:::plausible and very likely				prediction:::plausible and very likely			moral:::plausible and somewhat likely				narrative_feeling:::plausible and very likely				aesthetic_feeling:::plausible and somewhat likely						character_appraisal:::plausible but somewhat unlikely			stance:::plausible and somewhat likely				
676c6d4ab88f95b3e9342f6f	9c83al			overall_goal:::plausible and very likely				narrative_intent:::plausible and very likely			author_emotional_response:::plausible and very likely				causal_explanation:::plausible and somewhat likely				prediction:::plausible and somewhat likely					moral:::plausible and very likely					narrative_feeling:::plausible but somewhat unlikely		aesthetic_feeling:::plausible and somewhat likely					character_appraisal:::plausible and somewhat likely				stance:::plausible and somewhat likely				
676c6d4ab88f95b3e9342f6f	Contextual-Reasoning-about-Narrative-Intents-and-Reactions-consent.html																																									I am age 18 or older.:::Yes	I have read and understand the information above.:::Yes	I want to participate in this research and continue with the study.:::Yes
676c6d4ab88f95b3e9342f6f	e6qu0pr				overall_goal:::plausible but somewhat unlikely				narrative_intent:::plausible but somewhat unlikely			author_emotional_response:::plausible and somewhat likely			causal_explanation:::plausible and somewhat likely				prediction:::plausible and somewhat likely				moral:::plausible and somewhat likely					narrative_feeling:::plausible and somewhat likely			aesthetic_feeling:::plausible and somewhat likely						character_appraisal:::plausible but somewhat unlikely			stance:::plausible and somewhat likely				
5e34325430e5263f0bebb32d	e606j3y			overall_goal:::plausible and very likely			narrative_intent:::plausible and somewhat likely				author_emotional_response:::plausible and very likely					causal_explanation:::plausible and very likely				prediction:::plausible and very likely		moral:::implausible or very unlikely				narrative_feeling:::implausible or very unlikely					aesthetic_feeling:::plausible and somewhat likely					character_appraisal:::plausible and somewhat likely				stance:::plausible and somewhat likely				
5e34325430e5263f0bebb32d	Contextual-Reasoning-about-Narrative-Intents-and-Reactions-consent.html																																									I am age 18 or older.:::Yes	I have read and understand the information above.:::Yes	I want to participate in this research and continue with the study.:::Yes
5e34325430e5263f0bebb32d	e6lt86y				overall_goal:::plausible but somewhat unlikely			narrative_intent:::plausible and very likely		author_emotional_response:::implausible or very unlikely						causal_explanation:::plausible and very likely			prediction:::plausible and somewhat likely					moral:::plausible and very likely				narrative_feeling:::plausible and somewhat likely			aesthetic_feeling:::plausible and somewhat likely			character_appraisal:::implausible or very unlikely					stance:::plausible and very likely					
654fc6eb3097bf717a4a4ead	e606j3y			overall_goal:::plausible and very likely					narrative_intent:::plausible but somewhat unlikely			author_emotional_response:::plausible and somewhat likely			causal_explanation:::plausible and somewhat likely				prediction:::plausible and somewhat likely			moral:::implausible or very unlikely						narrative_feeling:::plausible and somewhat likely				aesthetic_feeling:::plausible and very likely			character_appraisal:::plausible and very likely				stance:::plausible and very likely					
654fc6eb3097bf717a4a4ead	Contextual-Reasoning-about-Narrative-Intents-and-Reactions-consent.html																																									I am age 18 or older.:::Yes	I have read and understand the information above.:::Yes	I want to participate in this research and continue with the study.:::Yes
654fc6eb3097bf717a4a4ead	e6lt86y			overall_goal:::plausible and very likely				narrative_intent:::plausible and very likely		author_emotional_response:::implausible or very unlikely					causal_explanation:::plausible and somewhat likely					prediction:::plausible and very likely				moral:::plausible and very likely				narrative_feeling:::plausible and somewhat likely				aesthetic_feeling:::plausible and very likely					character_appraisal:::plausible but somewhat unlikely		stance:::plausible and very likely					
678d6558b18a62d9556528e1	e5f6xm5		overall_goal:::plausible and somewhat likely					narrative_intent:::plausible and very likely				author_emotional_response:::plausible and somewhat likely		causal_explanation:::implausible or very unlikely						prediction:::plausible and very likely				moral:::plausible and very likely		narrative_feeling:::implausible or very unlikely						aesthetic_feeling:::plausible and very likely			character_appraisal:::plausible and very likely				stance:::plausible and very likely					
678d6558b18a62d9556528e1	e5qbfrf			overall_goal:::plausible and very likely			narrative_intent:::plausible and somewhat likely						author_emotional_response:::plausible but somewhat unlikely			causal_explanation:::plausible and very likely		prediction:::implausible or very unlikely						moral:::plausible and very likely			narrative_feeling:::plausible and very likely					aesthetic_feeling:::plausible and very likely				character_appraisal:::plausible and somewhat likely			stance:::plausible and very likely					
678d6558b18a62d9556528e1	Contextual-Reasoning-about-Narrative-Intents-and-Reactions-consent.html																																									I am age 18 or older.:::Yes	I have read and understand the information above.:::Yes	I want to participate in this research and continue with the study.:::Yes
681f5b8a2a7bdc73f8aad15c	e5f6xm5				overall_goal:::plausible but somewhat unlikely		narrative_intent:::plausible and somewhat likely					author_emotional_response:::plausible and somewhat likely					causal_explanation:::plausible but somewhat unlikely		prediction:::plausible and somewhat likely				moral:::plausible and somewhat likely						narrative_feeling:::plausible but somewhat unlikely			aesthetic_feeling:::plausible and very likely				character_appraisal:::plausible and somewhat likely			stance:::plausible and very likely					
681f5b8a2a7bdc73f8aad15c	e5qbfrf			overall_goal:::plausible and very likely				narrative_intent:::plausible and very likely				author_emotional_response:::plausible and somewhat likely				causal_explanation:::plausible and very likely		prediction:::implausible or very unlikely					moral:::plausible and somewhat likely					narrative_feeling:::plausible and somewhat likely				aesthetic_feeling:::plausible and very likely				character_appraisal:::plausible and somewhat likely			stance:::plausible and very likely					
681f5b8a2a7bdc73f8aad15c	Contextual-Reasoning-about-Narrative-Intents-and-Reactions-consent.html																																									I am age 18 or older.:::Yes	I have read and understand the information above.:::Yes	I want to participate in this research and continue with the study.:::Yes
67301111865cf8fa81ac7897	e5bh4ix			overall_goal:::plausible and very likely		narrative_intent:::implausible or very unlikely					author_emotional_response:::plausible and very likely					causal_explanation:::plausible and very likely			prediction:::plausible and somewhat likely					moral:::plausible and very likely			narrative_feeling:::plausible and very likely					aesthetic_feeling:::plausible and very likely			character_appraisal:::plausible and very likely				stance:::plausible and very likely					
67301111865cf8fa81ac7897	e5o37qp			overall_goal:::plausible and very likely				narrative_intent:::plausible and very likely			author_emotional_response:::plausible and very likely					causal_explanation:::plausible and very likely					prediction:::plausible but somewhat unlikely		moral:::plausible and somewhat likely				narrative_feeling:::plausible and very likely					aesthetic_feeling:::plausible and very likely		character_appraisal:::implausible or very unlikely					stance:::plausible and very likely					
67301111865cf8fa81ac7897	Contextual-Reasoning-about-Narrative-Intents-and-Reactions-consent.html																																									I am age 18 or older.:::Yes	I have read and understand the information above.:::Yes	I want to participate in this research and continue with the study.:::Yes
651c18b7be672ec76e5f6860	e5bh4ix		overall_goal:::plausible and somewhat likely						narrative_intent:::plausible but somewhat unlikely	author_emotional_response:::implausible or very unlikely						causal_explanation:::plausible and very likely				prediction:::plausible and very likely				moral:::plausible and very likely				narrative_feeling:::plausible and somewhat likely			aesthetic_feeling:::plausible and somewhat likely					character_appraisal:::plausible and somewhat likely				stance:::plausible and somewhat likely				
651c18b7be672ec76e5f6860	e5o37qp			overall_goal:::plausible and very likely				narrative_intent:::plausible and very likely			author_emotional_response:::plausible and very likely					causal_explanation:::plausible and very likely		prediction:::implausible or very unlikely					moral:::plausible and somewhat likely						narrative_feeling:::plausible but somewhat unlikely			aesthetic_feeling:::plausible and very likely					character_appraisal:::plausible but somewhat unlikely		stance:::plausible and very likely					
651c18b7be672ec76e5f6860	Contextual-Reasoning-about-Narrative-Intents-and-Reactions-consent.html																																									I am age 18 or older.:::Yes	I have read and understand the information above.:::Yes	I want to participate in this research and continue with the study.:::Yes
5f1dea279f4818757f07f087	e5vwrnn		overall_goal:::plausible and somewhat likely				narrative_intent:::plausible and somewhat likely						author_emotional_response:::plausible but somewhat unlikely			causal_explanation:::plausible and very likely			prediction:::plausible and somewhat likely					moral:::plausible and very likely				narrative_feeling:::plausible and somewhat likely		aesthetic_feeling:::implausible or very unlikely							character_appraisal:::plausible but somewhat unlikely			stance:::plausible and somewhat likely				
5f1dea279f4818757f07f087	e6keggv				overall_goal:::plausible but somewhat unlikely		narrative_intent:::plausible and somewhat likely			author_emotional_response:::implausible or very unlikely					causal_explanation:::plausible and somewhat likely						prediction:::plausible but somewhat unlikely		moral:::plausible and somewhat likely			narrative_feeling:::implausible or very unlikely						aesthetic_feeling:::plausible and very likely				character_appraisal:::plausible and somewhat likely			stance:::plausible and very likely					
5f1dea279f4818757f07f087	Contextual-Reasoning-about-Narrative-Intents-and-Reactions-consent.html																																									I am age 18 or older.:::Yes	I have read and understand the information above.:::Yes	I want to participate in this research and continue with the study.:::Yes
67dc8f06e924a5e7d1fd9228	e5vwrnn		overall_goal:::plausible and somewhat likely				narrative_intent:::plausible and somewhat likely					author_emotional_response:::plausible and somewhat likely			causal_explanation:::plausible and somewhat likely				prediction:::plausible and somewhat likely				moral:::plausible and somewhat likely						narrative_feeling:::plausible but somewhat unlikely				aesthetic_feeling:::plausible but somewhat unlikely			character_appraisal:::plausible and somewhat likely				stance:::plausible and somewhat likely				
67dc8f06e924a5e7d1fd9228	e6keggv				overall_goal:::plausible but somewhat unlikely				narrative_intent:::plausible but somewhat unlikely			author_emotional_response:::plausible and somewhat likely			causal_explanation:::plausible and somewhat likely				prediction:::plausible and somewhat likely				moral:::plausible and somewhat likely						narrative_feeling:::plausible but somewhat unlikely		aesthetic_feeling:::plausible and somewhat likely					character_appraisal:::plausible and somewhat likely				stance:::plausible and somewhat likely				
67dc8f06e924a5e7d1fd9228	Contextual-Reasoning-about-Narrative-Intents-and-Reactions-consent.html																																									I am age 18 or older.:::Yes	I have read and understand the information above.:::Yes	I want to participate in this research and continue with the study.:::Yes
67d01315eefff6f9347c46a2	e5x31nf			overall_goal:::plausible and very likely		narrative_intent:::implausible or very unlikely							author_emotional_response:::plausible but somewhat unlikely			causal_explanation:::plausible and very likely			prediction:::plausible and somewhat likely				moral:::plausible and somewhat likely					narrative_feeling:::plausible and somewhat likely			aesthetic_feeling:::plausible and somewhat likely				character_appraisal:::plausible and very likely				stance:::plausible and very likely					
67d01315eefff6f9347c46a2	Contextual-Reasoning-about-Narrative-Intents-and-Reactions-consent.html																																									I am age 18 or older.:::Yes	I have read and understand the information above.:::Yes	I want to participate in this research and continue with the study.:::Yes
67d01315eefff6f9347c46a2	e5wnbgs			overall_goal:::plausible and very likely				narrative_intent:::plausible and very likely		author_emotional_response:::implausible or very unlikely						causal_explanation:::plausible and very likely			prediction:::plausible and somewhat likely					moral:::plausible and very likely			narrative_feeling:::plausible and very likely					aesthetic_feeling:::plausible and very likely			character_appraisal:::plausible and very likely					stance:::plausible and somewhat likely				
605220735560745cf0a16a80	e5x31nf			overall_goal:::plausible and very likely		narrative_intent:::implausible or very unlikely						author_emotional_response:::plausible and somewhat likely				causal_explanation:::plausible and very likely				prediction:::plausible and very likely				moral:::plausible and very likely				narrative_feeling:::plausible and somewhat likely			aesthetic_feeling:::plausible and somewhat likely					character_appraisal:::plausible and somewhat likely				stance:::plausible and somewhat likely				
605220735560745cf0a16a80	Contextual-Reasoning-about-Narrative-Intents-and-Reactions-consent.html																																									I am age 18 or older.:::Yes	I have read and understand the information above.:::Yes	I want to participate in this research and continue with the study.:::Yes
605220735560745cf0a16a80	e5wnbgs		overall_goal:::plausible and somewhat likely					narrative_intent:::plausible and very likely		author_emotional_response:::implausible or very unlikely				causal_explanation:::implausible or very unlikely					prediction:::plausible and somewhat likely				moral:::plausible and somewhat likely					narrative_feeling:::plausible and somewhat likely			aesthetic_feeling:::plausible and somewhat likely					character_appraisal:::plausible and somewhat likely				stance:::plausible and somewhat likely				
676d6b0a137e2c9c8e9fc347	e68rh25		overall_goal:::plausible and somewhat likely				narrative_intent:::plausible and somewhat likely						author_emotional_response:::plausible but somewhat unlikely	causal_explanation:::implausible or very unlikely							prediction:::plausible but somewhat unlikely		moral:::plausible and somewhat likely						narrative_feeling:::plausible but somewhat unlikely		aesthetic_feeling:::plausible and somewhat likely					character_appraisal:::plausible and somewhat likely					stance:::plausible but somewhat unlikely			
676d6b0a137e2c9c8e9fc347	e65162f			overall_goal:::plausible and very likely			narrative_intent:::plausible and somewhat likely					author_emotional_response:::plausible and somewhat likely					causal_explanation:::plausible but somewhat unlikely		prediction:::plausible and somewhat likely						moral:::plausible but somewhat unlikely	narrative_feeling:::implausible or very unlikely					aesthetic_feeling:::plausible and somewhat likely					character_appraisal:::plausible and somewhat likely					stance:::plausible but somewhat unlikely			
676d6b0a137e2c9c8e9fc347	Contextual-Reasoning-about-Narrative-Intents-and-Reactions-consent.html																																									I am age 18 or older.:::Yes	I have read and understand the information above.:::Yes	I want to participate in this research and continue with the study.:::Yes
6753d8b2fa36b136602fca57	e68rh25				overall_goal:::plausible but somewhat unlikely		narrative_intent:::plausible and somewhat likely				author_emotional_response:::plausible and very likely						causal_explanation:::plausible but somewhat unlikely		prediction:::plausible and somewhat likely						moral:::plausible but somewhat unlikely			narrative_feeling:::plausible and somewhat likely					aesthetic_feeling:::plausible but somewhat unlikely			character_appraisal:::plausible and somewhat likely					stance:::plausible but somewhat unlikely			
6753d8b2fa36b136602fca57	e65162f				overall_goal:::plausible but somewhat unlikely		narrative_intent:::plausible and somewhat likely						author_emotional_response:::plausible but somewhat unlikely				causal_explanation:::plausible but somewhat unlikely		prediction:::plausible and somewhat likely					moral:::plausible and very likely		narrative_feeling:::implausible or very unlikely					aesthetic_feeling:::plausible and somewhat likely					character_appraisal:::plausible and somewhat likely					stance:::plausible but somewhat unlikely			
6753d8b2fa36b136602fca57	Contextual-Reasoning-about-Narrative-Intents-and-Reactions-consent.html																																									I am age 18 or older.:::Yes	I have read and understand the information above.:::Yes	I want to participate in this research and continue with the study.:::Yes
60bd28cc95ab27d4f4f6ada3	e5faq93	overall_goal:::implausible or very unlikely				narrative_intent:::implausible or very unlikely				author_emotional_response:::implausible or very unlikely						causal_explanation:::plausible and very likely					prediction:::plausible but somewhat unlikely			moral:::plausible and very likely					narrative_feeling:::plausible but somewhat unlikely		aesthetic_feeling:::plausible and somewhat likely			character_appraisal:::implausible or very unlikely						stance:::plausible and somewhat likely				
60bd28cc95ab27d4f4f6ada3	e6o33x2			overall_goal:::plausible and very likely				narrative_intent:::plausible and very likely					author_emotional_response:::plausible but somewhat unlikely			causal_explanation:::plausible and very likely		prediction:::implausible or very unlikely					moral:::plausible and somewhat likely					narrative_feeling:::plausible and somewhat likely				aesthetic_feeling:::plausible and very likely				character_appraisal:::plausible and somewhat likely			stance:::plausible and very likely					
60bd28cc95ab27d4f4f6ada3	Contextual-Reasoning-about-Narrative-Intents-and-Reactions-consent.html																																									I am age 18 or older.:::Yes	I have read and understand the information above.:::Yes	I want to participate in this research and continue with the study.:::Yes
5e8644dc6d54ca0a09510c88	e5faq93			overall_goal:::plausible and very likely			narrative_intent:::plausible and somewhat likely						author_emotional_response:::plausible but somewhat unlikely			causal_explanation:::plausible and very likely			prediction:::plausible and somewhat likely					moral:::plausible and very likely				narrative_feeling:::plausible and somewhat likely			aesthetic_feeling:::plausible and somewhat likely			character_appraisal:::implausible or very unlikely					stance:::plausible and very likely					
5e8644dc6d54ca0a09510c88	e6o33x2		overall_goal:::plausible and somewhat likely					narrative_intent:::plausible and very likely			author_emotional_response:::plausible and very likely				causal_explanation:::plausible and somewhat likely			prediction:::implausible or very unlikely					moral:::plausible and somewhat likely					narrative_feeling:::plausible and somewhat likely			aesthetic_feeling:::plausible and somewhat likely				character_appraisal:::plausible and very likely				stance:::plausible and very likely					
5e8644dc6d54ca0a09510c88	Contextual-Reasoning-about-Narrative-Intents-and-Reactions-consent.html																																									I am age 18 or older.:::Yes	I have read and understand the information above.:::Yes	I want to participate in this research and continue with the study.:::Yes
67d0b74e3cdce54e0dc08551	e6by69z				overall_goal:::plausible but somewhat unlikely				narrative_intent:::plausible but somewhat unlikely				author_emotional_response:::plausible but somewhat unlikely				causal_explanation:::plausible but somewhat unlikely				prediction:::plausible but somewhat unlikely				moral:::plausible but somewhat unlikely				narrative_feeling:::plausible but somewhat unlikely				aesthetic_feeling:::plausible but somewhat unlikely				character_appraisal:::plausible but somewhat unlikely				stance:::plausible but somewhat unlikely			
67d0b74e3cdce54e0dc08551	e5ls3rd		overall_goal:::plausible and somewhat likely				narrative_intent:::plausible and somewhat likely					author_emotional_response:::plausible and somewhat likely			causal_explanation:::plausible and somewhat likely				prediction:::plausible and somewhat likely				moral:::plausible and somewhat likely					narrative_feeling:::plausible and somewhat likely			aesthetic_feeling:::plausible and somewhat likely				character_appraisal:::plausible and very likely				stance:::plausible and very likely					
67d0b74e3cdce54e0dc08551	Contextual-Reasoning-about-Narrative-Intents-and-Reactions-consent.html																																									I am age 18 or older.:::Yes	I have read and understand the information above.:::Yes	I want to participate in this research and continue with the study.:::Yes
60c770aa2d2928bfda4c7cd4	e5inrdc			overall_goal:::plausible and very likely				narrative_intent:::plausible and very likely			author_emotional_response:::plausible and very likely					causal_explanation:::plausible and very likely				prediction:::plausible and very likely				moral:::plausible and very likely			narrative_feeling:::plausible and very likely			aesthetic_feeling:::implausible or very unlikely					character_appraisal:::plausible and very likely				stance:::plausible and very likely					
60c770aa2d2928bfda4c7cd4	e5aammm	overall_goal:::implausible or very unlikely				narrative_intent:::implausible or very unlikely							author_emotional_response:::plausible but somewhat unlikely	causal_explanation:::implausible or very unlikely				prediction:::implausible or very unlikely				moral:::implausible or very unlikely				narrative_feeling:::implausible or very unlikely				aesthetic_feeling:::implausible or very unlikely				character_appraisal:::implausible or very unlikely				stance:::implausible or very unlikely						
60c770aa2d2928bfda4c7cd4	Contextual-Reasoning-about-Narrative-Intents-and-Reactions-consent.html																																									I am age 18 or older.:::Yes	I have read and understand the information above.:::Yes	I want to participate in this research and continue with the study.:::Yes
6717ca3a61e52dc226157162	e5inrdc	overall_goal:::implausible or very unlikely				narrative_intent:::implausible or very unlikely				author_emotional_response:::implausible or very unlikely				causal_explanation:::implausible or very unlikely				prediction:::implausible or very unlikely				moral:::implausible or very unlikely				narrative_feeling:::implausible or very unlikely				aesthetic_feeling:::implausible or very unlikely				character_appraisal:::implausible or very unlikely				stance:::implausible or very unlikely						
6717ca3a61e52dc226157162	e5aammm	overall_goal:::implausible or very unlikely				narrative_intent:::implausible or very unlikely				author_emotional_response:::implausible or very unlikely							causal_explanation:::plausible but somewhat unlikely	prediction:::implausible or very unlikely					moral:::plausible and somewhat likely					narrative_feeling:::plausible and somewhat likely			aesthetic_feeling:::plausible and somewhat likely						character_appraisal:::plausible but somewhat unlikely		stance:::plausible and very likely					
6717ca3a61e52dc226157162	Contextual-Reasoning-about-Narrative-Intents-and-Reactions-consent.html																																									I am age 18 or older.:::Yes	I have read and understand the information above.:::Yes	I want to participate in this research and continue with the study.:::Yes
67e5c4a339fa33145e02331c	e6d4ure		overall_goal:::plausible and somewhat likely				narrative_intent:::plausible and somewhat likely					author_emotional_response:::plausible and somewhat likely					causal_explanation:::plausible but somewhat unlikely				prediction:::plausible but somewhat unlikely			moral:::plausible and very likely					narrative_feeling:::plausible but somewhat unlikely		aesthetic_feeling:::plausible and somewhat likely					character_appraisal:::plausible and somewhat likely					stance:::plausible but somewhat unlikely			
67e5c4a339fa33145e02331c	e5k4uqc		overall_goal:::plausible and somewhat likely						narrative_intent:::plausible but somewhat unlikely				author_emotional_response:::plausible but somewhat unlikely		causal_explanation:::plausible and somewhat likely					prediction:::plausible and very likely					moral:::plausible but somewhat unlikely			narrative_feeling:::plausible and somewhat likely			aesthetic_feeling:::plausible and somewhat likely						character_appraisal:::plausible but somewhat unlikely				stance:::plausible but somewhat unlikely			
67e5c4a339fa33145e02331c	Contextual-Reasoning-about-Narrative-Intents-and-Reactions-consent.html																																									I am age 18 or older.:::Yes	I have read and understand the information above.:::Yes	I want to participate in this research and continue with the study.:::Yes
662e86c0ca96b47a056ccd7b	e6d4ure			overall_goal:::plausible and very likely			narrative_intent:::plausible and somewhat likely					author_emotional_response:::plausible and somewhat likely				causal_explanation:::plausible and very likely		prediction:::implausible or very unlikely					moral:::plausible and somewhat likely					narrative_feeling:::plausible and somewhat likely			aesthetic_feeling:::plausible and somewhat likely				character_appraisal:::plausible and very likely						stance:::plausible but somewhat unlikely			
662e86c0ca96b47a056ccd7b	e5k4uqc	overall_goal:::implausible or very unlikely						narrative_intent:::plausible and very likely					author_emotional_response:::plausible but somewhat unlikely	causal_explanation:::implausible or very unlikely							prediction:::plausible but somewhat unlikely		moral:::plausible and somewhat likely					narrative_feeling:::plausible and somewhat likely					aesthetic_feeling:::plausible but somewhat unlikely		character_appraisal:::plausible and very likely					stance:::plausible and somewhat likely				
662e86c0ca96b47a056ccd7b	Contextual-Reasoning-about-Narrative-Intents-and-Reactions-consent.html																																									I am age 18 or older.:::Yes	I have read and understand the information above.:::Yes	I want to participate in this research and continue with the study.:::Yes
680ea8e1265998f540d59860	e6oxos1			overall_goal:::plausible and very likely				narrative_intent:::plausible and very likely		author_emotional_response:::implausible or very unlikely					causal_explanation:::plausible and somewhat likely					prediction:::plausible and very likely				moral:::plausible and very likely			narrative_feeling:::plausible and very likely					aesthetic_feeling:::plausible and very likely			character_appraisal:::plausible and very likely				stance:::plausible and very likely					
680ea8e1265998f540d59860	e6ip90r			overall_goal:::plausible and very likely		narrative_intent:::implausible or very unlikely					author_emotional_response:::plausible and very likely					causal_explanation:::plausible and very likely				prediction:::plausible and very likely				moral:::plausible and very likely				narrative_feeling:::plausible and somewhat likely			aesthetic_feeling:::plausible and somewhat likely					character_appraisal:::plausible and somewhat likely			stance:::plausible and very likely					
680ea8e1265998f540d59860	Contextual-Reasoning-about-Narrative-Intents-and-Reactions-consent.html																																									I am age 18 or older.:::Yes	I have read and understand the information above.:::Yes	I want to participate in this research and continue with the study.:::Yes
63fa2f029381a13d9f2a36a8	e6oxos1			overall_goal:::plausible and very likely				narrative_intent:::plausible and very likely		author_emotional_response:::implausible or very unlikely						causal_explanation:::plausible and very likely			prediction:::plausible and somewhat likely				moral:::plausible and somewhat likely						narrative_feeling:::plausible but somewhat unlikely				aesthetic_feeling:::plausible but somewhat unlikely			character_appraisal:::plausible and somewhat likely					stance:::plausible but somewhat unlikely			
63fa2f029381a13d9f2a36a8	e6ip90r			overall_goal:::plausible and very likely		narrative_intent:::implausible or very unlikely				author_emotional_response:::implausible or very unlikely					causal_explanation:::plausible and somewhat likely					prediction:::plausible and very likely					moral:::plausible but somewhat unlikely		narrative_feeling:::plausible and very likely				aesthetic_feeling:::plausible and somewhat likely						character_appraisal:::plausible but somewhat unlikely			stance:::plausible and somewhat likely				
63fa2f029381a13d9f2a36a8	Contextual-Reasoning-about-Narrative-Intents-and-Reactions-consent.html																																									I am age 18 or older.:::Yes	I have read and understand the information above.:::Yes	I want to participate in this research and continue with the study.:::Yes
66632c96e56c2cc87923bf78	e6jm9m1	overall_goal:::implausible or very unlikely						narrative_intent:::plausible and very likely				author_emotional_response:::plausible and somewhat likely			causal_explanation:::plausible and somewhat likely					prediction:::plausible and very likely			moral:::plausible and somewhat likely					narrative_feeling:::plausible and somewhat likely				aesthetic_feeling:::plausible and very likely				character_appraisal:::plausible and somewhat likely				stance:::plausible and somewhat likely				
66632c96e56c2cc87923bf78	e6ocqgg		overall_goal:::plausible and somewhat likely				narrative_intent:::plausible and somewhat likely					author_emotional_response:::plausible and somewhat likely				causal_explanation:::plausible and very likely			prediction:::plausible and somewhat likely					moral:::plausible and very likely		narrative_feeling:::implausible or very unlikely					aesthetic_feeling:::plausible and somewhat likely			character_appraisal:::implausible or very unlikely						stance:::plausible and somewhat likely				
66632c96e56c2cc87923bf78	Contextual-Reasoning-about-Narrative-Intents-and-Reactions-consent.html																																									I am age 18 or older.:::Yes	I have read and understand the information above.:::Yes	I want to participate in this research and continue with the study.:::Yes
665cbfcf8534afbb16c06687	e6jm9m1	overall_goal:::implausible or very unlikely					narrative_intent:::plausible and somewhat likely					author_emotional_response:::plausible and somewhat likely				causal_explanation:::plausible and very likely			prediction:::plausible and somewhat likely						moral:::plausible but somewhat unlikely			narrative_feeling:::plausible and somewhat likely			aesthetic_feeling:::plausible and somewhat likely				character_appraisal:::plausible and very likely				stance:::plausible and very likely					
665cbfcf8534afbb16c06687	e6ocqgg	overall_goal:::implausible or very unlikely						narrative_intent:::plausible and very likely		author_emotional_response:::implausible or very unlikely						causal_explanation:::plausible and very likely			prediction:::plausible and somewhat likely					moral:::plausible and very likely		narrative_feeling:::implausible or very unlikely					aesthetic_feeling:::plausible and somewhat likely					character_appraisal:::plausible and somewhat likely				stance:::plausible and somewhat likely				
665cbfcf8534afbb16c06687	Contextual-Reasoning-about-Narrative-Intents-and-Reactions-consent.html																																									I am age 18 or older.:::Yes	I have read and understand the information above.:::Yes	I want to participate in this research and continue with the study.:::Yes
67c73d5782c0bc8887ebe092	e5i6b5a				overall_goal:::plausible but somewhat unlikely			narrative_intent:::plausible and very likely					author_emotional_response:::plausible but somewhat unlikely			causal_explanation:::plausible and very likely				prediction:::plausible and very likely			moral:::plausible and somewhat likely						narrative_feeling:::plausible but somewhat unlikely		aesthetic_feeling:::plausible and somewhat likely				character_appraisal:::plausible and very likely				stance:::plausible and very likely					
67c73d5782c0bc8887ebe092	e6n7ang		overall_goal:::plausible and somewhat likely				narrative_intent:::plausible and somewhat likely			author_emotional_response:::implausible or very unlikely					causal_explanation:::plausible and somewhat likely					prediction:::plausible and very likely					moral:::plausible but somewhat unlikely			narrative_feeling:::plausible and somewhat likely				aesthetic_feeling:::plausible and very likely			character_appraisal:::plausible and very likely					stance:::plausible and somewhat likely				
67c73d5782c0bc8887ebe092	Contextual-Reasoning-about-Narrative-Intents-and-Reactions-consent.html																																									I am age 18 or older.:::Yes	I have read and understand the information above.:::Yes	I want to participate in this research and continue with the study.:::Yes
66ad9569037bbcc66dce48bc	e6681cj	overall_goal:::implausible or very unlikely						narrative_intent:::plausible and very likely					author_emotional_response:::plausible but somewhat unlikely		causal_explanation:::plausible and somewhat likely				prediction:::plausible and somewhat likely					moral:::plausible and very likely				narrative_feeling:::plausible and somewhat likely			aesthetic_feeling:::plausible and somewhat likely				character_appraisal:::plausible and very likely					stance:::plausible and somewhat likely				
66ad9569037bbcc66dce48bc	Contextual-Reasoning-about-Narrative-Intents-and-Reactions-consent.html																																									I am age 18 or older.:::Yes	I have read and understand the information above.:::Yes	I want to participate in this research and continue with the study.:::Yes
66ad9569037bbcc66dce48bc	e65qe8f				overall_goal:::plausible but somewhat unlikely				narrative_intent:::plausible but somewhat unlikely				author_emotional_response:::plausible but somewhat unlikely				causal_explanation:::plausible but somewhat unlikely		prediction:::plausible and somewhat likely				moral:::plausible and somewhat likely						narrative_feeling:::plausible but somewhat unlikely		aesthetic_feeling:::plausible and somewhat likely					character_appraisal:::plausible and somewhat likely				stance:::plausible and somewhat likely				
5f0a686635f72917e94c7a63	e6681cj	overall_goal:::implausible or very unlikely					narrative_intent:::plausible and somewhat likely			author_emotional_response:::implausible or very unlikely						causal_explanation:::plausible and very likely			prediction:::plausible and somewhat likely				moral:::plausible and somewhat likely				narrative_feeling:::plausible and very likely					aesthetic_feeling:::plausible and very likely			character_appraisal:::plausible and very likely						stance:::plausible but somewhat unlikely			
5f0a686635f72917e94c7a63	Contextual-Reasoning-about-Narrative-Intents-and-Reactions-consent.html																																									I am age 18 or older.:::Yes	I have read and understand the information above.:::Yes	I want to participate in this research and continue with the study.:::Yes
5f0a686635f72917e94c7a63	e65qe8f			overall_goal:::plausible and very likely				narrative_intent:::plausible and very likely		author_emotional_response:::implausible or very unlikely						causal_explanation:::plausible and very likely				prediction:::plausible and very likely				moral:::plausible and very likely			narrative_feeling:::plausible and very likely					aesthetic_feeling:::plausible and very likely			character_appraisal:::plausible and very likely				stance:::plausible and very likely					
67389f3912380b4b3cd0b7d7	e6p8zwl		overall_goal:::plausible and somewhat likely			narrative_intent:::implausible or very unlikely					author_emotional_response:::plausible and very likely				causal_explanation:::plausible and somewhat likely						prediction:::plausible but somewhat unlikely			moral:::plausible and very likely				narrative_feeling:::plausible and somewhat likely				aesthetic_feeling:::plausible and very likely					character_appraisal:::plausible but somewhat unlikely				stance:::plausible but somewhat unlikely			
67389f3912380b4b3cd0b7d7	e5is2r0		overall_goal:::plausible and somewhat likely					narrative_intent:::plausible and very likely				author_emotional_response:::plausible and somewhat likely					causal_explanation:::plausible but somewhat unlikely		prediction:::plausible and somewhat likely				moral:::plausible and somewhat likely			narrative_feeling:::implausible or very unlikely					aesthetic_feeling:::plausible and somewhat likely			character_appraisal:::implausible or very unlikely				stance:::implausible or very unlikely						
67389f3912380b4b3cd0b7d7	Contextual-Reasoning-about-Narrative-Intents-and-Reactions-consent.html																																									I am age 18 or older.:::Yes	I have read and understand the information above.:::Yes	I want to participate in this research and continue with the study.:::Yes
677601065642ec4c09a1a933	e6ewgqb		overall_goal:::plausible and somewhat likely				narrative_intent:::plausible and somewhat likely			author_emotional_response:::implausible or very unlikely					causal_explanation:::plausible and somewhat likely						prediction:::plausible but somewhat unlikely		moral:::plausible and somewhat likely					narrative_feeling:::plausible and somewhat likely			aesthetic_feeling:::plausible and somewhat likely				character_appraisal:::plausible and very likely					stance:::plausible and somewhat likely				
677601065642ec4c09a1a933	Contextual-Reasoning-about-Narrative-Intents-and-Reactions-consent.html																																									I am age 18 or older.:::Yes	I have read and understand the information above.:::Yes	I want to participate in this research and continue with the study.:::Yes
677601065642ec4c09a1a933	e5n7m4h		overall_goal:::plausible and somewhat likely				narrative_intent:::plausible and somewhat likely				author_emotional_response:::plausible and very likely				causal_explanation:::plausible and somewhat likely				prediction:::plausible and somewhat likely			moral:::implausible or very unlikely							narrative_feeling:::plausible but somewhat unlikely				aesthetic_feeling:::plausible but somewhat unlikely			character_appraisal:::plausible and somewhat likely			stance:::plausible and very likely					
66311b6be5bf798369c7e2fd	e5alc9n	overall_goal:::implausible or very unlikely				narrative_intent:::implausible or very unlikely				author_emotional_response:::implausible or very unlikely				causal_explanation:::implausible or very unlikely				prediction:::implausible or very unlikely				moral:::implausible or very unlikely				narrative_feeling:::implausible or very unlikely				aesthetic_feeling:::implausible or very unlikely				character_appraisal:::implausible or very unlikely				stance:::implausible or very unlikely						
66311b6be5bf798369c7e2fd	e5fuz7g			overall_goal:::plausible and very likely				narrative_intent:::plausible and very likely			author_emotional_response:::plausible and very likely				causal_explanation:::plausible and somewhat likely				prediction:::plausible and somewhat likely				moral:::plausible and somewhat likely			narrative_feeling:::implausible or very unlikely					aesthetic_feeling:::plausible and somewhat likely					character_appraisal:::plausible and somewhat likely			stance:::plausible and very likely					
66311b6be5bf798369c7e2fd	Contextual-Reasoning-about-Narrative-Intents-and-Reactions-consent.html																																									I am age 18 or older.:::Yes	I have read and understand the information above.:::Yes	I want to participate in this research and continue with the study.:::Yes
65b92135e296f28cb1a093c3	e6fattn	overall_goal:::implausible or very unlikely					narrative_intent:::plausible and somewhat likely					author_emotional_response:::plausible and somewhat likely				causal_explanation:::plausible and very likely				prediction:::plausible and very likely				moral:::plausible and very likely				narrative_feeling:::plausible and somewhat likely			aesthetic_feeling:::plausible and somewhat likely						character_appraisal:::plausible but somewhat unlikely			stance:::plausible and somewhat likely				
65b92135e296f28cb1a093c3	e5kcwxd		overall_goal:::plausible and somewhat likely				narrative_intent:::plausible and somewhat likely						author_emotional_response:::plausible but somewhat unlikely			causal_explanation:::plausible and very likely			prediction:::plausible and somewhat likely			moral:::implausible or very unlikely							narrative_feeling:::plausible but somewhat unlikely		aesthetic_feeling:::plausible and somewhat likely						character_appraisal:::plausible but somewhat unlikely				stance:::plausible but somewhat unlikely			
65b92135e296f28cb1a093c3	Contextual-Reasoning-about-Narrative-Intents-and-Reactions-consent.html																																									I am age 18 or older.:::Yes	I have read and understand the information above.:::Yes	I want to participate in this research and continue with the study.:::Yes
62f94c417a55be0afc4c5a4b	e6fattn		overall_goal:::plausible and somewhat likely						narrative_intent:::plausible but somewhat unlikely		author_emotional_response:::plausible and very likely					causal_explanation:::plausible and very likely				prediction:::plausible and very likely			moral:::plausible and somewhat likely					narrative_feeling:::plausible and somewhat likely			aesthetic_feeling:::plausible and somewhat likely				character_appraisal:::plausible and very likely					stance:::plausible and somewhat likely				
62f94c417a55be0afc4c5a4b	e5kcwxd				overall_goal:::plausible but somewhat unlikely		narrative_intent:::plausible and somewhat likely					author_emotional_response:::plausible and somewhat likely					causal_explanation:::plausible but somewhat unlikely		prediction:::plausible and somewhat likely				moral:::plausible and somewhat likely					narrative_feeling:::plausible and somewhat likely				aesthetic_feeling:::plausible and very likely				character_appraisal:::plausible and somewhat likely				stance:::plausible and somewhat likely				
62f94c417a55be0afc4c5a4b	Contextual-Reasoning-about-Narrative-Intents-and-Reactions-consent.html																																									I am age 18 or older.:::Yes	I have read and understand the information above.:::Yes	I want to participate in this research and continue with the study.:::Yes
665f4a8236d81b9f154a1b08	e68r7it			overall_goal:::plausible and very likely				narrative_intent:::plausible and very likely					author_emotional_response:::plausible but somewhat unlikely			causal_explanation:::plausible and very likely		prediction:::implausible or very unlikely					moral:::plausible and somewhat likely					narrative_feeling:::plausible and somewhat likely				aesthetic_feeling:::plausible and very likely			character_appraisal:::plausible and very likely					stance:::plausible and somewhat likely				
665f4a8236d81b9f154a1b08	e67bcgq			overall_goal:::plausible and very likely			narrative_intent:::plausible and somewhat likely					author_emotional_response:::plausible and somewhat likely		causal_explanation:::implausible or very unlikely				prediction:::implausible or very unlikely						moral:::plausible and very likely			narrative_feeling:::plausible and very likely				aesthetic_feeling:::plausible and somewhat likely				character_appraisal:::plausible and very likely					stance:::plausible and somewhat likely				
665f4a8236d81b9f154a1b08	Contextual-Reasoning-about-Narrative-Intents-and-Reactions-consent.html																																									I am age 18 or older.:::Yes	I have read and understand the information above.:::Yes	I want to participate in this research and continue with the study.:::Yes
67dc22fd187ed47e3603b12e	e68r7it			overall_goal:::plausible and very likely				narrative_intent:::plausible and very likely			author_emotional_response:::plausible and very likely					causal_explanation:::plausible and very likely		prediction:::implausible or very unlikely						moral:::plausible and very likely			narrative_feeling:::plausible and very likely					aesthetic_feeling:::plausible and very likely			character_appraisal:::plausible and very likely				stance:::plausible and very likely					
67dc22fd187ed47e3603b12e	e67bcgq			overall_goal:::plausible and very likely				narrative_intent:::plausible and very likely				author_emotional_response:::plausible and somewhat likely		causal_explanation:::implausible or very unlikely					prediction:::plausible and somewhat likely					moral:::plausible and very likely			narrative_feeling:::plausible and very likely				aesthetic_feeling:::plausible and somewhat likely				character_appraisal:::plausible and very likely				stance:::plausible and very likely					
67dc22fd187ed47e3603b12e	Contextual-Reasoning-about-Narrative-Intents-and-Reactions-consent.html																																									I am age 18 or older.:::Yes	I have read and understand the information above.:::Yes	I want to participate in this research and continue with the study.:::Yes
67882d7820c2fe1ab78f09b5	e6tas96		overall_goal:::plausible and somewhat likely				narrative_intent:::plausible and somewhat likely					author_emotional_response:::plausible and somewhat likely		causal_explanation:::implausible or very unlikely					prediction:::plausible and somewhat likely					moral:::plausible and very likely			narrative_feeling:::plausible and very likely				aesthetic_feeling:::plausible and somewhat likely					character_appraisal:::plausible and somewhat likely				stance:::plausible and somewhat likely				
67882d7820c2fe1ab78f09b5	Contextual-Reasoning-about-Narrative-Intents-and-Reactions-consent.html																																									I am age 18 or older.:::Yes	I have read and understand the information above.:::Yes	I want to participate in this research and continue with the study.:::Yes
67882d7820c2fe1ab78f09b5	e5kqztq			overall_goal:::plausible and very likely				narrative_intent:::plausible and very likely					author_emotional_response:::plausible but somewhat unlikely		causal_explanation:::plausible and somewhat likely				prediction:::plausible and somewhat likely				moral:::plausible and somewhat likely					narrative_feeling:::plausible and somewhat likely		aesthetic_feeling:::implausible or very unlikely						character_appraisal:::plausible and somewhat likely				stance:::plausible and somewhat likely				
63b5eb0ec316229203f1ddae	e6tas96			overall_goal:::plausible and very likely			narrative_intent:::plausible and somewhat likely						author_emotional_response:::plausible but somewhat unlikely	causal_explanation:::implausible or very unlikely					prediction:::plausible and somewhat likely					moral:::plausible and very likely				narrative_feeling:::plausible and somewhat likely			aesthetic_feeling:::plausible and somewhat likely				character_appraisal:::plausible and very likely						stance:::plausible but somewhat unlikely			
63b5eb0ec316229203f1ddae	Contextual-Reasoning-about-Narrative-Intents-and-Reactions-consent.html																																									I am age 18 or older.:::Yes	I have read and understand the information above.:::Yes	I want to participate in this research and continue with the study.:::Yes
63b5eb0ec316229203f1ddae	e6ojw6g			overall_goal:::plausible and very likely				narrative_intent:::plausible and very likely				author_emotional_response:::plausible and somewhat likely				causal_explanation:::plausible and very likely			prediction:::plausible and somewhat likely				moral:::plausible and somewhat likely					narrative_feeling:::plausible and somewhat likely					aesthetic_feeling:::plausible but somewhat unlikely			character_appraisal:::plausible and somewhat likely				stance:::plausible and somewhat likely				
67ed45f890e7e6649ded0d10	e5fcd12		overall_goal:::plausible and somewhat likely						narrative_intent:::plausible but somewhat unlikely			author_emotional_response:::plausible and somewhat likely			causal_explanation:::plausible and somewhat likely				prediction:::plausible and somewhat likely				moral:::plausible and somewhat likely					narrative_feeling:::plausible and somewhat likely			aesthetic_feeling:::plausible and somewhat likely					character_appraisal:::plausible and somewhat likely				stance:::plausible and somewhat likely				
67ed45f890e7e6649ded0d10	e66997q				overall_goal:::plausible but somewhat unlikely		narrative_intent:::plausible and somewhat likely					author_emotional_response:::plausible and somewhat likely			causal_explanation:::plausible and somewhat likely				prediction:::plausible and somewhat likely				moral:::plausible and somewhat likely						narrative_feeling:::plausible but somewhat unlikely				aesthetic_feeling:::plausible but somewhat unlikely			character_appraisal:::plausible and somewhat likely				stance:::plausible and somewhat likely				
67ed45f890e7e6649ded0d10	Contextual-Reasoning-about-Narrative-Intents-and-Reactions-consent.html																																									I am age 18 or older.:::Yes	I have read and understand the information above.:::Yes	I want to participate in this research and continue with the study.:::Yes
56494d5b6902220012c4acb7	e6082x7		overall_goal:::plausible and somewhat likely						narrative_intent:::plausible but somewhat unlikely				author_emotional_response:::plausible but somewhat unlikely		causal_explanation:::plausible and somewhat likely					prediction:::plausible and very likely			moral:::plausible and somewhat likely						narrative_feeling:::plausible but somewhat unlikely				aesthetic_feeling:::plausible but somewhat unlikely			character_appraisal:::plausible and somewhat likely				stance:::plausible and somewhat likely				
56494d5b6902220012c4acb7	e6jl9tp				overall_goal:::plausible but somewhat unlikely				narrative_intent:::plausible but somewhat unlikely				author_emotional_response:::plausible but somewhat unlikely		causal_explanation:::plausible and somewhat likely				prediction:::plausible and somewhat likely						moral:::plausible but somewhat unlikely				narrative_feeling:::plausible but somewhat unlikely				aesthetic_feeling:::plausible but somewhat unlikely				character_appraisal:::plausible but somewhat unlikely			stance:::plausible and somewhat likely				
56494d5b6902220012c4acb7	Contextual-Reasoning-about-Narrative-Intents-and-Reactions-consent.html																																									I am age 18 or older.:::Yes	I have read and understand the information above.:::Yes	I want to participate in this research and continue with the study.:::Yes
67e9c5ae31da35e759d17d8f	e5t2uje			overall_goal:::plausible and very likely				narrative_intent:::plausible and very likely				author_emotional_response:::plausible and somewhat likely			causal_explanation:::plausible and somewhat likely					prediction:::plausible and very likely				moral:::plausible and very likely				narrative_feeling:::plausible and somewhat likely			aesthetic_feeling:::plausible and somewhat likely					character_appraisal:::plausible and somewhat likely			stance:::plausible and very likely					
67e9c5ae31da35e759d17d8f	e6jlkte			overall_goal:::plausible and very likely					narrative_intent:::plausible but somewhat unlikely				author_emotional_response:::plausible but somewhat unlikely		causal_explanation:::plausible and somewhat likely				prediction:::plausible and somewhat likely					moral:::plausible and very likely				narrative_feeling:::plausible and somewhat likely			aesthetic_feeling:::plausible and somewhat likely						character_appraisal:::plausible but somewhat unlikely			stance:::plausible and somewhat likely				
67e9c5ae31da35e759d17d8f	Contextual-Reasoning-about-Narrative-Intents-and-Reactions-consent.html																																									I am age 18 or older.:::Yes	I have read and understand the information above.:::Yes	I want to participate in this research and continue with the study.:::Yes
67cdc3c7ea7918dcd6f2ab2d	e5t74fu		overall_goal:::plausible and somewhat likely						narrative_intent:::plausible but somewhat unlikely			author_emotional_response:::plausible and somewhat likely			causal_explanation:::plausible and somewhat likely						prediction:::plausible but somewhat unlikely				moral:::plausible but somewhat unlikely			narrative_feeling:::plausible and somewhat likely					aesthetic_feeling:::plausible but somewhat unlikely			character_appraisal:::plausible and somewhat likely					stance:::plausible but somewhat unlikely			
67cdc3c7ea7918dcd6f2ab2d	Contextual-Reasoning-about-Narrative-Intents-and-Reactions-consent.html																																									I am age 18 or older.:::Yes	I have read and understand the information above.:::Yes	I want to participate in this research and continue with the study.:::Yes
67cdc3c7ea7918dcd6f2ab2d	e5zg12c	overall_goal:::implausible or very unlikely				narrative_intent:::implausible or very unlikely						author_emotional_response:::plausible and somewhat likely					causal_explanation:::plausible but somewhat unlikely		prediction:::plausible and somewhat likely						moral:::plausible but somewhat unlikely				narrative_feeling:::plausible but somewhat unlikely				aesthetic_feeling:::plausible but somewhat unlikely	character_appraisal:::implausible or very unlikely						stance:::plausible and somewhat likely				
67d9c883752d01ea00d0890f	e594m4k		overall_goal:::plausible and somewhat likely					narrative_intent:::plausible and very likely					author_emotional_response:::plausible but somewhat unlikely			causal_explanation:::plausible and very likely					prediction:::plausible but somewhat unlikely			moral:::plausible and very likely				narrative_feeling:::plausible and somewhat likely			aesthetic_feeling:::plausible and somewhat likely						character_appraisal:::plausible but somewhat unlikely			stance:::plausible and somewhat likely				
67d9c883752d01ea00d0890f	e6ihme2	overall_goal:::implausible or very unlikely						narrative_intent:::plausible and very likely		author_emotional_response:::implausible or very unlikely				causal_explanation:::implausible or very unlikely				prediction:::implausible or very unlikely							moral:::plausible but somewhat unlikely	narrative_feeling:::implausible or very unlikely				aesthetic_feeling:::implausible or very unlikely				character_appraisal:::implausible or very unlikely				stance:::implausible or very unlikely						
67d9c883752d01ea00d0890f	Contextual-Reasoning-about-Narrative-Intents-and-Reactions-consent.html																																									I am age 18 or older.:::Yes	I have read and understand the information above.:::Yes	I want to participate in this research and continue with the study.:::Yes
599de70d8a6cc5000128f980	9job99		overall_goal:::plausible and somewhat likely				narrative_intent:::plausible and somewhat likely					author_emotional_response:::plausible and somewhat likely			causal_explanation:::plausible and somewhat likely				prediction:::plausible and somewhat likely				moral:::plausible and somewhat likely				narrative_feeling:::plausible and very likely						aesthetic_feeling:::plausible but somewhat unlikely		character_appraisal:::plausible and very likely					stance:::plausible and somewhat likely				
599de70d8a6cc5000128f980	e5epqm3			overall_goal:::plausible and very likely			narrative_intent:::plausible and somewhat likely				author_emotional_response:::plausible and very likely				causal_explanation:::plausible and somewhat likely				prediction:::plausible and somewhat likely						moral:::plausible but somewhat unlikely			narrative_feeling:::plausible and somewhat likely					aesthetic_feeling:::plausible but somewhat unlikely			character_appraisal:::plausible and somewhat likely		stance:::implausible or very unlikely						
599de70d8a6cc5000128f980	Contextual-Reasoning-about-Narrative-Intents-and-Reactions-consent.html																																									I am age 18 or older.:::Yes	I have read and understand the information above.:::Yes	I want to participate in this research and continue with the study.:::Yes
5ba259603bf2350001a54284	e6amjzy	overall_goal:::implausible or very unlikely					narrative_intent:::plausible and somewhat likely						author_emotional_response:::plausible but somewhat unlikely	causal_explanation:::implausible or very unlikely							prediction:::plausible but somewhat unlikely				moral:::plausible but somewhat unlikely			narrative_feeling:::plausible and somewhat likely					aesthetic_feeling:::plausible but somewhat unlikely				character_appraisal:::plausible but somewhat unlikely			stance:::plausible and somewhat likely				
5ba259603bf2350001a54284	e66hrej		overall_goal:::plausible and somewhat likely						narrative_intent:::plausible but somewhat unlikely				author_emotional_response:::plausible but somewhat unlikely	causal_explanation:::implausible or very unlikely							prediction:::plausible but somewhat unlikely	moral:::implausible or very unlikely						narrative_feeling:::plausible and somewhat likely					aesthetic_feeling:::plausible but somewhat unlikely			character_appraisal:::plausible and somewhat likely			stance:::plausible and very likely					
5ba259603bf2350001a54284	Contextual-Reasoning-about-Narrative-Intents-and-Reactions-consent.html																																									I am age 18 or older.:::Yes	I have read and understand the information above.:::Yes	I want to participate in this research and continue with the study.:::Yes
662e214f43b3ced866b7e205	e5dzb4h			overall_goal:::plausible and very likely				narrative_intent:::plausible and very likely				author_emotional_response:::plausible and somewhat likely			causal_explanation:::plausible and somewhat likely					prediction:::plausible and very likely		moral:::implausible or very unlikely					narrative_feeling:::plausible and very likely				aesthetic_feeling:::plausible and somewhat likely						character_appraisal:::plausible but somewhat unlikely		stance:::plausible and very likely					
662e214f43b3ced866b7e205	e5n8qhe			overall_goal:::plausible and very likely			narrative_intent:::plausible and somewhat likely					author_emotional_response:::plausible and somewhat likely				causal_explanation:::plausible and very likely				prediction:::plausible and very likely			moral:::plausible and somewhat likely			narrative_feeling:::implausible or very unlikely					aesthetic_feeling:::plausible and somewhat likely					character_appraisal:::plausible and somewhat likely			stance:::plausible and very likely					
662e214f43b3ced866b7e205	Contextual-Reasoning-about-Narrative-Intents-and-Reactions-consent.html																																									I am age 18 or older.:::Yes	I have read and understand the information above.:::Yes	I want to participate in this research and continue with the study.:::Yes
67f00b145cf2440ca37929d4	e5e65wi		overall_goal:::plausible and somewhat likely				narrative_intent:::plausible and somewhat likely					author_emotional_response:::plausible and somewhat likely					causal_explanation:::plausible but somewhat unlikely		prediction:::plausible and somewhat likely				moral:::plausible and somewhat likely					narrative_feeling:::plausible and somewhat likely			aesthetic_feeling:::plausible and somewhat likely					character_appraisal:::plausible and somewhat likely				stance:::plausible and somewhat likely				
67f00b145cf2440ca37929d4	Contextual-Reasoning-about-Narrative-Intents-and-Reactions-consent.html																																									I am age 18 or older.:::Yes	I have read and understand the information above.:::Yes	I want to participate in this research and continue with the study.:::Yes
67f00b145cf2440ca37929d4	e5sjugy				overall_goal:::plausible but somewhat unlikely				narrative_intent:::plausible but somewhat unlikely	author_emotional_response:::implausible or very unlikely							causal_explanation:::plausible but somewhat unlikely		prediction:::plausible and somewhat likely				moral:::plausible and somewhat likely					narrative_feeling:::plausible and somewhat likely					aesthetic_feeling:::plausible but somewhat unlikely				character_appraisal:::plausible but somewhat unlikely			stance:::plausible and somewhat likely				
6175eab1ddb5791df88241d1	e5lgxr7		overall_goal:::plausible and somewhat likely				narrative_intent:::plausible and somewhat likely					author_emotional_response:::plausible and somewhat likely			causal_explanation:::plausible and somewhat likely				prediction:::plausible and somewhat likely				moral:::plausible and somewhat likely					narrative_feeling:::plausible and somewhat likely		aesthetic_feeling:::implausible or very unlikely						character_appraisal:::plausible and somewhat likely			stance:::plausible and very likely					
6175eab1ddb5791df88241d1	e5iydx8		overall_goal:::plausible and somewhat likely				narrative_intent:::plausible and somewhat likely						author_emotional_response:::plausible but somewhat unlikely	causal_explanation:::implausible or very unlikely					prediction:::plausible and somewhat likely					moral:::plausible and very likely					narrative_feeling:::plausible but somewhat unlikely		aesthetic_feeling:::plausible and somewhat likely			character_appraisal:::implausible or very unlikely						stance:::plausible and somewhat likely				
6175eab1ddb5791df88241d1	Contextual-Reasoning-about-Narrative-Intents-and-Reactions-consent.html																																									I am age 18 or older.:::Yes	I have read and understand the information above.:::Yes	I want to participate in this research and continue with the study.:::Yes
67b636c4ea38855cbb08ffe3	e5lgxr7		overall_goal:::plausible and somewhat likely						narrative_intent:::plausible but somewhat unlikely			author_emotional_response:::plausible and somewhat likely			causal_explanation:::plausible and somewhat likely					prediction:::plausible and very likely					moral:::plausible but somewhat unlikely		narrative_feeling:::plausible and very likely					aesthetic_feeling:::plausible and very likely			character_appraisal:::plausible and very likely						stance:::plausible but somewhat unlikely			
67b636c4ea38855cbb08ffe3	e5iydx8	overall_goal:::implausible or very unlikely					narrative_intent:::plausible and somewhat likely					author_emotional_response:::plausible and somewhat likely		causal_explanation:::implausible or very unlikely							prediction:::plausible but somewhat unlikely			moral:::plausible and very likely				narrative_feeling:::plausible and somewhat likely					aesthetic_feeling:::plausible but somewhat unlikely			character_appraisal:::plausible and somewhat likely				stance:::plausible and somewhat likely				
67b636c4ea38855cbb08ffe3	Contextual-Reasoning-about-Narrative-Intents-and-Reactions-consent.html																																									I am age 18 or older.:::Yes	I have read and understand the information above.:::Yes	I want to participate in this research and continue with the study.:::Yes
656f33480de6bb2a3b74fd40	e5u2un5		overall_goal:::plausible and somewhat likely				narrative_intent:::plausible and somewhat likely					author_emotional_response:::plausible and somewhat likely				causal_explanation:::plausible and very likely			prediction:::plausible and somewhat likely						moral:::plausible but somewhat unlikely			narrative_feeling:::plausible and somewhat likely				aesthetic_feeling:::plausible and very likely				character_appraisal:::plausible and somewhat likely		stance:::implausible or very unlikely						
656f33480de6bb2a3b74fd40	e5vtdf0		overall_goal:::plausible and somewhat likely				narrative_intent:::plausible and somewhat likely						author_emotional_response:::plausible but somewhat unlikely		causal_explanation:::plausible and somewhat likely				prediction:::plausible and somewhat likely						moral:::plausible but somewhat unlikely	narrative_feeling:::implausible or very unlikely					aesthetic_feeling:::plausible and somewhat likely			character_appraisal:::implausible or very unlikely							stance:::plausible but somewhat unlikely			
656f33480de6bb2a3b74fd40	Contextual-Reasoning-about-Narrative-Intents-and-Reactions-consent.html																																									I am age 18 or older.:::Yes	I have read and understand the information above.:::Yes	I want to participate in this research and continue with the study.:::Yes
677eed89918027fb1dc8b44f	9igyva		overall_goal:::plausible and somewhat likely					narrative_intent:::plausible and very likely					author_emotional_response:::plausible but somewhat unlikely	causal_explanation:::implausible or very unlikely						prediction:::plausible and very likely				moral:::plausible and very likely				narrative_feeling:::plausible and somewhat likely			aesthetic_feeling:::plausible and somewhat likely					character_appraisal:::plausible and somewhat likely			stance:::plausible and very likely					
677eed89918027fb1dc8b44f	Contextual-Reasoning-about-Narrative-Intents-and-Reactions-consent.html																																									I am age 18 or older.:::Yes	I have read and understand the information above.:::Yes	I want to participate in this research and continue with the study.:::Yes
677eed89918027fb1dc8b44f	9e3i1v		overall_goal:::plausible and somewhat likely				narrative_intent:::plausible and somewhat likely					author_emotional_response:::plausible and somewhat likely		causal_explanation:::implausible or very unlikely					prediction:::plausible and somewhat likely				moral:::plausible and somewhat likely					narrative_feeling:::plausible and somewhat likely			aesthetic_feeling:::plausible and somewhat likely					character_appraisal:::plausible and somewhat likely				stance:::plausible and somewhat likely				
5f285dc5b09b3715fa20a14c	9hf26a	overall_goal:::implausible or very unlikely						narrative_intent:::plausible and very likely			author_emotional_response:::plausible and very likely					causal_explanation:::plausible and very likely				prediction:::plausible and very likely					moral:::plausible but somewhat unlikely		narrative_feeling:::plausible and very likely					aesthetic_feeling:::plausible and very likely			character_appraisal:::plausible and very likely				stance:::plausible and very likely					
5f285dc5b09b3715fa20a14c	9jj3i7	overall_goal:::implausible or very unlikely						narrative_intent:::plausible and very likely			author_emotional_response:::plausible and very likely						causal_explanation:::plausible but somewhat unlikely		prediction:::plausible and somewhat likely						moral:::plausible but somewhat unlikely			narrative_feeling:::plausible and somewhat likely				aesthetic_feeling:::plausible and very likely			character_appraisal:::plausible and very likely					stance:::plausible and somewhat likely				
5f285dc5b09b3715fa20a14c	Contextual-Reasoning-about-Narrative-Intents-and-Reactions-consent.html																																									I am age 18 or older.:::Yes	I have read and understand the information above.:::Yes	I want to participate in this research and continue with the study.:::Yes
60d9e7e76cf2ab6d21eb5f99	e6ookw5		overall_goal:::plausible and somewhat likely						narrative_intent:::plausible but somewhat unlikely	author_emotional_response:::implausible or very unlikely					causal_explanation:::plausible and somewhat likely				prediction:::plausible and somewhat likely						moral:::plausible but somewhat unlikely	narrative_feeling:::implausible or very unlikely						aesthetic_feeling:::plausible and very likely				character_appraisal:::plausible and somewhat likely				stance:::plausible and somewhat likely				
60d9e7e76cf2ab6d21eb5f99	e5smo8z	overall_goal:::implausible or very unlikely						narrative_intent:::plausible and very likely				author_emotional_response:::plausible and somewhat likely		causal_explanation:::implausible or very unlikely							prediction:::plausible but somewhat unlikely	moral:::implausible or very unlikely							narrative_feeling:::plausible but somewhat unlikely		aesthetic_feeling:::plausible and somewhat likely					character_appraisal:::plausible and somewhat likely			stance:::plausible and very likely					
60d9e7e76cf2ab6d21eb5f99	Contextual-Reasoning-about-Narrative-Intents-and-Reactions-consent.html																																									I am age 18 or older.:::Yes	I have read and understand the information above.:::Yes	I want to participate in this research and continue with the study.:::Yes
650ee1c673c788d8cffca2d3	e5rdyfy			overall_goal:::plausible and very likely				narrative_intent:::plausible and very likely			author_emotional_response:::plausible and very likely				causal_explanation:::plausible and somewhat likely					prediction:::plausible and very likely				moral:::plausible and very likely		narrative_feeling:::implausible or very unlikely						aesthetic_feeling:::plausible and very likely			character_appraisal:::plausible and very likely				stance:::plausible and very likely					
650ee1c673c788d8cffca2d3	e66fbjh				overall_goal:::plausible but somewhat unlikely		narrative_intent:::plausible and somewhat likely					author_emotional_response:::plausible and somewhat likely					causal_explanation:::plausible but somewhat unlikely				prediction:::plausible but somewhat unlikely				moral:::plausible but somewhat unlikely			narrative_feeling:::plausible and somewhat likely			aesthetic_feeling:::plausible and somewhat likely			character_appraisal:::implausible or very unlikely						stance:::plausible and somewhat likely				
650ee1c673c788d8cffca2d3	Contextual-Reasoning-about-Narrative-Intents-and-Reactions-consent.html																																									I am age 18 or older.:::Yes	I have read and understand the information above.:::Yes	I want to participate in this research and continue with the study.:::Yes
65a9315cdf44fe04344cfc4a	e5r1c1h		overall_goal:::plausible and somewhat likely				narrative_intent:::plausible and somewhat likely			author_emotional_response:::implausible or very unlikely						causal_explanation:::plausible and very likely				prediction:::plausible and very likely				moral:::plausible and very likely				narrative_feeling:::plausible and somewhat likely				aesthetic_feeling:::plausible and very likely			character_appraisal:::plausible and very likely				stance:::plausible and very likely					
65a9315cdf44fe04344cfc4a	Contextual-Reasoning-about-Narrative-Intents-and-Reactions-consent.html																																									I am age 18 or older.:::Yes	I have read and understand the information above.:::Yes	I want to participate in this research and continue with the study.:::Yes
65a9315cdf44fe04344cfc4a	e5dmk0l		overall_goal:::plausible and somewhat likely			narrative_intent:::implausible or very unlikely						author_emotional_response:::plausible and somewhat likely			causal_explanation:::plausible and somewhat likely					prediction:::plausible and very likely					moral:::plausible but somewhat unlikely			narrative_feeling:::plausible and somewhat likely			aesthetic_feeling:::plausible and somewhat likely				character_appraisal:::plausible and very likely				stance:::plausible and very likely					
677480f2a27970e0fcd67adf	e5r1c1h		overall_goal:::plausible and somewhat likely					narrative_intent:::plausible and very likely					author_emotional_response:::plausible but somewhat unlikely			causal_explanation:::plausible and very likely			prediction:::plausible and somewhat likely					moral:::plausible and very likely			narrative_feeling:::plausible and very likely				aesthetic_feeling:::plausible and somewhat likely					character_appraisal:::plausible and somewhat likely			stance:::plausible and very likely					
677480f2a27970e0fcd67adf	Contextual-Reasoning-about-Narrative-Intents-and-Reactions-consent.html																																									I am age 18 or older.:::Yes	I have read and understand the information above.:::Yes	I want to participate in this research and continue with the study.:::Yes
677480f2a27970e0fcd67adf	e5dmk0l		overall_goal:::plausible and somewhat likely						narrative_intent:::plausible but somewhat unlikely			author_emotional_response:::plausible and somewhat likely			causal_explanation:::plausible and somewhat likely					prediction:::plausible and very likely			moral:::plausible and somewhat likely						narrative_feeling:::plausible but somewhat unlikely		aesthetic_feeling:::plausible and somewhat likely					character_appraisal:::plausible and somewhat likely					stance:::plausible but somewhat unlikely			
61080eaae202b0ef135056a5	e6qpcrt				overall_goal:::plausible but somewhat unlikely		narrative_intent:::plausible and somewhat likely					author_emotional_response:::plausible and somewhat likely					causal_explanation:::plausible but somewhat unlikely			prediction:::plausible and very likely					moral:::plausible but somewhat unlikely		narrative_feeling:::plausible and very likely				aesthetic_feeling:::plausible and somewhat likely						character_appraisal:::plausible but somewhat unlikely			stance:::plausible and somewhat likely				
61080eaae202b0ef135056a5	9jdeok				overall_goal:::plausible but somewhat unlikely				narrative_intent:::plausible but somewhat unlikely	author_emotional_response:::implausible or very unlikely							causal_explanation:::plausible but somewhat unlikely				prediction:::plausible but somewhat unlikely				moral:::plausible but somewhat unlikely				narrative_feeling:::plausible but somewhat unlikely				aesthetic_feeling:::plausible but somewhat unlikely				character_appraisal:::plausible but somewhat unlikely				stance:::plausible but somewhat unlikely			
61080eaae202b0ef135056a5	Contextual-Reasoning-about-Narrative-Intents-and-Reactions-consent.html																																									I am age 18 or older.:::Yes	I have read and understand the information above.:::Yes	I want to participate in this research and continue with the study.:::Yes
67d64ac905f499cb54151b62	e6qpcrt	overall_goal:::implausible or very unlikely						narrative_intent:::plausible and very likely				author_emotional_response:::plausible and somewhat likely		causal_explanation:::implausible or very unlikely						prediction:::plausible and very likely				moral:::plausible and very likely		narrative_feeling:::implausible or very unlikely						aesthetic_feeling:::plausible and very likely		character_appraisal:::implausible or very unlikely					stance:::plausible and very likely					
67d64ac905f499cb54151b62	9jdeok		overall_goal:::plausible and somewhat likely				narrative_intent:::plausible and somewhat likely			author_emotional_response:::implausible or very unlikely				causal_explanation:::implausible or very unlikely				prediction:::implausible or very unlikely				moral:::implausible or very unlikely				narrative_feeling:::implausible or very unlikely				aesthetic_feeling:::implausible or very unlikely				character_appraisal:::implausible or very unlikely				stance:::implausible or very unlikely						
67d64ac905f499cb54151b62	Contextual-Reasoning-about-Narrative-Intents-and-Reactions-consent.html																																									I am age 18 or older.:::Yes	I have read and understand the information above.:::Yes	I want to participate in this research and continue with the study.:::Yes
67d2122d66902841aaada512	9gh8ed			overall_goal:::plausible and very likely				narrative_intent:::plausible and very likely			author_emotional_response:::plausible and very likely					causal_explanation:::plausible and very likely				prediction:::plausible and very likely			moral:::plausible and somewhat likely				narrative_feeling:::plausible and very likely					aesthetic_feeling:::plausible and very likely					character_appraisal:::plausible but somewhat unlikely			stance:::plausible and somewhat likely				
67d2122d66902841aaada512	Contextual-Reasoning-about-Narrative-Intents-and-Reactions-consent.html																																									I am age 18 or older.:::Yes	I have read and understand the information above.:::Yes	I want to participate in this research and continue with the study.:::Yes
67d2122d66902841aaada512	9cempa	overall_goal:::implausible or very unlikely				narrative_intent:::implausible or very unlikely				author_emotional_response:::implausible or very unlikely				causal_explanation:::implausible or very unlikely					prediction:::plausible and somewhat likely				moral:::plausible and somewhat likely					narrative_feeling:::plausible and somewhat likely			aesthetic_feeling:::plausible and somewhat likely					character_appraisal:::plausible and somewhat likely				stance:::plausible and somewhat likely				
67e0991e306d294ffe99091e	e6sp7tb			overall_goal:::plausible and very likely			narrative_intent:::plausible and somewhat likely				author_emotional_response:::plausible and very likely				causal_explanation:::plausible and somewhat likely						prediction:::plausible but somewhat unlikely	moral:::implausible or very unlikely						narrative_feeling:::plausible and somewhat likely			aesthetic_feeling:::plausible and somewhat likely				character_appraisal:::plausible and very likely					stance:::plausible and somewhat likely				
67e0991e306d294ffe99091e	e6tefva				overall_goal:::plausible but somewhat unlikely				narrative_intent:::plausible but somewhat unlikely				author_emotional_response:::plausible but somewhat unlikely				causal_explanation:::plausible but somewhat unlikely				prediction:::plausible but somewhat unlikely				moral:::plausible but somewhat unlikely				narrative_feeling:::plausible but somewhat unlikely				aesthetic_feeling:::plausible but somewhat unlikely			character_appraisal:::plausible and somewhat likely					stance:::plausible but somewhat unlikely			
67e0991e306d294ffe99091e	Contextual-Reasoning-about-Narrative-Intents-and-Reactions-consent.html																																									I am age 18 or older.:::Yes	I have read and understand the information above.:::Yes	I want to participate in this research and continue with the study.:::Yes
67e75eae34ebdb05e34a891a	e5k2srn			overall_goal:::plausible and very likely				narrative_intent:::plausible and very likely				author_emotional_response:::plausible and somewhat likely		causal_explanation:::implausible or very unlikely					prediction:::plausible and somewhat likely					moral:::plausible and very likely				narrative_feeling:::plausible and somewhat likely				aesthetic_feeling:::plausible and very likely			character_appraisal:::plausible and very likely				stance:::plausible and very likely					
67e75eae34ebdb05e34a891a	Contextual-Reasoning-about-Narrative-Intents-and-Reactions-consent.html																																									I am age 18 or older.:::Yes	I have read and understand the information above.:::Yes	I want to participate in this research and continue with the study.:::Yes
67e75eae34ebdb05e34a891a	9hj76d	overall_goal:::implausible or very unlikely				narrative_intent:::implausible or very unlikely				author_emotional_response:::implausible or very unlikely				causal_explanation:::implausible or very unlikely				prediction:::implausible or very unlikely				moral:::implausible or very unlikely				narrative_feeling:::implausible or very unlikely				aesthetic_feeling:::implausible or very unlikely				character_appraisal:::implausible or very unlikely				stance:::implausible or very unlikely						
66c6d6e031937c73ad6848b3	e5m11sf		overall_goal:::plausible and somewhat likely						narrative_intent:::plausible but somewhat unlikely				author_emotional_response:::plausible but somewhat unlikely		causal_explanation:::plausible and somewhat likely				prediction:::plausible and somewhat likely						moral:::plausible but somewhat unlikely		narrative_feeling:::plausible and very likely				aesthetic_feeling:::plausible and somewhat likely					character_appraisal:::plausible and somewhat likely				stance:::plausible and somewhat likely				
66c6d6e031937c73ad6848b3	e5w8bfx			overall_goal:::plausible and very likely				narrative_intent:::plausible and very likely					author_emotional_response:::plausible but somewhat unlikely		causal_explanation:::plausible and somewhat likely					prediction:::plausible and very likely				moral:::plausible and very likely			narrative_feeling:::plausible and very likely					aesthetic_feeling:::plausible and very likely			character_appraisal:::plausible and very likely					stance:::plausible and somewhat likely				
66c6d6e031937c73ad6848b3	Contextual-Reasoning-about-Narrative-Intents-and-Reactions-consent.html																																									I am age 18 or older.:::Yes	I have read and understand the information above.:::Yes	I want to participate in this research and continue with the study.:::Yes
680fc2988bc8531b0610a893	e6uhbho	overall_goal:::implausible or very unlikely					narrative_intent:::plausible and somewhat likely					author_emotional_response:::plausible and somewhat likely				causal_explanation:::plausible and very likely			prediction:::plausible and somewhat likely					moral:::plausible and very likely					narrative_feeling:::plausible but somewhat unlikely				aesthetic_feeling:::plausible but somewhat unlikely		character_appraisal:::plausible and very likely						stance:::plausible but somewhat unlikely			
680fc2988bc8531b0610a893	e6jo4ys			overall_goal:::plausible and very likely					narrative_intent:::plausible but somewhat unlikely			author_emotional_response:::plausible and somewhat likely					causal_explanation:::plausible but somewhat unlikely		prediction:::plausible and somewhat likely				moral:::plausible and somewhat likely				narrative_feeling:::plausible and very likely					aesthetic_feeling:::plausible and very likely				character_appraisal:::plausible and somewhat likely				stance:::plausible and somewhat likely				
680fc2988bc8531b0610a893	Contextual-Reasoning-about-Narrative-Intents-and-Reactions-consent.html																																									I am age 18 or older.:::Yes	I have read and understand the information above.:::Yes	I want to participate in this research and continue with the study.:::Yes
66aa7dc92e864bd2d481fadd	e6ows7t		overall_goal:::plausible and somewhat likely				narrative_intent:::plausible and somewhat likely					author_emotional_response:::plausible and somewhat likely					causal_explanation:::plausible but somewhat unlikely		prediction:::plausible and somewhat likely				moral:::plausible and somewhat likely			narrative_feeling:::implausible or very unlikely					aesthetic_feeling:::plausible and somewhat likely					character_appraisal:::plausible and somewhat likely				stance:::plausible and somewhat likely				
66aa7dc92e864bd2d481fadd	e6h8fsy			overall_goal:::plausible and very likely				narrative_intent:::plausible and very likely				author_emotional_response:::plausible and somewhat likely			causal_explanation:::plausible and somewhat likely						prediction:::plausible but somewhat unlikely				moral:::plausible but somewhat unlikely			narrative_feeling:::plausible and somewhat likely			aesthetic_feeling:::plausible and somewhat likely						character_appraisal:::plausible but somewhat unlikely				stance:::plausible but somewhat unlikely			
66aa7dc92e864bd2d481fadd	Contextual-Reasoning-about-Narrative-Intents-and-Reactions-consent.html																																									I am age 18 or older.:::Yes	I have read and understand the information above.:::Yes	I want to participate in this research and continue with the study.:::Yes
6824de5d2062f6727f41d51d	e6177a8	overall_goal:::implausible or very unlikely						narrative_intent:::plausible and very likely				author_emotional_response:::plausible and somewhat likely				causal_explanation:::plausible and very likely				prediction:::plausible and very likely			moral:::plausible and somewhat likely				narrative_feeling:::plausible and very likely					aesthetic_feeling:::plausible and very likely			character_appraisal:::plausible and very likely				stance:::plausible and very likely					
6824de5d2062f6727f41d51d	e6vhr47			overall_goal:::plausible and very likely				narrative_intent:::plausible and very likely			author_emotional_response:::plausible and very likely					causal_explanation:::plausible and very likely				prediction:::plausible and very likely				moral:::plausible and very likely		narrative_feeling:::implausible or very unlikely						aesthetic_feeling:::plausible and very likely			character_appraisal:::plausible and very likely					stance:::plausible and somewhat likely				
6824de5d2062f6727f41d51d	Contextual-Reasoning-about-Narrative-Intents-and-Reactions-consent.html																																									I am age 18 or older.:::Yes	I have read and understand the information above.:::Yes	I want to participate in this research and continue with the study.:::Yes
6626b05a15db572c21948eb7	e60l8o1	overall_goal:::implausible or very unlikely				narrative_intent:::implausible or very unlikely					author_emotional_response:::plausible and very likely				causal_explanation:::plausible and somewhat likely						prediction:::plausible but somewhat unlikely		moral:::plausible and somewhat likely				narrative_feeling:::plausible and very likely						aesthetic_feeling:::plausible but somewhat unlikely		character_appraisal:::plausible and very likely						stance:::plausible but somewhat unlikely			
6626b05a15db572c21948eb7	Contextual-Reasoning-about-Narrative-Intents-and-Reactions-consent.html																																									I am age 18 or older.:::Yes	I have read and understand the information above.:::Yes	I want to participate in this research and continue with the study.:::Yes
6626b05a15db572c21948eb7	e6t5rqr		overall_goal:::plausible and somewhat likely				narrative_intent:::plausible and somewhat likely						author_emotional_response:::plausible but somewhat unlikely	causal_explanation:::implausible or very unlikely					prediction:::plausible and somewhat likely					moral:::plausible and very likely				narrative_feeling:::plausible and somewhat likely			aesthetic_feeling:::plausible and somewhat likely				character_appraisal:::plausible and very likely					stance:::plausible and somewhat likely				
63c5c3192e709e19fc67d5dd	e5g6blf			overall_goal:::plausible and very likely				narrative_intent:::plausible and very likely			author_emotional_response:::plausible and very likely			causal_explanation:::implausible or very unlikely						prediction:::plausible and very likely				moral:::plausible and very likely				narrative_feeling:::plausible and somewhat likely			aesthetic_feeling:::plausible and somewhat likely					character_appraisal:::plausible and somewhat likely		stance:::implausible or very unlikely						
63c5c3192e709e19fc67d5dd	e5hnx51		overall_goal:::plausible and somewhat likely					narrative_intent:::plausible and very likely				author_emotional_response:::plausible and somewhat likely					causal_explanation:::plausible but somewhat unlikely		prediction:::plausible and somewhat likely					moral:::plausible and very likely			narrative_feeling:::plausible and very likely					aesthetic_feeling:::plausible and very likely			character_appraisal:::plausible and very likely					stance:::plausible and somewhat likely				
63c5c3192e709e19fc67d5dd	Contextual-Reasoning-about-Narrative-Intents-and-Reactions-consent.html																																									I am age 18 or older.:::Yes	I have read and understand the information above.:::Yes	I want to participate in this research and continue with the study.:::Yes
67abec3fcd49071d4087f87f	e5q8tak		overall_goal:::plausible and somewhat likely				narrative_intent:::plausible and somewhat likely					author_emotional_response:::plausible and somewhat likely			causal_explanation:::plausible and somewhat likely					prediction:::plausible and very likely			moral:::plausible and somewhat likely						narrative_feeling:::plausible but somewhat unlikely				aesthetic_feeling:::plausible but somewhat unlikely				character_appraisal:::plausible but somewhat unlikely			stance:::plausible and somewhat likely				
67abec3fcd49071d4087f87f	e64wvry			overall_goal:::plausible and very likely			narrative_intent:::plausible and somewhat likely					author_emotional_response:::plausible and somewhat likely				causal_explanation:::plausible and very likely				prediction:::plausible and very likely				moral:::plausible and very likely				narrative_feeling:::plausible and somewhat likely					aesthetic_feeling:::plausible but somewhat unlikely				character_appraisal:::plausible but somewhat unlikely			stance:::plausible and somewhat likely				
67abec3fcd49071d4087f87f	Contextual-Reasoning-about-Narrative-Intents-and-Reactions-consent.html																																									I am age 18 or older.:::Yes	I have read and understand the information above.:::Yes	I want to participate in this research and continue with the study.:::Yes
6645a550e2bdc9ec8b32ec7c	e6qvsmm		overall_goal:::plausible and somewhat likely				narrative_intent:::plausible and somewhat likely					author_emotional_response:::plausible and somewhat likely			causal_explanation:::plausible and somewhat likely				prediction:::plausible and somewhat likely				moral:::plausible and somewhat likely					narrative_feeling:::plausible and somewhat likely		aesthetic_feeling:::implausible or very unlikely						character_appraisal:::plausible and somewhat likely				stance:::plausible and somewhat likely				
6645a550e2bdc9ec8b32ec7c	e6ohgtm				overall_goal:::plausible but somewhat unlikely			narrative_intent:::plausible and very likely				author_emotional_response:::plausible and somewhat likely				causal_explanation:::plausible and very likely				prediction:::plausible and very likely				moral:::plausible and very likely		narrative_feeling:::implausible or very unlikely						aesthetic_feeling:::plausible and very likely			character_appraisal:::plausible and very likely					stance:::plausible and somewhat likely				
6645a550e2bdc9ec8b32ec7c	Contextual-Reasoning-about-Narrative-Intents-and-Reactions-consent.html																																									I am age 18 or older.:::Yes	I have read and understand the information above.:::Yes	I want to participate in this research and continue with the study.:::Yes
659daa1ed4e13d6428103c1f	e57pv08		overall_goal:::plausible and somewhat likely						narrative_intent:::plausible but somewhat unlikely			author_emotional_response:::plausible and somewhat likely			causal_explanation:::plausible and somewhat likely				prediction:::plausible and somewhat likely					moral:::plausible and very likely					narrative_feeling:::plausible but somewhat unlikely		aesthetic_feeling:::plausible and somewhat likely					character_appraisal:::plausible and somewhat likely				stance:::plausible and somewhat likely				
659daa1ed4e13d6428103c1f	e6q8on6		overall_goal:::plausible and somewhat likely						narrative_intent:::plausible but somewhat unlikely				author_emotional_response:::plausible but somewhat unlikely		causal_explanation:::plausible and somewhat likely						prediction:::plausible but somewhat unlikely		moral:::plausible and somewhat likely					narrative_feeling:::plausible and somewhat likely					aesthetic_feeling:::plausible but somewhat unlikely			character_appraisal:::plausible and somewhat likely				stance:::plausible and somewhat likely				
659daa1ed4e13d6428103c1f	Contextual-Reasoning-about-Narrative-Intents-and-Reactions-consent.html																																									I am age 18 or older.:::Yes	I have read and understand the information above.:::Yes	I want to participate in this research and continue with the study.:::Yes
6673c06ef972fa4885e8ec49	e6auv9p		overall_goal:::plausible and somewhat likely						narrative_intent:::plausible but somewhat unlikely			author_emotional_response:::plausible and somewhat likely			causal_explanation:::plausible and somewhat likely					prediction:::plausible and very likely			moral:::plausible and somewhat likely						narrative_feeling:::plausible but somewhat unlikely			aesthetic_feeling:::plausible and very likely			character_appraisal:::plausible and very likely					stance:::plausible and somewhat likely				
6673c06ef972fa4885e8ec49	e5d9fqn				overall_goal:::plausible but somewhat unlikely		narrative_intent:::plausible and somewhat likely					author_emotional_response:::plausible and somewhat likely					causal_explanation:::plausible but somewhat unlikely			prediction:::plausible and very likely					moral:::plausible but somewhat unlikely			narrative_feeling:::plausible and somewhat likely					aesthetic_feeling:::plausible but somewhat unlikely				character_appraisal:::plausible but somewhat unlikely			stance:::plausible and somewhat likely				
6673c06ef972fa4885e8ec49	Contextual-Reasoning-about-Narrative-Intents-and-Reactions-consent.html																																									I am age 18 or older.:::Yes	I have read and understand the information above.:::Yes	I want to participate in this research and continue with the study.:::Yes
6501f7c274092e1270832a17	e60tub8		overall_goal:::plausible and somewhat likely					narrative_intent:::plausible and very likely				author_emotional_response:::plausible and somewhat likely				causal_explanation:::plausible and very likely			prediction:::plausible and somewhat likely				moral:::plausible and somewhat likely				narrative_feeling:::plausible and very likely						aesthetic_feeling:::plausible but somewhat unlikely			character_appraisal:::plausible and somewhat likely			stance:::plausible and very likely					
6501f7c274092e1270832a17	Contextual-Reasoning-about-Narrative-Intents-and-Reactions-consent.html																																									I am age 18 or older.:::Yes	I have read and understand the information above.:::Yes	I want to participate in this research and continue with the study.:::Yes
6501f7c274092e1270832a17	e5kceku	overall_goal:::implausible or very unlikely						narrative_intent:::plausible and very likely				author_emotional_response:::plausible and somewhat likely			causal_explanation:::plausible and somewhat likely					prediction:::plausible and very likely			moral:::plausible and somewhat likely				narrative_feeling:::plausible and very likely				aesthetic_feeling:::plausible and somewhat likely					character_appraisal:::plausible and somewhat likely			stance:::plausible and very likely					
643bd22e67aeded15060e447	e5s5oo2			overall_goal:::plausible and very likely			narrative_intent:::plausible and somewhat likely					author_emotional_response:::plausible and somewhat likely			causal_explanation:::plausible and somewhat likely						prediction:::plausible but somewhat unlikely		moral:::plausible and somewhat likely			narrative_feeling:::implausible or very unlikely					aesthetic_feeling:::plausible and somewhat likely						character_appraisal:::plausible but somewhat unlikely		stance:::plausible and very likely					
643bd22e67aeded15060e447	Contextual-Reasoning-about-Narrative-Intents-and-Reactions-consent.html																																									I am age 18 or older.:::Yes	I have read and understand the information above.:::Yes	I want to participate in this research and continue with the study.:::Yes
643bd22e67aeded15060e447	e6afty6			overall_goal:::plausible and very likely				narrative_intent:::plausible and very likely				author_emotional_response:::plausible and somewhat likely			causal_explanation:::plausible and somewhat likely				prediction:::plausible and somewhat likely					moral:::plausible and very likely					narrative_feeling:::plausible but somewhat unlikely				aesthetic_feeling:::plausible but somewhat unlikely			character_appraisal:::plausible and somewhat likely		stance:::implausible or very unlikely						
6670e05a65d32df6fa3e7560	e5sszhv		overall_goal:::plausible and somewhat likely					narrative_intent:::plausible and very likely				author_emotional_response:::plausible and somewhat likely			causal_explanation:::plausible and somewhat likely						prediction:::plausible but somewhat unlikely		moral:::plausible and somewhat likely				narrative_feeling:::plausible and very likely				aesthetic_feeling:::plausible and somewhat likely				character_appraisal:::plausible and very likely						stance:::plausible but somewhat unlikely			
6670e05a65d32df6fa3e7560	e6ianoj				overall_goal:::plausible but somewhat unlikely	narrative_intent:::implausible or very unlikely					author_emotional_response:::plausible and very likely						causal_explanation:::plausible but somewhat unlikely		prediction:::plausible and somewhat likely			moral:::implausible or very unlikely					narrative_feeling:::plausible and very likely				aesthetic_feeling:::plausible and somewhat likely						character_appraisal:::plausible but somewhat unlikely				stance:::plausible but somewhat unlikely			
6670e05a65d32df6fa3e7560	Contextual-Reasoning-about-Narrative-Intents-and-Reactions-consent.html																																									I am age 18 or older.:::Yes	I have read and understand the information above.:::Yes	I want to participate in this research and continue with the study.:::Yes
676861f9660a8ed18457dc06	e5u0q3s				overall_goal:::plausible but somewhat unlikely		narrative_intent:::plausible and somewhat likely						author_emotional_response:::plausible but somewhat unlikely				causal_explanation:::plausible but somewhat unlikely			prediction:::plausible and very likely			moral:::plausible and somewhat likely						narrative_feeling:::plausible but somewhat unlikely		aesthetic_feeling:::plausible and somewhat likely			character_appraisal:::implausible or very unlikely							stance:::plausible but somewhat unlikely			
676861f9660a8ed18457dc06	e57qbnt		overall_goal:::plausible and somewhat likely				narrative_intent:::plausible and somewhat likely				author_emotional_response:::plausible and very likely			causal_explanation:::implausible or very unlikely				prediction:::implausible or very unlikely					moral:::plausible and somewhat likely						narrative_feeling:::plausible but somewhat unlikely	aesthetic_feeling:::implausible or very unlikely						character_appraisal:::plausible and somewhat likely		stance:::implausible or very unlikely						
676861f9660a8ed18457dc06	Contextual-Reasoning-about-Narrative-Intents-and-Reactions-consent.html																																									I am age 18 or older.:::Yes	I have read and understand the information above.:::Yes	I want to participate in this research and continue with the study.:::Yes
67629e103d0ced802418a1e6	e5unnlu			overall_goal:::plausible and very likely				narrative_intent:::plausible and very likely				author_emotional_response:::plausible and somewhat likely				causal_explanation:::plausible and very likely				prediction:::plausible and very likely				moral:::plausible and very likely		narrative_feeling:::implausible or very unlikely						aesthetic_feeling:::plausible and very likely				character_appraisal:::plausible and somewhat likely				stance:::plausible and somewhat likely				
67629e103d0ced802418a1e6	e5dnabh	overall_goal:::implausible or very unlikely				narrative_intent:::implausible or very unlikely						author_emotional_response:::plausible and somewhat likely		causal_explanation:::implausible or very unlikely				prediction:::implausible or very unlikely				moral:::implausible or very unlikely				narrative_feeling:::implausible or very unlikely					aesthetic_feeling:::plausible and somewhat likely					character_appraisal:::plausible and somewhat likely				stance:::plausible and somewhat likely				
67629e103d0ced802418a1e6	Contextual-Reasoning-about-Narrative-Intents-and-Reactions-consent.html																																									I am age 18 or older.:::Yes	I have read and understand the information above.:::Yes	I want to participate in this research and continue with the study.:::Yes
64d5323f567c88a7df95b47a	e64eyn9	overall_goal:::implausible or very unlikely				narrative_intent:::implausible or very unlikely							author_emotional_response:::plausible but somewhat unlikely				causal_explanation:::plausible but somewhat unlikely	prediction:::implausible or very unlikely				moral:::implausible or very unlikely				narrative_feeling:::implausible or very unlikely				aesthetic_feeling:::implausible or very unlikely							character_appraisal:::plausible but somewhat unlikely	stance:::implausible or very unlikely						
64d5323f567c88a7df95b47a	e5gas1x	overall_goal:::implausible or very unlikely				narrative_intent:::implausible or very unlikely				author_emotional_response:::implausible or very unlikely							causal_explanation:::plausible but somewhat unlikely	prediction:::implausible or very unlikely				moral:::implausible or very unlikely				narrative_feeling:::implausible or very unlikely				aesthetic_feeling:::implausible or very unlikely				character_appraisal:::implausible or very unlikely				stance:::implausible or very unlikely						
64d5323f567c88a7df95b47a	Contextual-Reasoning-about-Narrative-Intents-and-Reactions-consent.html																																									I am age 18 or older.:::Yes	I have read and understand the information above.:::Yes	I want to participate in this research and continue with the study.:::Yes
66562a9e55aa080598f8d59a	e5sxv2h			overall_goal:::plausible and very likely				narrative_intent:::plausible and very likely				author_emotional_response:::plausible and somewhat likely			causal_explanation:::plausible and somewhat likely				prediction:::plausible and somewhat likely						moral:::plausible but somewhat unlikely			narrative_feeling:::plausible and somewhat likely		aesthetic_feeling:::implausible or very unlikely						character_appraisal:::plausible and somewhat likely				stance:::plausible and somewhat likely				
66562a9e55aa080598f8d59a	e65kryx	overall_goal:::implausible or very unlikely						narrative_intent:::plausible and very likely				author_emotional_response:::plausible and somewhat likely				causal_explanation:::plausible and very likely			prediction:::plausible and somewhat likely				moral:::plausible and somewhat likely					narrative_feeling:::plausible and somewhat likely				aesthetic_feeling:::plausible and very likely				character_appraisal:::plausible and somewhat likely					stance:::plausible but somewhat unlikely			
66562a9e55aa080598f8d59a	Contextual-Reasoning-about-Narrative-Intents-and-Reactions-consent.html																																									I am age 18 or older.:::Yes	I have read and understand the information above.:::Yes	I want to participate in this research and continue with the study.:::Yes
62a74fec726aac54b9e43d75	e6by69z			overall_goal:::plausible and very likely				narrative_intent:::plausible and very likely			author_emotional_response:::plausible and very likely					causal_explanation:::plausible and very likely				prediction:::plausible and very likely				moral:::plausible and very likely			narrative_feeling:::plausible and very likely					aesthetic_feeling:::plausible and very likely		character_appraisal:::implausible or very unlikely				stance:::implausible or very unlikely						
62a74fec726aac54b9e43d75	e5ls3rd		overall_goal:::plausible and somewhat likely				narrative_intent:::plausible and somewhat likely					author_emotional_response:::plausible and somewhat likely				causal_explanation:::plausible and very likely				prediction:::plausible and very likely			moral:::plausible and somewhat likely					narrative_feeling:::plausible and somewhat likely			aesthetic_feeling:::plausible and somewhat likely						character_appraisal:::plausible but somewhat unlikely				stance:::plausible but somewhat unlikely			
62a74fec726aac54b9e43d75	Contextual-Reasoning-about-Narrative-Intents-and-Reactions-consent.html																																									I am age 18 or older.:::Yes	I have read and understand the information above.:::Yes	I want to participate in this research and continue with the study.:::Yes
5bfbfeed249c390001f875be	e6p8zwl			overall_goal:::plausible and very likely		narrative_intent:::implausible or very unlikely							author_emotional_response:::plausible but somewhat unlikely				causal_explanation:::plausible but somewhat unlikely		prediction:::plausible and somewhat likely			moral:::implausible or very unlikely						narrative_feeling:::plausible and somewhat likely			aesthetic_feeling:::plausible and somewhat likely					character_appraisal:::plausible and somewhat likely		stance:::implausible or very unlikely						
5bfbfeed249c390001f875be	e5is2r0			overall_goal:::plausible and very likely				narrative_intent:::plausible and very likely			author_emotional_response:::plausible and very likely				causal_explanation:::plausible and somewhat likely						prediction:::plausible but somewhat unlikely	moral:::implausible or very unlikely				narrative_feeling:::implausible or very unlikely				aesthetic_feeling:::implausible or very unlikely				character_appraisal:::implausible or very unlikely				stance:::implausible or very unlikely						
5bfbfeed249c390001f875be	Contextual-Reasoning-about-Narrative-Intents-and-Reactions-consent.html																																									I am age 18 or older.:::Yes	I have read and understand the information above.:::Yes	I want to participate in this research and continue with the study.:::Yes
669a90feda82b881fc296656	e5i6b5a				overall_goal:::plausible but somewhat unlikely		narrative_intent:::plausible and somewhat likely			author_emotional_response:::implausible or very unlikely					causal_explanation:::plausible and somewhat likely				prediction:::plausible and somewhat likely						moral:::plausible but somewhat unlikely				narrative_feeling:::plausible but somewhat unlikely		aesthetic_feeling:::plausible and somewhat likely				character_appraisal:::plausible and very likely					stance:::plausible and somewhat likely				
669a90feda82b881fc296656	e6n7ang				overall_goal:::plausible but somewhat unlikely		narrative_intent:::plausible and somewhat likely						author_emotional_response:::plausible but somewhat unlikely		causal_explanation:::plausible and somewhat likely						prediction:::plausible but somewhat unlikely				moral:::plausible but somewhat unlikely				narrative_feeling:::plausible but somewhat unlikely		aesthetic_feeling:::plausible and somewhat likely					character_appraisal:::plausible and somewhat likely				stance:::plausible and somewhat likely				
669a90feda82b881fc296656	Contextual-Reasoning-about-Narrative-Intents-and-Reactions-consent.html																																									I am age 18 or older.:::Yes	I have read and understand the information above.:::Yes	I want to participate in this research and continue with the study.:::Yes
641359b5040c453203e2c088	e5t6eyh			overall_goal:::plausible and very likely		narrative_intent:::implausible or very unlikely						author_emotional_response:::plausible and somewhat likely					causal_explanation:::plausible but somewhat unlikely	prediction:::implausible or very unlikely					moral:::plausible and somewhat likely			narrative_feeling:::implausible or very unlikely							aesthetic_feeling:::plausible but somewhat unlikely			character_appraisal:::plausible and somewhat likely			stance:::plausible and very likely					
641359b5040c453203e2c088	e683u8w		overall_goal:::plausible and somewhat likely					narrative_intent:::plausible and very likely		author_emotional_response:::implausible or very unlikely							causal_explanation:::plausible but somewhat unlikely			prediction:::plausible and very likely			moral:::plausible and somewhat likely			narrative_feeling:::implausible or very unlikely						aesthetic_feeling:::plausible and very likely					character_appraisal:::plausible but somewhat unlikely			stance:::plausible and somewhat likely				
641359b5040c453203e2c088	Contextual-Reasoning-about-Narrative-Intents-and-Reactions-consent.html																																									I am age 18 or older.:::Yes	I have read and understand the information above.:::Yes	I want to participate in this research and continue with the study.:::Yes
666c44e0af1439ede48b2d93	e5tcvn7		overall_goal:::plausible and somewhat likely				narrative_intent:::plausible and somewhat likely						author_emotional_response:::plausible but somewhat unlikely			causal_explanation:::plausible and very likely			prediction:::plausible and somewhat likely					moral:::plausible and very likely		narrative_feeling:::implausible or very unlikely							aesthetic_feeling:::plausible but somewhat unlikely				character_appraisal:::plausible but somewhat unlikely			stance:::plausible and somewhat likely				
666c44e0af1439ede48b2d93	Contextual-Reasoning-about-Narrative-Intents-and-Reactions-consent.html																																									I am age 18 or older.:::Yes	I have read and understand the information above.:::Yes	I want to participate in this research and continue with the study.:::Yes
666c44e0af1439ede48b2d93	e6fgszs		overall_goal:::plausible and somewhat likely				narrative_intent:::plausible and somewhat likely						author_emotional_response:::plausible but somewhat unlikely				causal_explanation:::plausible but somewhat unlikely		prediction:::plausible and somewhat likely						moral:::plausible but somewhat unlikely				narrative_feeling:::plausible but somewhat unlikely	aesthetic_feeling:::implausible or very unlikely							character_appraisal:::plausible but somewhat unlikely			stance:::plausible and somewhat likely				
6653e566a1dd567008582c28	e64eyn9			overall_goal:::plausible and very likely				narrative_intent:::plausible and very likely		author_emotional_response:::implausible or very unlikely						causal_explanation:::plausible and very likely			prediction:::plausible and somewhat likely				moral:::plausible and somewhat likely						narrative_feeling:::plausible but somewhat unlikely		aesthetic_feeling:::plausible and somewhat likely					character_appraisal:::plausible and somewhat likely				stance:::plausible and somewhat likely				
6653e566a1dd567008582c28	e5gas1x			overall_goal:::plausible and very likely		narrative_intent:::implausible or very unlikely							author_emotional_response:::plausible but somewhat unlikely				causal_explanation:::plausible but somewhat unlikely				prediction:::plausible but somewhat unlikely		moral:::plausible and somewhat likely						narrative_feeling:::plausible but somewhat unlikely		aesthetic_feeling:::plausible and somewhat likely			character_appraisal:::implausible or very unlikely						stance:::plausible and somewhat likely				
6653e566a1dd567008582c28	Contextual-Reasoning-about-Narrative-Intents-and-Reactions-consent.html																																									I am age 18 or older.:::Yes	I have read and understand the information above.:::Yes	I want to participate in this research and continue with the study.:::Yes
6691bc059b0182b0bdd7d682	e6op5jl	overall_goal:::implausible or very unlikely				narrative_intent:::implausible or very unlikely				author_emotional_response:::implausible or very unlikely				causal_explanation:::implausible or very unlikely				prediction:::implausible or very unlikely				moral:::implausible or very unlikely				narrative_feeling:::implausible or very unlikely				aesthetic_feeling:::implausible or very unlikely				character_appraisal:::implausible or very unlikely				stance:::implausible or very unlikely						
6691bc059b0182b0bdd7d682	e6b2b5y			overall_goal:::plausible and very likely			narrative_intent:::plausible and somewhat likely					author_emotional_response:::plausible and somewhat likely				causal_explanation:::plausible and very likely			prediction:::plausible and somewhat likely				moral:::plausible and somewhat likely				narrative_feeling:::plausible and very likely			aesthetic_feeling:::implausible or very unlikely						character_appraisal:::plausible and somewhat likely				stance:::plausible and somewhat likely				
6691bc059b0182b0bdd7d682	Contextual-Reasoning-about-Narrative-Intents-and-Reactions-consent.html																																									I am age 18 or older.:::Yes	I have read and understand the information above.:::Yes	I want to participate in this research and continue with the study.:::Yes
678836d5d46e9d4aa9971dea	e6op5jl	overall_goal:::implausible or very unlikely				narrative_intent:::implausible or very unlikely				author_emotional_response:::implausible or very unlikely				causal_explanation:::implausible or very unlikely				prediction:::implausible or very unlikely				moral:::implausible or very unlikely				narrative_feeling:::implausible or very unlikely				aesthetic_feeling:::implausible or very unlikely				character_appraisal:::implausible or very unlikely				stance:::implausible or very unlikely						
678836d5d46e9d4aa9971dea	e6b2b5y			overall_goal:::plausible and very likely					narrative_intent:::plausible but somewhat unlikely			author_emotional_response:::plausible and somewhat likely				causal_explanation:::plausible and very likely				prediction:::plausible and very likely					moral:::plausible but somewhat unlikely			narrative_feeling:::plausible and somewhat likely		aesthetic_feeling:::implausible or very unlikely						character_appraisal:::plausible and somewhat likely				stance:::plausible and somewhat likely				
678836d5d46e9d4aa9971dea	Contextual-Reasoning-about-Narrative-Intents-and-Reactions-consent.html																																									I am age 18 or older.:::Yes	I have read and understand the information above.:::Yes	I want to participate in this research and continue with the study.:::Yes
678579350f213035a567e0ce	e603sz1			overall_goal:::plausible and very likely				narrative_intent:::plausible and very likely					author_emotional_response:::plausible but somewhat unlikely			causal_explanation:::plausible and very likely			prediction:::plausible and somewhat likely					moral:::plausible and very likely			narrative_feeling:::plausible and very likely					aesthetic_feeling:::plausible and very likely					character_appraisal:::plausible but somewhat unlikely				stance:::plausible but somewhat unlikely			
678579350f213035a567e0ce	e6mwsas			overall_goal:::plausible and very likely			narrative_intent:::plausible and somewhat likely				author_emotional_response:::plausible and very likely					causal_explanation:::plausible and very likely		prediction:::implausible or very unlikely						moral:::plausible and very likely			narrative_feeling:::plausible and very likely					aesthetic_feeling:::plausible and very likely				character_appraisal:::plausible and somewhat likely			stance:::plausible and very likely					
678579350f213035a567e0ce	Contextual-Reasoning-about-Narrative-Intents-and-Reactions-consent.html																																									I am age 18 or older.:::Yes	I have read and understand the information above.:::Yes	I want to participate in this research and continue with the study.:::Yes
6721223f5043128958f50fc5	e6ewgqb		overall_goal:::plausible and somewhat likely				narrative_intent:::plausible and somewhat likely						author_emotional_response:::plausible but somewhat unlikely		causal_explanation:::plausible and somewhat likely					prediction:::plausible and very likely				moral:::plausible and very likely				narrative_feeling:::plausible and somewhat likely				aesthetic_feeling:::plausible and very likely			character_appraisal:::plausible and very likely					stance:::plausible and somewhat likely				
6721223f5043128958f50fc5	Contextual-Reasoning-about-Narrative-Intents-and-Reactions-consent.html																																									I am age 18 or older.:::Yes	I have read and understand the information above.:::Yes	I want to participate in this research and continue with the study.:::Yes
6721223f5043128958f50fc5	e5n7m4h		overall_goal:::plausible and somewhat likely				narrative_intent:::plausible and somewhat likely					author_emotional_response:::plausible and somewhat likely			causal_explanation:::plausible and somewhat likely						prediction:::plausible but somewhat unlikely	moral:::implausible or very unlikely							narrative_feeling:::plausible but somewhat unlikely			aesthetic_feeling:::plausible and very likely				character_appraisal:::plausible and somewhat likely				stance:::plausible and somewhat likely				
675b8b09b399ed2fe8481f50	9gh8ed			overall_goal:::plausible and very likely				narrative_intent:::plausible and very likely			author_emotional_response:::plausible and very likely					causal_explanation:::plausible and very likely				prediction:::plausible and very likely			moral:::plausible and somewhat likely					narrative_feeling:::plausible and somewhat likely			aesthetic_feeling:::plausible and somewhat likely					character_appraisal:::plausible and somewhat likely				stance:::plausible and somewhat likely				
675b8b09b399ed2fe8481f50	Contextual-Reasoning-about-Narrative-Intents-and-Reactions-consent.html																																									I am age 18 or older.:::Yes	I have read and understand the information above.:::Yes	I want to participate in this research and continue with the study.:::Yes
675b8b09b399ed2fe8481f50	9cempa				overall_goal:::plausible but somewhat unlikely				narrative_intent:::plausible but somewhat unlikely				author_emotional_response:::plausible but somewhat unlikely				causal_explanation:::plausible but somewhat unlikely	prediction:::implausible or very unlikely							moral:::plausible but somewhat unlikely				narrative_feeling:::plausible but somewhat unlikely				aesthetic_feeling:::plausible but somewhat unlikely				character_appraisal:::plausible but somewhat unlikely				stance:::plausible but somewhat unlikely			
59e62b6277860e0001512e14	e5tr6dh		overall_goal:::plausible and somewhat likely				narrative_intent:::plausible and somewhat likely				author_emotional_response:::plausible and very likely						causal_explanation:::plausible but somewhat unlikely		prediction:::plausible and somewhat likely				moral:::plausible and somewhat likely				narrative_feeling:::plausible and very likely					aesthetic_feeling:::plausible and very likely			character_appraisal:::plausible and very likely				stance:::plausible and very likely					
59e62b6277860e0001512e14	e6rul4p	overall_goal:::implausible or very unlikely							narrative_intent:::plausible but somewhat unlikely				author_emotional_response:::plausible but somewhat unlikely	causal_explanation:::implausible or very unlikely					prediction:::plausible and somewhat likely				moral:::plausible and somewhat likely				narrative_feeling:::plausible and very likely					aesthetic_feeling:::plausible and very likely				character_appraisal:::plausible and somewhat likely			stance:::plausible and very likely					
59e62b6277860e0001512e14	Contextual-Reasoning-about-Narrative-Intents-and-Reactions-consent.html																																									I am age 18 or older.:::Yes	I have read and understand the information above.:::Yes	I want to participate in this research and continue with the study.:::Yes
5dc483cf74939e34e55c3619	9fhhk2				overall_goal:::plausible but somewhat unlikely		narrative_intent:::plausible and somewhat likely				author_emotional_response:::plausible and very likely			causal_explanation:::implausible or very unlikely					prediction:::plausible and somewhat likely					moral:::plausible and very likely			narrative_feeling:::plausible and very likely				aesthetic_feeling:::plausible and somewhat likely				character_appraisal:::plausible and very likely				stance:::plausible and very likely					
5dc483cf74939e34e55c3619	e6enttu			overall_goal:::plausible and very likely				narrative_intent:::plausible and very likely			author_emotional_response:::plausible and very likely					causal_explanation:::plausible and very likely				prediction:::plausible and very likely				moral:::plausible and very likely					narrative_feeling:::plausible but somewhat unlikely		aesthetic_feeling:::plausible and somewhat likely					character_appraisal:::plausible and somewhat likely			stance:::plausible and very likely					
5dc483cf74939e34e55c3619	Contextual-Reasoning-about-Narrative-Intents-and-Reactions-consent.html																																									I am age 18 or older.:::Yes	I have read and understand the information above.:::Yes	I want to participate in this research and continue with the study.:::Yes
