user	instance_id	overall_goal:::plausible and very likely	overall_goal:::plausible but somewhat unlikely	overall_goal:::plausible and somewhat likely	overall_goal:::implausible or very unlikely	narrative_intent:::plausible and very likely	narrative_intent:::plausible but somewhat unlikely	narrative_intent:::plausible and somewhat likely	narrative_intent:::implausible or very unlikely	author_emotional_response:::plausible and very likely	author_emotional_response:::plausible but somewhat unlikely	author_emotional_response:::plausible and somewhat likely	author_emotional_response:::implausible or very unlikely	causal_explanation:::plausible and very likely	causal_explanation:::plausible but somewhat unlikely	causal_explanation:::plausible and somewhat likely	causal_explanation:::implausible or very unlikely	prediction:::plausible and very likely	prediction:::plausible but somewhat unlikely	prediction:::implausible or very unlikely	prediction:::plausible and somewhat likely	moral:::plausible and very likely	moral:::plausible but somewhat unlikely	moral:::plausible and somewhat likely	moral:::implausible or very unlikely	narrative_feeling:::plausible and very likely	narrative_feeling:::plausible but somewhat unlikely	narrative_feeling:::plausible and somewhat likely	narrative_feeling:::implausible or very unlikely	aesthetic_feeling:::plausible and very likely	aesthetic_feeling:::plausible but somewhat unlikely	aesthetic_feeling:::plausible and somewhat likely	aesthetic_feeling:::implausible or very unlikely	character_appraisal:::plausible and very likely	character_appraisal:::plausible but somewhat unlikely	character_appraisal:::plausible and somewhat likely	character_appraisal:::implausible or very unlikely	stance:::plausible and very likely	stance:::plausible but somewhat unlikely	stance:::plausible and somewhat likely	stance:::implausible or very unlikely	I am age 18 or older.:::Yes	I have read and understand the information above.:::Yes	I want to participate in this research and continue with the study.:::Yes
67ef36b28f01335edcacf720	e5kim0l	overall_goal:::plausible and very likely						narrative_intent:::plausible and somewhat likely		author_emotional_response:::plausible and very likely				causal_explanation:::plausible and very likely					prediction:::plausible but somewhat unlikely					moral:::plausible and somewhat likely		narrative_feeling:::plausible and very likely						aesthetic_feeling:::plausible and somewhat likely		character_appraisal:::plausible and very likely						stance:::plausible and somewhat likely				
67ef36b28f01335edcacf720	Contextual-Reasoning-about-Narrative-Intents-and-Reactions-consent.html																																									I am age 18 or older.:::Yes	I have read and understand the information above.:::Yes	I want to participate in this research and continue with the study.:::Yes
67ef36b28f01335edcacf720	e5q2awq	overall_goal:::plausible and very likely				narrative_intent:::plausible and very likely				author_emotional_response:::plausible and very likely						causal_explanation:::plausible and somewhat likely		prediction:::plausible and very likely						moral:::plausible and somewhat likely			narrative_feeling:::plausible but somewhat unlikely						aesthetic_feeling:::implausible or very unlikely		character_appraisal:::plausible but somewhat unlikely			stance:::plausible and very likely						
67ae87b0d1835460d0a99abd	e5kim0l			overall_goal:::plausible and somewhat likely					narrative_intent:::implausible or very unlikely			author_emotional_response:::plausible and somewhat likely					causal_explanation:::implausible or very unlikely			prediction:::implausible or very unlikely		moral:::plausible and very likely					narrative_feeling:::plausible but somewhat unlikely				aesthetic_feeling:::plausible but somewhat unlikely					character_appraisal:::plausible and somewhat likely		stance:::plausible and very likely						
67ae87b0d1835460d0a99abd	Contextual-Reasoning-about-Narrative-Intents-and-Reactions-consent.html																																									I am age 18 or older.:::Yes	I have read and understand the information above.:::Yes	I want to participate in this research and continue with the study.:::Yes
67ae87b0d1835460d0a99abd	e5q2awq				overall_goal:::implausible or very unlikely				narrative_intent:::implausible or very unlikely			author_emotional_response:::plausible and somewhat likely			causal_explanation:::plausible but somewhat unlikely						prediction:::plausible and somewhat likely			moral:::plausible and somewhat likely				narrative_feeling:::plausible and somewhat likely			aesthetic_feeling:::plausible but somewhat unlikely					character_appraisal:::plausible and somewhat likely				stance:::plausible and somewhat likely				
66ccdd9f6b12c6ea6fa01f42	e5bsdtf			overall_goal:::plausible and somewhat likely				narrative_intent:::plausible and somewhat likely				author_emotional_response:::plausible and somewhat likely			causal_explanation:::plausible but somewhat unlikely						prediction:::plausible and somewhat likely		moral:::plausible but somewhat unlikely					narrative_feeling:::plausible and somewhat likely				aesthetic_feeling:::plausible and somewhat likely		character_appraisal:::plausible and very likely						stance:::plausible and somewhat likely				
66ccdd9f6b12c6ea6fa01f42	Contextual-Reasoning-about-Narrative-Intents-and-Reactions-consent.html																																									I am age 18 or older.:::Yes	I have read and understand the information above.:::Yes	I want to participate in this research and continue with the study.:::Yes
66ccdd9f6b12c6ea6fa01f42	e67vr8u	overall_goal:::plausible and very likely				narrative_intent:::plausible and very likely						author_emotional_response:::plausible and somewhat likely					causal_explanation:::implausible or very unlikely	prediction:::plausible and very likely						moral:::plausible and somewhat likely				narrative_feeling:::plausible and somewhat likely				aesthetic_feeling:::plausible and somewhat likely				character_appraisal:::plausible and somewhat likely			stance:::plausible but somewhat unlikely					
680cf3759bbfca13d68e130a	e5bsdtf	overall_goal:::plausible and very likely				narrative_intent:::plausible and very likely						author_emotional_response:::plausible and somewhat likely					causal_explanation:::implausible or very unlikely	prediction:::plausible and very likely				moral:::plausible and very likely						narrative_feeling:::plausible and somewhat likely		aesthetic_feeling:::plausible and very likely				character_appraisal:::plausible and very likely				stance:::plausible and very likely						
680cf3759bbfca13d68e130a	Contextual-Reasoning-about-Narrative-Intents-and-Reactions-consent.html																																									I am age 18 or older.:::Yes	I have read and understand the information above.:::Yes	I want to participate in this research and continue with the study.:::Yes
680cf3759bbfca13d68e130a	e67vr8u		overall_goal:::plausible but somewhat unlikely				narrative_intent:::plausible but somewhat unlikely					author_emotional_response:::plausible and somewhat likely					causal_explanation:::implausible or very unlikely	prediction:::plausible and very likely						moral:::plausible and somewhat likely		narrative_feeling:::plausible and very likely				aesthetic_feeling:::plausible and very likely				character_appraisal:::plausible and very likely				stance:::plausible and very likely						
6334b0fc574064de4e68f578	e5iniby	overall_goal:::plausible and very likely				narrative_intent:::plausible and very likely				author_emotional_response:::plausible and very likely				causal_explanation:::plausible and very likely						prediction:::implausible or very unlikely		moral:::plausible and very likely						narrative_feeling:::plausible and somewhat likely				aesthetic_feeling:::plausible and somewhat likely		character_appraisal:::plausible and very likely				stance:::plausible and very likely						
6334b0fc574064de4e68f578	e66997q			overall_goal:::plausible and somewhat likely				narrative_intent:::plausible and somewhat likely			author_emotional_response:::plausible but somewhat unlikely					causal_explanation:::plausible and somewhat likely					prediction:::plausible and somewhat likely			moral:::plausible and somewhat likely				narrative_feeling:::plausible and somewhat likely		aesthetic_feeling:::plausible and very likely					character_appraisal:::plausible but somewhat unlikely					stance:::plausible and somewhat likely				
6334b0fc574064de4e68f578	Contextual-Reasoning-about-Narrative-Intents-and-Reactions-consent.html																																									I am age 18 or older.:::Yes	I have read and understand the information above.:::Yes	I want to participate in this research and continue with the study.:::Yes
66c3366a3b5834b89124e85a	e5iniby	overall_goal:::plausible and very likely				narrative_intent:::plausible and very likely						author_emotional_response:::plausible and somewhat likely		causal_explanation:::plausible and very likely						prediction:::implausible or very unlikely		moral:::plausible and very likely						narrative_feeling:::plausible and somewhat likely		aesthetic_feeling:::plausible and very likely				character_appraisal:::plausible and very likely				stance:::plausible and very likely						
66c3366a3b5834b89124e85a	e66997q		overall_goal:::plausible but somewhat unlikely					narrative_intent:::plausible and somewhat likely			author_emotional_response:::plausible but somewhat unlikely			causal_explanation:::plausible and very likely							prediction:::plausible and somewhat likely	moral:::plausible and very likely				narrative_feeling:::plausible and very likely						aesthetic_feeling:::plausible and somewhat likely					character_appraisal:::implausible or very unlikely	stance:::plausible and very likely						
66c3366a3b5834b89124e85a	Contextual-Reasoning-about-Narrative-Intents-and-Reactions-consent.html																																									I am age 18 or older.:::Yes	I have read and understand the information above.:::Yes	I want to participate in this research and continue with the study.:::Yes
5ac43d51a3ba7a0001b498d0	e6qug5t			overall_goal:::plausible and somewhat likely				narrative_intent:::plausible and somewhat likely		author_emotional_response:::plausible and very likely				causal_explanation:::plausible and very likely							prediction:::plausible and somewhat likely		moral:::plausible but somewhat unlikely					narrative_feeling:::plausible and somewhat likely		aesthetic_feeling:::plausible and very likely						character_appraisal:::plausible and somewhat likely					stance:::implausible or very unlikely			
5ac43d51a3ba7a0001b498d0	Contextual-Reasoning-about-Narrative-Intents-and-Reactions-consent.html																																									I am age 18 or older.:::Yes	I have read and understand the information above.:::Yes	I want to participate in this research and continue with the study.:::Yes
5ac43d51a3ba7a0001b498d0	e5t57xt			overall_goal:::plausible and somewhat likely				narrative_intent:::plausible and somewhat likely				author_emotional_response:::plausible and somewhat likely		causal_explanation:::plausible and very likely				prediction:::plausible and very likely				moral:::plausible and very likely				narrative_feeling:::plausible and very likely				aesthetic_feeling:::plausible and very likely					character_appraisal:::plausible but somewhat unlikely			stance:::plausible and very likely						
674780197d2f877d208e64bf	e6qug5t	overall_goal:::plausible and very likely				narrative_intent:::plausible and very likely				author_emotional_response:::plausible and very likely				causal_explanation:::plausible and very likely							prediction:::plausible and somewhat likely			moral:::plausible and somewhat likely		narrative_feeling:::plausible and very likely				aesthetic_feeling:::plausible and very likely						character_appraisal:::plausible and somewhat likely					stance:::implausible or very unlikely			
674780197d2f877d208e64bf	Contextual-Reasoning-about-Narrative-Intents-and-Reactions-consent.html																																									I am age 18 or older.:::Yes	I have read and understand the information above.:::Yes	I want to participate in this research and continue with the study.:::Yes
674780197d2f877d208e64bf	e5t57xt				overall_goal:::implausible or very unlikely	narrative_intent:::plausible and very likely				author_emotional_response:::plausible and very likely				causal_explanation:::plausible and very likely				prediction:::plausible and very likely						moral:::plausible and somewhat likely		narrative_feeling:::plausible and very likely				aesthetic_feeling:::plausible and very likely						character_appraisal:::plausible and somewhat likely		stance:::plausible and very likely						
67dbbdb452081ea930c8ab17	e6bzlku			overall_goal:::plausible and somewhat likely				narrative_intent:::plausible and somewhat likely			author_emotional_response:::plausible but somewhat unlikely				causal_explanation:::plausible but somewhat unlikely						prediction:::plausible and somewhat likely			moral:::plausible and somewhat likely			narrative_feeling:::plausible but somewhat unlikely					aesthetic_feeling:::plausible and somewhat likely		character_appraisal:::plausible and very likely						stance:::plausible and somewhat likely				
67dbbdb452081ea930c8ab17	e6a1tfl	overall_goal:::plausible and very likely				narrative_intent:::plausible and very likely						author_emotional_response:::plausible and somewhat likely				causal_explanation:::plausible and somewhat likely					prediction:::plausible and somewhat likely			moral:::plausible and somewhat likely		narrative_feeling:::plausible and very likely					aesthetic_feeling:::plausible but somewhat unlikely					character_appraisal:::plausible and somewhat likely				stance:::plausible and somewhat likely				
67dbbdb452081ea930c8ab17	Contextual-Reasoning-about-Narrative-Intents-and-Reactions-consent.html																																									I am age 18 or older.:::Yes	I have read and understand the information above.:::Yes	I want to participate in this research and continue with the study.:::Yes
60fd38ded9e5eea835eba383	e6bzlku		overall_goal:::plausible but somewhat unlikely			narrative_intent:::plausible and very likely							author_emotional_response:::implausible or very unlikely	causal_explanation:::plausible and very likely				prediction:::plausible and very likely						moral:::plausible and somewhat likely		narrative_feeling:::plausible and very likely				aesthetic_feeling:::plausible and very likely						character_appraisal:::plausible and somewhat likely		stance:::plausible and very likely						
60fd38ded9e5eea835eba383	e6a1tfl	overall_goal:::plausible and very likely				narrative_intent:::plausible and very likely						author_emotional_response:::plausible and somewhat likely				causal_explanation:::plausible and somewhat likely					prediction:::plausible and somewhat likely			moral:::plausible and somewhat likely				narrative_feeling:::plausible and somewhat likely					aesthetic_feeling:::implausible or very unlikely			character_appraisal:::plausible and somewhat likely				stance:::plausible and somewhat likely				
60fd38ded9e5eea835eba383	Contextual-Reasoning-about-Narrative-Intents-and-Reactions-consent.html																																									I am age 18 or older.:::Yes	I have read and understand the information above.:::Yes	I want to participate in this research and continue with the study.:::Yes
631c8e97db06f601f81bd82f	e594m4k	overall_goal:::plausible and very likely				narrative_intent:::plausible and very likely				author_emotional_response:::plausible and very likely						causal_explanation:::plausible and somewhat likely				prediction:::implausible or very unlikely				moral:::plausible and somewhat likely		narrative_feeling:::plausible and very likely				aesthetic_feeling:::plausible and very likely						character_appraisal:::plausible and somewhat likely		stance:::plausible and very likely						
631c8e97db06f601f81bd82f	e5uodz0	overall_goal:::plausible and very likely				narrative_intent:::plausible and very likely				author_emotional_response:::plausible and very likely				causal_explanation:::plausible and very likely				prediction:::plausible and very likely				moral:::plausible and very likely				narrative_feeling:::plausible and very likely				aesthetic_feeling:::plausible and very likely							character_appraisal:::implausible or very unlikely	stance:::plausible and very likely						
631c8e97db06f601f81bd82f	Contextual-Reasoning-about-Narrative-Intents-and-Reactions-consent.html																																									I am age 18 or older.:::Yes	I have read and understand the information above.:::Yes	I want to participate in this research and continue with the study.:::Yes
67dbeabb9f3bd066c8a56685	e594m4k	overall_goal:::plausible and very likely				narrative_intent:::plausible and very likely				author_emotional_response:::plausible and very likely				causal_explanation:::plausible and very likely						prediction:::implausible or very unlikely				moral:::plausible and somewhat likely		narrative_feeling:::plausible and very likely				aesthetic_feeling:::plausible and very likely					character_appraisal:::plausible but somewhat unlikely			stance:::plausible and very likely						
67dbeabb9f3bd066c8a56685	e5uodz0	overall_goal:::plausible and very likely				narrative_intent:::plausible and very likely				author_emotional_response:::plausible and very likely				causal_explanation:::plausible and very likely				prediction:::plausible and very likely						moral:::plausible and somewhat likely		narrative_feeling:::plausible and very likely				aesthetic_feeling:::plausible and very likely							character_appraisal:::implausible or very unlikely	stance:::plausible and very likely						
67dbeabb9f3bd066c8a56685	Contextual-Reasoning-about-Narrative-Intents-and-Reactions-consent.html																																									I am age 18 or older.:::Yes	I have read and understand the information above.:::Yes	I want to participate in this research and continue with the study.:::Yes
60fe13342d406f2ab38383a8	e63pb4v			overall_goal:::plausible and somewhat likely		narrative_intent:::plausible and very likely						author_emotional_response:::plausible and somewhat likely		causal_explanation:::plausible and very likely				prediction:::plausible and very likely				moral:::plausible and very likely							narrative_feeling:::implausible or very unlikely			aesthetic_feeling:::plausible and somewhat likely				character_appraisal:::plausible and somewhat likely		stance:::plausible and very likely						
60fe13342d406f2ab38383a8	Contextual-Reasoning-about-Narrative-Intents-and-Reactions-consent.html																																									I am age 18 or older.:::Yes	I have read and understand the information above.:::Yes	I want to participate in this research and continue with the study.:::Yes
60fe13342d406f2ab38383a8	e59vdjz			overall_goal:::plausible and somewhat likely		narrative_intent:::plausible and very likely					author_emotional_response:::plausible but somewhat unlikely						causal_explanation:::implausible or very unlikely		prediction:::plausible but somewhat unlikely					moral:::plausible and somewhat likely				narrative_feeling:::plausible and somewhat likely				aesthetic_feeling:::plausible and somewhat likely				character_appraisal:::plausible and somewhat likely				stance:::plausible and somewhat likely				
6120d602c1976a4114dcb110	e63pb4v	overall_goal:::plausible and very likely							narrative_intent:::implausible or very unlikely	author_emotional_response:::plausible and very likely				causal_explanation:::plausible and very likely							prediction:::plausible and somewhat likely			moral:::plausible and somewhat likely					narrative_feeling:::implausible or very unlikely			aesthetic_feeling:::plausible and somewhat likely		character_appraisal:::plausible and very likely				stance:::plausible and very likely						
6120d602c1976a4114dcb110	Contextual-Reasoning-about-Narrative-Intents-and-Reactions-consent.html																																									I am age 18 or older.:::Yes	I have read and understand the information above.:::Yes	I want to participate in this research and continue with the study.:::Yes
6120d602c1976a4114dcb110	e59vdjz			overall_goal:::plausible and somewhat likely				narrative_intent:::plausible and somewhat likely					author_emotional_response:::implausible or very unlikely				causal_explanation:::implausible or very unlikely			prediction:::implausible or very unlikely			moral:::plausible but somewhat unlikely			narrative_feeling:::plausible and very likely						aesthetic_feeling:::plausible and somewhat likely		character_appraisal:::plausible and very likely				stance:::plausible and very likely						
5d55d43e25dd4c00174122dc	e5kb6pv			overall_goal:::plausible and somewhat likely		narrative_intent:::plausible and very likely					author_emotional_response:::plausible but somewhat unlikely				causal_explanation:::plausible but somewhat unlikely				prediction:::plausible but somewhat unlikely				moral:::plausible but somewhat unlikely				narrative_feeling:::plausible but somewhat unlikely				aesthetic_feeling:::plausible but somewhat unlikely					character_appraisal:::plausible and somewhat likely				stance:::plausible and somewhat likely				
5d55d43e25dd4c00174122dc	e5whmc2				overall_goal:::implausible or very unlikely	narrative_intent:::plausible and very likely				author_emotional_response:::plausible and very likely						causal_explanation:::plausible and somewhat likely					prediction:::plausible and somewhat likely			moral:::plausible and somewhat likely		narrative_feeling:::plausible and very likely					aesthetic_feeling:::plausible but somewhat unlikely					character_appraisal:::plausible and somewhat likely				stance:::plausible and somewhat likely				
5d55d43e25dd4c00174122dc	Contextual-Reasoning-about-Narrative-Intents-and-Reactions-consent.html																																									I am age 18 or older.:::Yes	I have read and understand the information above.:::Yes	I want to participate in this research and continue with the study.:::Yes
67a60aab3179b5e743db2a2b	e5kb6pv			overall_goal:::plausible and somewhat likely				narrative_intent:::plausible and somewhat likely				author_emotional_response:::plausible and somewhat likely				causal_explanation:::plausible and somewhat likely					prediction:::plausible and somewhat likely	moral:::plausible and very likely						narrative_feeling:::plausible and somewhat likely			aesthetic_feeling:::plausible but somewhat unlikely					character_appraisal:::plausible and somewhat likely			stance:::plausible but somewhat unlikely					
67a60aab3179b5e743db2a2b	e5whmc2				overall_goal:::implausible or very unlikely			narrative_intent:::plausible and somewhat likely				author_emotional_response:::plausible and somewhat likely				causal_explanation:::plausible and somewhat likely					prediction:::plausible and somewhat likely	moral:::plausible and very likely						narrative_feeling:::plausible and somewhat likely			aesthetic_feeling:::plausible but somewhat unlikely					character_appraisal:::plausible and somewhat likely				stance:::plausible and somewhat likely				
67a60aab3179b5e743db2a2b	Contextual-Reasoning-about-Narrative-Intents-and-Reactions-consent.html																																									I am age 18 or older.:::Yes	I have read and understand the information above.:::Yes	I want to participate in this research and continue with the study.:::Yes
5db0a97f127d4000117cdfa0	e5kqztq			overall_goal:::plausible and somewhat likely				narrative_intent:::plausible and somewhat likely			author_emotional_response:::plausible but somewhat unlikely			causal_explanation:::plausible and very likely							prediction:::plausible and somewhat likely			moral:::plausible and somewhat likely		narrative_feeling:::plausible and very likely							aesthetic_feeling:::implausible or very unlikely		character_appraisal:::plausible but somewhat unlikely					stance:::plausible and somewhat likely				
5db0a97f127d4000117cdfa0	e5nh5ma			overall_goal:::plausible and somewhat likely				narrative_intent:::plausible and somewhat likely			author_emotional_response:::plausible but somewhat unlikely					causal_explanation:::plausible and somewhat likely			prediction:::plausible but somewhat unlikely					moral:::plausible and somewhat likely			narrative_feeling:::plausible but somewhat unlikely				aesthetic_feeling:::plausible but somewhat unlikely				character_appraisal:::plausible but somewhat unlikely						stance:::implausible or very unlikely			
5db0a97f127d4000117cdfa0	Contextual-Reasoning-about-Narrative-Intents-and-Reactions-consent.html																																									I am age 18 or older.:::Yes	I have read and understand the information above.:::Yes	I want to participate in this research and continue with the study.:::Yes
630a8feaa8eef385f72dc1a5	e5kqztq		overall_goal:::plausible but somewhat unlikely			narrative_intent:::plausible and very likely							author_emotional_response:::implausible or very unlikely			causal_explanation:::plausible and somewhat likely		prediction:::plausible and very likely							moral:::implausible or very unlikely			narrative_feeling:::plausible and somewhat likely		aesthetic_feeling:::plausible and very likely						character_appraisal:::plausible and somewhat likely		stance:::plausible and very likely						
630a8feaa8eef385f72dc1a5	e5nh5ma			overall_goal:::plausible and somewhat likely		narrative_intent:::plausible and very likely						author_emotional_response:::plausible and somewhat likely		causal_explanation:::plausible and very likely					prediction:::plausible but somewhat unlikely			moral:::plausible and very likely						narrative_feeling:::plausible and somewhat likely		aesthetic_feeling:::plausible and very likely						character_appraisal:::plausible and somewhat likely				stance:::plausible and somewhat likely				
630a8feaa8eef385f72dc1a5	Contextual-Reasoning-about-Narrative-Intents-and-Reactions-consent.html																																									I am age 18 or older.:::Yes	I have read and understand the information above.:::Yes	I want to participate in this research and continue with the study.:::Yes
6670695ddda879e28629fbe0	e6ojw6g	overall_goal:::plausible and very likely				narrative_intent:::plausible and very likely						author_emotional_response:::plausible and somewhat likely		causal_explanation:::plausible and very likely					prediction:::plausible but somewhat unlikely				moral:::plausible but somewhat unlikely			narrative_feeling:::plausible and very likely							aesthetic_feeling:::implausible or very unlikely		character_appraisal:::plausible but somewhat unlikely			stance:::plausible and very likely						
6670695ddda879e28629fbe0	e6m5jcy	overall_goal:::plausible and very likely				narrative_intent:::plausible and very likely				author_emotional_response:::plausible and very likely						causal_explanation:::plausible and somewhat likely				prediction:::implausible or very unlikely		moral:::plausible and very likely				narrative_feeling:::plausible and very likely						aesthetic_feeling:::plausible and somewhat likely		character_appraisal:::plausible and very likely							stance:::implausible or very unlikely			
6670695ddda879e28629fbe0	Contextual-Reasoning-about-Narrative-Intents-and-Reactions-consent.html																																									I am age 18 or older.:::Yes	I have read and understand the information above.:::Yes	I want to participate in this research and continue with the study.:::Yes
680e77f1b497bfe3d4df3514	e6ojw6g	overall_goal:::plausible and very likely						narrative_intent:::plausible and somewhat likely		author_emotional_response:::plausible and very likely				causal_explanation:::plausible and very likely				prediction:::plausible and very likely						moral:::plausible and somewhat likely		narrative_feeling:::plausible and very likely				aesthetic_feeling:::plausible and very likely				character_appraisal:::plausible and very likely						stance:::plausible and somewhat likely				
680e77f1b497bfe3d4df3514	e6m5jcy			overall_goal:::plausible and somewhat likely		narrative_intent:::plausible and very likely				author_emotional_response:::plausible and very likely						causal_explanation:::plausible and somewhat likely		prediction:::plausible and very likely				moral:::plausible and very likely				narrative_feeling:::plausible and very likely				aesthetic_feeling:::plausible and very likely						character_appraisal:::plausible and somewhat likely		stance:::plausible and very likely						
680e77f1b497bfe3d4df3514	Contextual-Reasoning-about-Narrative-Intents-and-Reactions-consent.html																																									I am age 18 or older.:::Yes	I have read and understand the information above.:::Yes	I want to participate in this research and continue with the study.:::Yes
67727321dbba1f283636b298	e6emiyu	overall_goal:::plausible and very likely				narrative_intent:::plausible and very likely						author_emotional_response:::plausible and somewhat likely					causal_explanation:::implausible or very unlikely	prediction:::plausible and very likely						moral:::plausible and somewhat likely		narrative_feeling:::plausible and very likely						aesthetic_feeling:::plausible and somewhat likely		character_appraisal:::plausible and very likely				stance:::plausible and very likely						
67727321dbba1f283636b298	Contextual-Reasoning-about-Narrative-Intents-and-Reactions-consent.html																																									I am age 18 or older.:::Yes	I have read and understand the information above.:::Yes	I want to participate in this research and continue with the study.:::Yes
67727321dbba1f283636b298	e6082x7	overall_goal:::plausible and very likely						narrative_intent:::plausible and somewhat likely			author_emotional_response:::plausible but somewhat unlikely			causal_explanation:::plausible and very likely							prediction:::plausible and somewhat likely		moral:::plausible but somewhat unlikely					narrative_feeling:::plausible and somewhat likely			aesthetic_feeling:::plausible but somewhat unlikely						character_appraisal:::implausible or very unlikely	stance:::plausible and very likely						
651c2cc23704dc10500ae77c	e6emiyu			overall_goal:::plausible and somewhat likely		narrative_intent:::plausible and very likely					author_emotional_response:::plausible but somewhat unlikely						causal_explanation:::implausible or very unlikely			prediction:::implausible or very unlikely			moral:::plausible but somewhat unlikely				narrative_feeling:::plausible but somewhat unlikely			aesthetic_feeling:::plausible and very likely						character_appraisal:::plausible and somewhat likely		stance:::plausible and very likely						
651c2cc23704dc10500ae77c	Contextual-Reasoning-about-Narrative-Intents-and-Reactions-consent.html																																									I am age 18 or older.:::Yes	I have read and understand the information above.:::Yes	I want to participate in this research and continue with the study.:::Yes
651c2cc23704dc10500ae77c	e6082x7	overall_goal:::plausible and very likely				narrative_intent:::plausible and very likely					author_emotional_response:::plausible but somewhat unlikely			causal_explanation:::plausible and very likely							prediction:::plausible and somewhat likely	moral:::plausible and very likely					narrative_feeling:::plausible but somewhat unlikely			aesthetic_feeling:::plausible and very likely							character_appraisal:::implausible or very unlikely	stance:::plausible and very likely						
675aaec58dfc729c338a52eb	e6jl9tp				overall_goal:::implausible or very unlikely			narrative_intent:::plausible and somewhat likely				author_emotional_response:::plausible and somewhat likely				causal_explanation:::plausible and somewhat likely					prediction:::plausible and somewhat likely		moral:::plausible but somewhat unlikely			narrative_feeling:::plausible and very likely						aesthetic_feeling:::plausible and somewhat likely					character_appraisal:::implausible or very unlikely			stance:::plausible and somewhat likely				
675aaec58dfc729c338a52eb	Contextual-Reasoning-about-Narrative-Intents-and-Reactions-consent.html																																									I am age 18 or older.:::Yes	I have read and understand the information above.:::Yes	I want to participate in this research and continue with the study.:::Yes
663d8f0edfd87b4c1f590b99	e68ekfg	overall_goal:::plausible and very likely				narrative_intent:::plausible and very likely				author_emotional_response:::plausible and very likely							causal_explanation:::implausible or very unlikely				prediction:::plausible and somewhat likely			moral:::plausible and somewhat likely		narrative_feeling:::plausible and very likely				aesthetic_feeling:::plausible and very likely				character_appraisal:::plausible and very likely						stance:::plausible and somewhat likely				
663d8f0edfd87b4c1f590b99	e6jl9tp				overall_goal:::implausible or very unlikely	narrative_intent:::plausible and very likely						author_emotional_response:::plausible and somewhat likely				causal_explanation:::plausible and somewhat likely					prediction:::plausible and somewhat likely			moral:::plausible and somewhat likely		narrative_feeling:::plausible and very likely				aesthetic_feeling:::plausible and very likely					character_appraisal:::plausible but somewhat unlikely					stance:::plausible and somewhat likely				
663d8f0edfd87b4c1f590b99	Contextual-Reasoning-about-Narrative-Intents-and-Reactions-consent.html																																									I am age 18 or older.:::Yes	I have read and understand the information above.:::Yes	I want to participate in this research and continue with the study.:::Yes
6701c01f6fb3d34d3bed389e	e6lrk0b			overall_goal:::plausible and somewhat likely				narrative_intent:::plausible and somewhat likely			author_emotional_response:::plausible but somewhat unlikely					causal_explanation:::plausible and somewhat likely					prediction:::plausible and somewhat likely	moral:::plausible and very likely						narrative_feeling:::plausible and somewhat likely					aesthetic_feeling:::implausible or very unlikely		character_appraisal:::plausible but somewhat unlikely					stance:::plausible and somewhat likely				
6701c01f6fb3d34d3bed389e	e5ntstw	overall_goal:::plausible and very likely						narrative_intent:::plausible and somewhat likely			author_emotional_response:::plausible but somewhat unlikely					causal_explanation:::plausible and somewhat likely					prediction:::plausible and somewhat likely			moral:::plausible and somewhat likely				narrative_feeling:::plausible and somewhat likely				aesthetic_feeling:::plausible and somewhat likely				character_appraisal:::plausible and somewhat likely				stance:::plausible and somewhat likely				
6701c01f6fb3d34d3bed389e	Contextual-Reasoning-about-Narrative-Intents-and-Reactions-consent.html																																									I am age 18 or older.:::Yes	I have read and understand the information above.:::Yes	I want to participate in this research and continue with the study.:::Yes
67ca44c542a5ebd3baf7d5e1	e6lrk0b			overall_goal:::plausible and somewhat likely		narrative_intent:::plausible and very likely					author_emotional_response:::plausible but somewhat unlikely					causal_explanation:::plausible and somewhat likely					prediction:::plausible and somewhat likely	moral:::plausible and very likely				narrative_feeling:::plausible and very likely				aesthetic_feeling:::plausible and very likely				character_appraisal:::plausible and very likely						stance:::plausible and somewhat likely				
67ca44c542a5ebd3baf7d5e1	e5ntstw	overall_goal:::plausible and very likely				narrative_intent:::plausible and very likely							author_emotional_response:::implausible or very unlikely			causal_explanation:::plausible and somewhat likely		prediction:::plausible and very likely						moral:::plausible and somewhat likely				narrative_feeling:::plausible and somewhat likely		aesthetic_feeling:::plausible and very likely					character_appraisal:::plausible but somewhat unlikely			stance:::plausible and very likely						
67ca44c542a5ebd3baf7d5e1	Contextual-Reasoning-about-Narrative-Intents-and-Reactions-consent.html																																									I am age 18 or older.:::Yes	I have read and understand the information above.:::Yes	I want to participate in this research and continue with the study.:::Yes
5b87dd09019cf60001a115b3	9j1hpc	overall_goal:::plausible and very likely							narrative_intent:::implausible or very unlikely			author_emotional_response:::plausible and somewhat likely		causal_explanation:::plausible and very likely				prediction:::plausible and very likely				moral:::plausible and very likely						narrative_feeling:::plausible and somewhat likely				aesthetic_feeling:::plausible and somewhat likely				character_appraisal:::plausible and somewhat likely				stance:::plausible and somewhat likely				
5b87dd09019cf60001a115b3	Contextual-Reasoning-about-Narrative-Intents-and-Reactions-consent.html																																									I am age 18 or older.:::Yes	I have read and understand the information above.:::Yes	I want to participate in this research and continue with the study.:::Yes
5b87dd09019cf60001a115b3	e5qjdxc	overall_goal:::plausible and very likely					narrative_intent:::plausible but somewhat unlikely						author_emotional_response:::implausible or very unlikely	causal_explanation:::plausible and very likely				prediction:::plausible and very likely				moral:::plausible and very likely						narrative_feeling:::plausible and somewhat likely				aesthetic_feeling:::plausible and somewhat likely			character_appraisal:::plausible but somewhat unlikely				stance:::plausible but somewhat unlikely					
56c8915edfea6c000cb29c98	9j1hpc	overall_goal:::plausible and very likely							narrative_intent:::implausible or very unlikely			author_emotional_response:::plausible and somewhat likely		causal_explanation:::plausible and very likely				prediction:::plausible and very likely						moral:::plausible and somewhat likely				narrative_feeling:::plausible and somewhat likely			aesthetic_feeling:::plausible but somewhat unlikely					character_appraisal:::plausible and somewhat likely				stance:::plausible and somewhat likely				
56c8915edfea6c000cb29c98	Contextual-Reasoning-about-Narrative-Intents-and-Reactions-consent.html																																									I am age 18 or older.:::Yes	I have read and understand the information above.:::Yes	I want to participate in this research and continue with the study.:::Yes
56c8915edfea6c000cb29c98	e5qjdxc	overall_goal:::plausible and very likely						narrative_intent:::plausible and somewhat likely					author_emotional_response:::implausible or very unlikely	causal_explanation:::plausible and very likely							prediction:::plausible and somewhat likely		moral:::plausible but somewhat unlikely					narrative_feeling:::plausible and somewhat likely			aesthetic_feeling:::plausible but somewhat unlikely					character_appraisal:::plausible and somewhat likely				stance:::plausible and somewhat likely				
67da6cb5faae2bb29a934c76	e61may9				overall_goal:::implausible or very unlikely		narrative_intent:::plausible but somewhat unlikely				author_emotional_response:::plausible but somewhat unlikely					causal_explanation:::plausible and somewhat likely				prediction:::implausible or very unlikely		moral:::plausible and very likely					narrative_feeling:::plausible but somewhat unlikely					aesthetic_feeling:::plausible and somewhat likely		character_appraisal:::plausible and very likely				stance:::plausible and very likely						
67da6cb5faae2bb29a934c76	Contextual-Reasoning-about-Narrative-Intents-and-Reactions-consent.html																																									I am age 18 or older.:::Yes	I have read and understand the information above.:::Yes	I want to participate in this research and continue with the study.:::Yes
67da6cb5faae2bb29a934c76	9it4if			overall_goal:::plausible and somewhat likely			narrative_intent:::plausible but somewhat unlikely					author_emotional_response:::plausible and somewhat likely		causal_explanation:::plausible and very likely				prediction:::plausible and very likely				moral:::plausible and very likely					narrative_feeling:::plausible but somewhat unlikely			aesthetic_feeling:::plausible and very likely							character_appraisal:::implausible or very unlikely			stance:::plausible and somewhat likely				
601848135aa9ba08c66cff6a	e61may9				overall_goal:::implausible or very unlikely				narrative_intent:::implausible or very unlikely			author_emotional_response:::plausible and somewhat likely		causal_explanation:::plausible and very likely							prediction:::plausible and somewhat likely		moral:::plausible but somewhat unlikely				narrative_feeling:::plausible but somewhat unlikely					aesthetic_feeling:::plausible and somewhat likely		character_appraisal:::plausible and very likely						stance:::plausible and somewhat likely				
601848135aa9ba08c66cff6a	Contextual-Reasoning-about-Narrative-Intents-and-Reactions-consent.html																																									I am age 18 or older.:::Yes	I have read and understand the information above.:::Yes	I want to participate in this research and continue with the study.:::Yes
601848135aa9ba08c66cff6a	9it4if			overall_goal:::plausible and somewhat likely		narrative_intent:::plausible and very likely						author_emotional_response:::plausible and somewhat likely			causal_explanation:::plausible but somewhat unlikely						prediction:::plausible and somewhat likely				moral:::implausible or very unlikely			narrative_feeling:::plausible and somewhat likely				aesthetic_feeling:::plausible and somewhat likely		character_appraisal:::plausible and very likely				stance:::plausible and very likely						
6718cc3b749c4925a6ac7b03	e6nfr50	overall_goal:::plausible and very likely				narrative_intent:::plausible and very likely						author_emotional_response:::plausible and somewhat likely			causal_explanation:::plausible but somewhat unlikely						prediction:::plausible and somewhat likely	moral:::plausible and very likely				narrative_feeling:::plausible and very likely					aesthetic_feeling:::plausible but somewhat unlikely						character_appraisal:::implausible or very unlikely	stance:::plausible and very likely						
6718cc3b749c4925a6ac7b03	e637z6v		overall_goal:::plausible but somewhat unlikely				narrative_intent:::plausible but somewhat unlikely					author_emotional_response:::plausible and somewhat likely		causal_explanation:::plausible and very likely				prediction:::plausible and very likely				moral:::plausible and very likely						narrative_feeling:::plausible and somewhat likely					aesthetic_feeling:::implausible or very unlikely			character_appraisal:::plausible and somewhat likely				stance:::plausible and somewhat likely				
6718cc3b749c4925a6ac7b03	Contextual-Reasoning-about-Narrative-Intents-and-Reactions-consent.html																																									I am age 18 or older.:::Yes	I have read and understand the information above.:::Yes	I want to participate in this research and continue with the study.:::Yes
5c309bb410677f0001dda0ed	e6nfr50	overall_goal:::plausible and very likely				narrative_intent:::plausible and very likely							author_emotional_response:::implausible or very unlikely			causal_explanation:::plausible and somewhat likely					prediction:::plausible and somewhat likely	moral:::plausible and very likely						narrative_feeling:::plausible and somewhat likely			aesthetic_feeling:::plausible but somewhat unlikely					character_appraisal:::plausible and somewhat likely		stance:::plausible and very likely						
5c309bb410677f0001dda0ed	e637z6v	overall_goal:::plausible and very likely				narrative_intent:::plausible and very likely						author_emotional_response:::plausible and somewhat likely			causal_explanation:::plausible but somewhat unlikely			prediction:::plausible and very likely						moral:::plausible and somewhat likely		narrative_feeling:::plausible and very likely							aesthetic_feeling:::implausible or very unlikely			character_appraisal:::plausible and somewhat likely		stance:::plausible and very likely						
5c309bb410677f0001dda0ed	Contextual-Reasoning-about-Narrative-Intents-and-Reactions-consent.html																																									I am age 18 or older.:::Yes	I have read and understand the information above.:::Yes	I want to participate in this research and continue with the study.:::Yes
607dc630d2d30aa7e8699c23	e6jlkte	overall_goal:::plausible and very likely				narrative_intent:::plausible and very likely						author_emotional_response:::plausible and somewhat likely				causal_explanation:::plausible and somewhat likely					prediction:::plausible and somewhat likely			moral:::plausible and somewhat likely		narrative_feeling:::plausible and very likely						aesthetic_feeling:::plausible and somewhat likely				character_appraisal:::plausible and somewhat likely				stance:::plausible and somewhat likely				
607dc630d2d30aa7e8699c23	e5tygp4			overall_goal:::plausible and somewhat likely		narrative_intent:::plausible and very likely						author_emotional_response:::plausible and somewhat likely			causal_explanation:::plausible but somewhat unlikely						prediction:::plausible and somewhat likely	moral:::plausible and very likely					narrative_feeling:::plausible but somewhat unlikely					aesthetic_feeling:::plausible and somewhat likely				character_appraisal:::plausible and somewhat likely				stance:::plausible and somewhat likely				
607dc630d2d30aa7e8699c23	Contextual-Reasoning-about-Narrative-Intents-and-Reactions-consent.html																																									I am age 18 or older.:::Yes	I have read and understand the information above.:::Yes	I want to participate in this research and continue with the study.:::Yes
5e8aa4d80eac7e756a72f478	e6jlkte	overall_goal:::plausible and very likely				narrative_intent:::plausible and very likely				author_emotional_response:::plausible and very likely				causal_explanation:::plausible and very likely							prediction:::plausible and somewhat likely	moral:::plausible and very likely				narrative_feeling:::plausible and very likely				aesthetic_feeling:::plausible and very likely					character_appraisal:::plausible but somewhat unlikely			stance:::plausible and very likely						
5e8aa4d80eac7e756a72f478	e5tygp4			overall_goal:::plausible and somewhat likely		narrative_intent:::plausible and very likely				author_emotional_response:::plausible and very likely				causal_explanation:::plausible and very likely					prediction:::plausible but somewhat unlikely					moral:::plausible and somewhat likely					narrative_feeling:::implausible or very unlikely			aesthetic_feeling:::plausible and somewhat likely				character_appraisal:::plausible and somewhat likely			stance:::plausible but somewhat unlikely					
5e8aa4d80eac7e756a72f478	Contextual-Reasoning-about-Narrative-Intents-and-Reactions-consent.html																																									I am age 18 or older.:::Yes	I have read and understand the information above.:::Yes	I want to participate in this research and continue with the study.:::Yes
583ec287ad2f4300014b355a	e5t2uje	overall_goal:::plausible and very likely				narrative_intent:::plausible and very likely						author_emotional_response:::plausible and somewhat likely				causal_explanation:::plausible and somewhat likely			prediction:::plausible but somewhat unlikely			moral:::plausible and very likely						narrative_feeling:::plausible and somewhat likely					aesthetic_feeling:::implausible or very unlikely			character_appraisal:::plausible and somewhat likely				stance:::plausible and somewhat likely				
583ec287ad2f4300014b355a	e6q77r3				overall_goal:::implausible or very unlikely	narrative_intent:::plausible and very likely							author_emotional_response:::implausible or very unlikely	causal_explanation:::plausible and very likely				prediction:::plausible and very likely				moral:::plausible and very likely					narrative_feeling:::plausible but somewhat unlikely						aesthetic_feeling:::implausible or very unlikely				character_appraisal:::implausible or very unlikely			stance:::plausible and somewhat likely				
583ec287ad2f4300014b355a	Contextual-Reasoning-about-Narrative-Intents-and-Reactions-consent.html																																									I am age 18 or older.:::Yes	I have read and understand the information above.:::Yes	I want to participate in this research and continue with the study.:::Yes
5c395df5f5ebd50001850900	e5t2uje	overall_goal:::plausible and very likely						narrative_intent:::plausible and somewhat likely				author_emotional_response:::plausible and somewhat likely		causal_explanation:::plausible and very likely				prediction:::plausible and very likely				moral:::plausible and very likely						narrative_feeling:::plausible and somewhat likely					aesthetic_feeling:::implausible or very unlikely	character_appraisal:::plausible and very likely						stance:::plausible and somewhat likely				
5c395df5f5ebd50001850900	e6q77r3	overall_goal:::plausible and very likely				narrative_intent:::plausible and very likely							author_emotional_response:::implausible or very unlikely	causal_explanation:::plausible and very likely							prediction:::plausible and somewhat likely			moral:::plausible and somewhat likely			narrative_feeling:::plausible but somewhat unlikely					aesthetic_feeling:::plausible and somewhat likely				character_appraisal:::plausible and somewhat likely				stance:::plausible and somewhat likely				
5c395df5f5ebd50001850900	Contextual-Reasoning-about-Narrative-Intents-and-Reactions-consent.html																																									I am age 18 or older.:::Yes	I have read and understand the information above.:::Yes	I want to participate in this research and continue with the study.:::Yes
5daf506a5bd1b30013605e31	e5zg12c			overall_goal:::plausible and somewhat likely				narrative_intent:::plausible and somewhat likely		author_emotional_response:::plausible and very likely				causal_explanation:::plausible and very likely					prediction:::plausible but somewhat unlikely					moral:::plausible and somewhat likely				narrative_feeling:::plausible and somewhat likely				aesthetic_feeling:::plausible and somewhat likely				character_appraisal:::plausible and somewhat likely			stance:::plausible but somewhat unlikely					
5daf506a5bd1b30013605e31	e57lfvq	overall_goal:::plausible and very likely						narrative_intent:::plausible and somewhat likely				author_emotional_response:::plausible and somewhat likely				causal_explanation:::plausible and somewhat likely					prediction:::plausible and somewhat likely	moral:::plausible and very likely						narrative_feeling:::plausible and somewhat likely				aesthetic_feeling:::plausible and somewhat likely				character_appraisal:::plausible and somewhat likely				stance:::plausible and somewhat likely				
5daf506a5bd1b30013605e31	Contextual-Reasoning-about-Narrative-Intents-and-Reactions-consent.html																																									I am age 18 or older.:::Yes	I have read and understand the information above.:::Yes	I want to participate in this research and continue with the study.:::Yes
6286c49fc49ab4b3b78d06a2	e5zg12c	overall_goal:::plausible and very likely				narrative_intent:::plausible and very likely						author_emotional_response:::plausible and somewhat likely		causal_explanation:::plausible and very likely						prediction:::implausible or very unlikely					moral:::implausible or very unlikely			narrative_feeling:::plausible and somewhat likely				aesthetic_feeling:::plausible and somewhat likely					character_appraisal:::implausible or very unlikely	stance:::plausible and very likely						
6286c49fc49ab4b3b78d06a2	e57lfvq	overall_goal:::plausible and very likely				narrative_intent:::plausible and very likely				author_emotional_response:::plausible and very likely						causal_explanation:::plausible and somewhat likely		prediction:::plausible and very likely					moral:::plausible but somewhat unlikely						narrative_feeling:::implausible or very unlikely				aesthetic_feeling:::implausible or very unlikely			character_appraisal:::plausible and somewhat likely				stance:::plausible and somewhat likely				
6286c49fc49ab4b3b78d06a2	Contextual-Reasoning-about-Narrative-Intents-and-Reactions-consent.html																																									I am age 18 or older.:::Yes	I have read and understand the information above.:::Yes	I want to participate in this research and continue with the study.:::Yes
66240955715b3b45903381ed	e6lszfu			overall_goal:::plausible and somewhat likely		narrative_intent:::plausible and very likely						author_emotional_response:::plausible and somewhat likely		causal_explanation:::plausible and very likely							prediction:::plausible and somewhat likely				moral:::implausible or very unlikely			narrative_feeling:::plausible and somewhat likely				aesthetic_feeling:::plausible and somewhat likely			character_appraisal:::plausible but somewhat unlikely					stance:::plausible and somewhat likely				
66240955715b3b45903381ed	e6jopi2			overall_goal:::plausible and somewhat likely					narrative_intent:::implausible or very unlikely		author_emotional_response:::plausible but somewhat unlikely					causal_explanation:::plausible and somewhat likely					prediction:::plausible and somewhat likely	moral:::plausible and very likely						narrative_feeling:::plausible and somewhat likely				aesthetic_feeling:::plausible and somewhat likely			character_appraisal:::plausible but somewhat unlikely					stance:::plausible and somewhat likely				
66240955715b3b45903381ed	Contextual-Reasoning-about-Narrative-Intents-and-Reactions-consent.html																																									I am age 18 or older.:::Yes	I have read and understand the information above.:::Yes	I want to participate in this research and continue with the study.:::Yes
67f020ded233a50f479c4c87	e6lszfu	overall_goal:::plausible and very likely				narrative_intent:::plausible and very likely						author_emotional_response:::plausible and somewhat likely		causal_explanation:::plausible and very likely				prediction:::plausible and very likely							moral:::implausible or very unlikely	narrative_feeling:::plausible and very likely				aesthetic_feeling:::plausible and very likely				character_appraisal:::plausible and very likely				stance:::plausible and very likely						
67f020ded233a50f479c4c87	e6jopi2	overall_goal:::plausible and very likely							narrative_intent:::implausible or very unlikely			author_emotional_response:::plausible and somewhat likely		causal_explanation:::plausible and very likely				prediction:::plausible and very likely						moral:::plausible and somewhat likely				narrative_feeling:::plausible and somewhat likely		aesthetic_feeling:::plausible and very likely				character_appraisal:::plausible and very likely				stance:::plausible and very likely						
67f020ded233a50f479c4c87	Contextual-Reasoning-about-Narrative-Intents-and-Reactions-consent.html																																									I am age 18 or older.:::Yes	I have read and understand the information above.:::Yes	I want to participate in this research and continue with the study.:::Yes
5c747b0f181ad300113363ed	9job99			overall_goal:::plausible and somewhat likely		narrative_intent:::plausible and very likely						author_emotional_response:::plausible and somewhat likely				causal_explanation:::plausible and somewhat likely		prediction:::plausible and very likely				moral:::plausible and very likely				narrative_feeling:::plausible and very likely					aesthetic_feeling:::plausible but somewhat unlikely					character_appraisal:::plausible and somewhat likely				stance:::plausible and somewhat likely				
5c747b0f181ad300113363ed	e5epqm3			overall_goal:::plausible and somewhat likely				narrative_intent:::plausible and somewhat likely				author_emotional_response:::plausible and somewhat likely				causal_explanation:::plausible and somewhat likely					prediction:::plausible and somewhat likely			moral:::plausible and somewhat likely				narrative_feeling:::plausible and somewhat likely				aesthetic_feeling:::plausible and somewhat likely			character_appraisal:::plausible but somewhat unlikely						stance:::implausible or very unlikely			
5c747b0f181ad300113363ed	Contextual-Reasoning-about-Narrative-Intents-and-Reactions-consent.html																																									I am age 18 or older.:::Yes	I have read and understand the information above.:::Yes	I want to participate in this research and continue with the study.:::Yes
682b76cd7d1dde59f69b3b71	9job99	overall_goal:::plausible and very likely						narrative_intent:::plausible and somewhat likely			author_emotional_response:::plausible but somewhat unlikely					causal_explanation:::plausible and somewhat likely		prediction:::plausible and very likely				moral:::plausible and very likely				narrative_feeling:::plausible and very likely					aesthetic_feeling:::plausible but somewhat unlikely			character_appraisal:::plausible and very likely				stance:::plausible and very likely						
682b76cd7d1dde59f69b3b71	e5epqm3	overall_goal:::plausible and very likely				narrative_intent:::plausible and very likely				author_emotional_response:::plausible and very likely				causal_explanation:::plausible and very likely				prediction:::plausible and very likely				moral:::plausible and very likely						narrative_feeling:::plausible and somewhat likely				aesthetic_feeling:::plausible and somewhat likely		character_appraisal:::plausible and very likely					stance:::plausible but somewhat unlikely					
682b76cd7d1dde59f69b3b71	Contextual-Reasoning-about-Narrative-Intents-and-Reactions-consent.html																																									I am age 18 or older.:::Yes	I have read and understand the information above.:::Yes	I want to participate in this research and continue with the study.:::Yes
63a9a8f2f098b7e45bd03721	e57j7c4			overall_goal:::plausible and somewhat likely				narrative_intent:::plausible and somewhat likely					author_emotional_response:::implausible or very unlikely	causal_explanation:::plausible and very likely					prediction:::plausible but somewhat unlikely			moral:::plausible and very likely							narrative_feeling:::implausible or very unlikely			aesthetic_feeling:::plausible and somewhat likely		character_appraisal:::plausible and very likely				stance:::plausible and very likely						
63a9a8f2f098b7e45bd03721	e5d48vs			overall_goal:::plausible and somewhat likely		narrative_intent:::plausible and very likely					author_emotional_response:::plausible but somewhat unlikely			causal_explanation:::plausible and very likely				prediction:::plausible and very likely				moral:::plausible and very likely							narrative_feeling:::implausible or very unlikely		aesthetic_feeling:::plausible but somewhat unlikely						character_appraisal:::implausible or very unlikely			stance:::plausible and somewhat likely				
63a9a8f2f098b7e45bd03721	Contextual-Reasoning-about-Narrative-Intents-and-Reactions-consent.html																																									I am age 18 or older.:::Yes	I have read and understand the information above.:::Yes	I want to participate in this research and continue with the study.:::Yes
5ed2bb7a67d51b24b2ac4037	e57j7c4	overall_goal:::plausible and very likely						narrative_intent:::plausible and somewhat likely					author_emotional_response:::implausible or very unlikely			causal_explanation:::plausible and somewhat likely		prediction:::plausible and very likely					moral:::plausible but somewhat unlikely						narrative_feeling:::implausible or very unlikely				aesthetic_feeling:::implausible or very unlikely	character_appraisal:::plausible and very likely				stance:::plausible and very likely						
5ed2bb7a67d51b24b2ac4037	e5d48vs			overall_goal:::plausible and somewhat likely		narrative_intent:::plausible and very likely						author_emotional_response:::plausible and somewhat likely		causal_explanation:::plausible and very likely				prediction:::plausible and very likely				moral:::plausible and very likely							narrative_feeling:::implausible or very unlikely	aesthetic_feeling:::plausible and very likely							character_appraisal:::implausible or very unlikely		stance:::plausible but somewhat unlikely					
5ed2bb7a67d51b24b2ac4037	Contextual-Reasoning-about-Narrative-Intents-and-Reactions-consent.html																																									I am age 18 or older.:::Yes	I have read and understand the information above.:::Yes	I want to participate in this research and continue with the study.:::Yes
6272b9dfc470a51d5fa0e6ea	e6a8us5	overall_goal:::plausible and very likely				narrative_intent:::plausible and very likely				author_emotional_response:::plausible and very likely				causal_explanation:::plausible and very likely					prediction:::plausible but somewhat unlikely					moral:::plausible and somewhat likely				narrative_feeling:::plausible and somewhat likely				aesthetic_feeling:::plausible and somewhat likely				character_appraisal:::plausible and somewhat likely				stance:::plausible and somewhat likely				
6272b9dfc470a51d5fa0e6ea	e6nf44c	overall_goal:::plausible and very likely							narrative_intent:::implausible or very unlikely			author_emotional_response:::plausible and somewhat likely		causal_explanation:::plausible and very likely							prediction:::plausible and somewhat likely	moral:::plausible and very likely					narrative_feeling:::plausible but somewhat unlikely			aesthetic_feeling:::plausible and very likely						character_appraisal:::plausible and somewhat likely				stance:::plausible and somewhat likely				
6272b9dfc470a51d5fa0e6ea	Contextual-Reasoning-about-Narrative-Intents-and-Reactions-consent.html																																									I am age 18 or older.:::Yes	I have read and understand the information above.:::Yes	I want to participate in this research and continue with the study.:::Yes
5e7a2ccd69a7770604dfb352	e6a8us5	overall_goal:::plausible and very likely				narrative_intent:::plausible and very likely						author_emotional_response:::plausible and somewhat likely			causal_explanation:::plausible but somewhat unlikely			prediction:::plausible and very likely						moral:::plausible and somewhat likely		narrative_feeling:::plausible and very likely				aesthetic_feeling:::plausible and very likely						character_appraisal:::plausible and somewhat likely					stance:::implausible or very unlikely			
5e7a2ccd69a7770604dfb352	e6nf44c	overall_goal:::plausible and very likely							narrative_intent:::implausible or very unlikely		author_emotional_response:::plausible but somewhat unlikely			causal_explanation:::plausible and very likely							prediction:::plausible and somewhat likely	moral:::plausible and very likely					narrative_feeling:::plausible but somewhat unlikely				aesthetic_feeling:::plausible but somewhat unlikely					character_appraisal:::plausible and somewhat likely		stance:::plausible and very likely						
5e7a2ccd69a7770604dfb352	Contextual-Reasoning-about-Narrative-Intents-and-Reactions-consent.html																																									I am age 18 or older.:::Yes	I have read and understand the information above.:::Yes	I want to participate in this research and continue with the study.:::Yes
67eaa46b7bb6cbefdcbde74c	e6cdhkk				overall_goal:::implausible or very unlikely	narrative_intent:::plausible and very likely				author_emotional_response:::plausible and very likely				causal_explanation:::plausible and very likely							prediction:::plausible and somewhat likely	moral:::plausible and very likely				narrative_feeling:::plausible and very likely						aesthetic_feeling:::plausible and somewhat likely				character_appraisal:::plausible and somewhat likely		stance:::plausible and very likely						
67eaa46b7bb6cbefdcbde74c	e6r81fb			overall_goal:::plausible and somewhat likely		narrative_intent:::plausible and very likely						author_emotional_response:::plausible and somewhat likely		causal_explanation:::plausible and very likely					prediction:::plausible but somewhat unlikely					moral:::plausible and somewhat likely				narrative_feeling:::plausible and somewhat likely		aesthetic_feeling:::plausible and very likely					character_appraisal:::plausible but somewhat unlikely						stance:::implausible or very unlikely			
67eaa46b7bb6cbefdcbde74c	Contextual-Reasoning-about-Narrative-Intents-and-Reactions-consent.html																																									I am age 18 or older.:::Yes	I have read and understand the information above.:::Yes	I want to participate in this research and continue with the study.:::Yes
6825af939111d286546fdde6	e6cdhkk			overall_goal:::plausible and somewhat likely				narrative_intent:::plausible and somewhat likely					author_emotional_response:::implausible or very unlikely				causal_explanation:::implausible or very unlikely		prediction:::plausible but somewhat unlikely			moral:::plausible and very likely							narrative_feeling:::implausible or very unlikely		aesthetic_feeling:::plausible but somewhat unlikely			character_appraisal:::plausible and very likely						stance:::plausible and somewhat likely				
6825af939111d286546fdde6	e6r81fb			overall_goal:::plausible and somewhat likely				narrative_intent:::plausible and somewhat likely			author_emotional_response:::plausible but somewhat unlikely			causal_explanation:::plausible and very likely							prediction:::plausible and somewhat likely				moral:::implausible or very unlikely			narrative_feeling:::plausible and somewhat likely				aesthetic_feeling:::plausible and somewhat likely				character_appraisal:::plausible and somewhat likely			stance:::plausible but somewhat unlikely					
6825af939111d286546fdde6	Contextual-Reasoning-about-Narrative-Intents-and-Reactions-consent.html																																									I am age 18 or older.:::Yes	I have read and understand the information above.:::Yes	I want to participate in this research and continue with the study.:::Yes
6726f38cd14d8ba8644f2bcf	e6enttu	overall_goal:::plausible and very likely						narrative_intent:::plausible and somewhat likely			author_emotional_response:::plausible but somewhat unlikely				causal_explanation:::plausible but somewhat unlikely			prediction:::plausible and very likely					moral:::plausible but somewhat unlikely						narrative_feeling:::implausible or very unlikely			aesthetic_feeling:::plausible and somewhat likely				character_appraisal:::plausible and somewhat likely				stance:::plausible and somewhat likely				
6726f38cd14d8ba8644f2bcf	9fhhk2			overall_goal:::plausible and somewhat likely				narrative_intent:::plausible and somewhat likely				author_emotional_response:::plausible and somewhat likely					causal_explanation:::implausible or very unlikely		prediction:::plausible but somewhat unlikely			moral:::plausible and very likely						narrative_feeling:::plausible and somewhat likely		aesthetic_feeling:::plausible and very likely				character_appraisal:::plausible and very likely				stance:::plausible and very likely						
6726f38cd14d8ba8644f2bcf	Contextual-Reasoning-about-Narrative-Intents-and-Reactions-consent.html																																									I am age 18 or older.:::Yes	I have read and understand the information above.:::Yes	I want to participate in this research and continue with the study.:::Yes
67f1626e4525cfea0f0a9753	Contextual-Reasoning-about-Narrative-Intents-and-Reactions-consent.html																																									I am age 18 or older.:::Yes	I have read and understand the information above.:::Yes	I want to participate in this research and continue with the study.:::Yes
5f518c4fb3a4953e4f9f7e18	e6n70d2			overall_goal:::plausible and somewhat likely					narrative_intent:::implausible or very unlikely	author_emotional_response:::plausible and very likely					causal_explanation:::plausible but somewhat unlikely					prediction:::implausible or very unlikely				moral:::plausible and somewhat likely		narrative_feeling:::plausible and very likely						aesthetic_feeling:::plausible and somewhat likely			character_appraisal:::plausible but somewhat unlikely				stance:::plausible but somewhat unlikely					
5f518c4fb3a4953e4f9f7e18	e5yv7ax	overall_goal:::plausible and very likely						narrative_intent:::plausible and somewhat likely			author_emotional_response:::plausible but somewhat unlikely						causal_explanation:::implausible or very unlikely	prediction:::plausible and very likely						moral:::plausible and somewhat likely				narrative_feeling:::plausible and somewhat likely				aesthetic_feeling:::plausible and somewhat likely				character_appraisal:::plausible and somewhat likely			stance:::plausible but somewhat unlikely					
5f518c4fb3a4953e4f9f7e18	Contextual-Reasoning-about-Narrative-Intents-and-Reactions-consent.html																																									I am age 18 or older.:::Yes	I have read and understand the information above.:::Yes	I want to participate in this research and continue with the study.:::Yes
64135b2efa1c09f8a0b91bd4	e6n70d2	overall_goal:::plausible and very likely					narrative_intent:::plausible but somewhat unlikely			author_emotional_response:::plausible and very likely				causal_explanation:::plausible and very likely							prediction:::plausible and somewhat likely			moral:::plausible and somewhat likely		narrative_feeling:::plausible and very likely						aesthetic_feeling:::plausible and somewhat likely		character_appraisal:::plausible and very likely						stance:::plausible and somewhat likely				
64135b2efa1c09f8a0b91bd4	e5yv7ax	overall_goal:::plausible and very likely				narrative_intent:::plausible and very likely						author_emotional_response:::plausible and somewhat likely					causal_explanation:::implausible or very unlikely				prediction:::plausible and somewhat likely			moral:::plausible and somewhat likely				narrative_feeling:::plausible and somewhat likely				aesthetic_feeling:::plausible and somewhat likely				character_appraisal:::plausible and somewhat likely		stance:::plausible and very likely						
64135b2efa1c09f8a0b91bd4	Contextual-Reasoning-about-Narrative-Intents-and-Reactions-consent.html																																									I am age 18 or older.:::Yes	I have read and understand the information above.:::Yes	I want to participate in this research and continue with the study.:::Yes
663cc8df4e65d79a540bed2e	e6hk6xd	overall_goal:::plausible and very likely					narrative_intent:::plausible but somewhat unlikely			author_emotional_response:::plausible and very likely							causal_explanation:::implausible or very unlikely	prediction:::plausible and very likely						moral:::plausible and somewhat likely					narrative_feeling:::implausible or very unlikely	aesthetic_feeling:::plausible and very likely					character_appraisal:::plausible but somewhat unlikely			stance:::plausible and very likely						
663cc8df4e65d79a540bed2e	Contextual-Reasoning-about-Narrative-Intents-and-Reactions-consent.html																																									I am age 18 or older.:::Yes	I have read and understand the information above.:::Yes	I want to participate in this research and continue with the study.:::Yes
663cc8df4e65d79a540bed2e	e6p0wxp	overall_goal:::plausible and very likely				narrative_intent:::plausible and very likely				author_emotional_response:::plausible and very likely				causal_explanation:::plausible and very likely				prediction:::plausible and very likely				moral:::plausible and very likely							narrative_feeling:::implausible or very unlikely	aesthetic_feeling:::plausible and very likely				character_appraisal:::plausible and very likely				stance:::plausible and very likely						
65c0ed76e2e195876cfd9b74	e6hk6xd	overall_goal:::plausible and very likely				narrative_intent:::plausible and very likely				author_emotional_response:::plausible and very likely						causal_explanation:::plausible and somewhat likely					prediction:::plausible and somewhat likely			moral:::plausible and somewhat likely				narrative_feeling:::plausible and somewhat likely				aesthetic_feeling:::plausible and somewhat likely			character_appraisal:::plausible but somewhat unlikely					stance:::plausible and somewhat likely				
65c0ed76e2e195876cfd9b74	Contextual-Reasoning-about-Narrative-Intents-and-Reactions-consent.html																																									I am age 18 or older.:::Yes	I have read and understand the information above.:::Yes	I want to participate in this research and continue with the study.:::Yes
65c0ed76e2e195876cfd9b74	e6p0wxp	overall_goal:::plausible and very likely				narrative_intent:::plausible and very likely				author_emotional_response:::plausible and very likely						causal_explanation:::plausible and somewhat likely					prediction:::plausible and somewhat likely	moral:::plausible and very likely							narrative_feeling:::implausible or very unlikely			aesthetic_feeling:::plausible and somewhat likely			character_appraisal:::plausible but somewhat unlikely					stance:::plausible and somewhat likely				
63db28baa4a5f06f19e7efc8	e5ugyed		overall_goal:::plausible but somewhat unlikely			narrative_intent:::plausible and very likely				author_emotional_response:::plausible and very likely				causal_explanation:::plausible and very likely							prediction:::plausible and somewhat likely	moral:::plausible and very likely				narrative_feeling:::plausible and very likely							aesthetic_feeling:::implausible or very unlikely			character_appraisal:::plausible and somewhat likely		stance:::plausible and very likely						
63db28baa4a5f06f19e7efc8	e5canpe			overall_goal:::plausible and somewhat likely					narrative_intent:::implausible or very unlikely		author_emotional_response:::plausible but somewhat unlikely					causal_explanation:::plausible and somewhat likely		prediction:::plausible and very likely				moral:::plausible and very likely				narrative_feeling:::plausible and very likely				aesthetic_feeling:::plausible and very likely						character_appraisal:::plausible and somewhat likely		stance:::plausible and very likely						
63db28baa4a5f06f19e7efc8	Contextual-Reasoning-about-Narrative-Intents-and-Reactions-consent.html																																									I am age 18 or older.:::Yes	I have read and understand the information above.:::Yes	I want to participate in this research and continue with the study.:::Yes
62926f5a375553f13d68bc92	e5ugyed	overall_goal:::plausible and very likely				narrative_intent:::plausible and very likely						author_emotional_response:::plausible and somewhat likely		causal_explanation:::plausible and very likely				prediction:::plausible and very likely						moral:::plausible and somewhat likely				narrative_feeling:::plausible and somewhat likely					aesthetic_feeling:::implausible or very unlikely			character_appraisal:::plausible and somewhat likely				stance:::plausible and somewhat likely				
62926f5a375553f13d68bc92	e5canpe			overall_goal:::plausible and somewhat likely					narrative_intent:::implausible or very unlikely	author_emotional_response:::plausible and very likely						causal_explanation:::plausible and somewhat likely			prediction:::plausible but somewhat unlikely			moral:::plausible and very likely						narrative_feeling:::plausible and somewhat likely		aesthetic_feeling:::plausible and very likely					character_appraisal:::plausible but somewhat unlikely						stance:::implausible or very unlikely			
62926f5a375553f13d68bc92	Contextual-Reasoning-about-Narrative-Intents-and-Reactions-consent.html																																									I am age 18 or older.:::Yes	I have read and understand the information above.:::Yes	I want to participate in this research and continue with the study.:::Yes
67f1f1da7bcf771d82870233	e66hrej	overall_goal:::plausible and very likely				narrative_intent:::plausible and very likely				author_emotional_response:::plausible and very likely				causal_explanation:::plausible and very likely				prediction:::plausible and very likely							moral:::implausible or very unlikely	narrative_feeling:::plausible and very likely				aesthetic_feeling:::plausible and very likely				character_appraisal:::plausible and very likely				stance:::plausible and very likely						
67f1f1da7bcf771d82870233	e6amjzy				overall_goal:::implausible or very unlikely	narrative_intent:::plausible and very likely				author_emotional_response:::plausible and very likely				causal_explanation:::plausible and very likely				prediction:::plausible and very likely						moral:::plausible and somewhat likely		narrative_feeling:::plausible and very likely				aesthetic_feeling:::plausible and very likely					character_appraisal:::plausible but somewhat unlikely			stance:::plausible and very likely						
67f1f1da7bcf771d82870233	Contextual-Reasoning-about-Narrative-Intents-and-Reactions-consent.html																																									I am age 18 or older.:::Yes	I have read and understand the information above.:::Yes	I want to participate in this research and continue with the study.:::Yes
67f1cc26973bd7f41512c209	e66hrej	overall_goal:::plausible and very likely				narrative_intent:::plausible and very likely				author_emotional_response:::plausible and very likely						causal_explanation:::plausible and somewhat likely			prediction:::plausible but somewhat unlikely						moral:::implausible or very unlikely			narrative_feeling:::plausible and somewhat likely		aesthetic_feeling:::plausible and very likely						character_appraisal:::plausible and somewhat likely		stance:::plausible and very likely						
67f1cc26973bd7f41512c209	e6amjzy	overall_goal:::plausible and very likely							narrative_intent:::implausible or very unlikely			author_emotional_response:::plausible and somewhat likely				causal_explanation:::plausible and somewhat likely			prediction:::plausible but somewhat unlikely			moral:::plausible and very likely						narrative_feeling:::plausible and somewhat likely				aesthetic_feeling:::plausible and somewhat likely			character_appraisal:::plausible but somewhat unlikely			stance:::plausible and very likely						
67f1cc26973bd7f41512c209	Contextual-Reasoning-about-Narrative-Intents-and-Reactions-consent.html																																									I am age 18 or older.:::Yes	I have read and understand the information above.:::Yes	I want to participate in this research and continue with the study.:::Yes
5ff07b5ee7a1d23e719e421e	9h12rz	overall_goal:::plausible and very likely				narrative_intent:::plausible and very likely				author_emotional_response:::plausible and very likely						causal_explanation:::plausible and somewhat likely					prediction:::plausible and somewhat likely		moral:::plausible but somewhat unlikely			narrative_feeling:::plausible and very likely				aesthetic_feeling:::plausible and very likely						character_appraisal:::plausible and somewhat likely				stance:::plausible and somewhat likely				
5ff07b5ee7a1d23e719e421e	e5v9iix	overall_goal:::plausible and very likely				narrative_intent:::plausible and very likely				author_emotional_response:::plausible and very likely							causal_explanation:::implausible or very unlikely				prediction:::plausible and somewhat likely	moral:::plausible and very likely				narrative_feeling:::plausible and very likely				aesthetic_feeling:::plausible and very likely						character_appraisal:::plausible and somewhat likely		stance:::plausible and very likely						
5ff07b5ee7a1d23e719e421e	Contextual-Reasoning-about-Narrative-Intents-and-Reactions-consent.html																																									I am age 18 or older.:::Yes	I have read and understand the information above.:::Yes	I want to participate in this research and continue with the study.:::Yes
560ce65601c38a0012769e20	Contextual-Reasoning-about-Narrative-Intents-and-Reactions-consent.html																																									I am age 18 or older.:::Yes	I have read and understand the information above.:::Yes	I want to participate in this research and continue with the study.:::Yes
56e60e39f7957b000b18e37b	e6f3d35		overall_goal:::plausible but somewhat unlikely					narrative_intent:::plausible and somewhat likely		author_emotional_response:::plausible and very likely				causal_explanation:::plausible and very likely							prediction:::plausible and somewhat likely			moral:::plausible and somewhat likely			narrative_feeling:::plausible but somewhat unlikely					aesthetic_feeling:::plausible and somewhat likely					character_appraisal:::implausible or very unlikely		stance:::plausible but somewhat unlikely					
56e60e39f7957b000b18e37b	e5dkh3d	overall_goal:::plausible and very likely							narrative_intent:::implausible or very unlikely			author_emotional_response:::plausible and somewhat likely		causal_explanation:::plausible and very likely							prediction:::plausible and somewhat likely		moral:::plausible but somewhat unlikely				narrative_feeling:::plausible but somewhat unlikely						aesthetic_feeling:::implausible or very unlikely		character_appraisal:::plausible but somewhat unlikely				stance:::plausible but somewhat unlikely					
56e60e39f7957b000b18e37b	Contextual-Reasoning-about-Narrative-Intents-and-Reactions-consent.html																																									I am age 18 or older.:::Yes	I have read and understand the information above.:::Yes	I want to participate in this research and continue with the study.:::Yes
59d7c0f750f88f000161eb21	e6f3d35				overall_goal:::implausible or very unlikely	narrative_intent:::plausible and very likely				author_emotional_response:::plausible and very likely				causal_explanation:::plausible and very likely					prediction:::plausible but somewhat unlikely				moral:::plausible but somewhat unlikely			narrative_feeling:::plausible and very likely						aesthetic_feeling:::plausible and somewhat likely				character_appraisal:::plausible and somewhat likely		stance:::plausible and very likely						
59d7c0f750f88f000161eb21	e5dkh3d	overall_goal:::plausible and very likely							narrative_intent:::implausible or very unlikely	author_emotional_response:::plausible and very likely				causal_explanation:::plausible and very likely					prediction:::plausible but somewhat unlikely				moral:::plausible but somewhat unlikely				narrative_feeling:::plausible but somewhat unlikely			aesthetic_feeling:::plausible and very likely				character_appraisal:::plausible and very likely				stance:::plausible and very likely						
59d7c0f750f88f000161eb21	Contextual-Reasoning-about-Narrative-Intents-and-Reactions-consent.html																																									I am age 18 or older.:::Yes	I have read and understand the information above.:::Yes	I want to participate in this research and continue with the study.:::Yes
67ebfd4d8ea1101322300f73	e6if4t6	overall_goal:::plausible and very likely				narrative_intent:::plausible and very likely						author_emotional_response:::plausible and somewhat likely		causal_explanation:::plausible and very likely							prediction:::plausible and somewhat likely	moral:::plausible and very likely				narrative_feeling:::plausible and very likely							aesthetic_feeling:::implausible or very unlikely	character_appraisal:::plausible and very likely				stance:::plausible and very likely						
67ebfd4d8ea1101322300f73	e6nameo				overall_goal:::implausible or very unlikely	narrative_intent:::plausible and very likely				author_emotional_response:::plausible and very likely				causal_explanation:::plausible and very likely				prediction:::plausible and very likely						moral:::plausible and somewhat likely		narrative_feeling:::plausible and very likely				aesthetic_feeling:::plausible and very likely				character_appraisal:::plausible and very likely				stance:::plausible and very likely						
67ebfd4d8ea1101322300f73	Contextual-Reasoning-about-Narrative-Intents-and-Reactions-consent.html																																									I am age 18 or older.:::Yes	I have read and understand the information above.:::Yes	I want to participate in this research and continue with the study.:::Yes
67ed75fa0c2423e85f8b3c8b	e6if4t6			overall_goal:::plausible and somewhat likely				narrative_intent:::plausible and somewhat likely		author_emotional_response:::plausible and very likely					causal_explanation:::plausible but somewhat unlikely			prediction:::plausible and very likely				moral:::plausible and very likely				narrative_feeling:::plausible and very likely				aesthetic_feeling:::plausible and very likely						character_appraisal:::plausible and somewhat likely				stance:::plausible and somewhat likely				
67ed75fa0c2423e85f8b3c8b	e6nameo		overall_goal:::plausible but somewhat unlikely					narrative_intent:::plausible and somewhat likely		author_emotional_response:::plausible and very likely					causal_explanation:::plausible but somewhat unlikely						prediction:::plausible and somewhat likely			moral:::plausible and somewhat likely					narrative_feeling:::implausible or very unlikely		aesthetic_feeling:::plausible but somewhat unlikely					character_appraisal:::plausible and somewhat likely				stance:::plausible and somewhat likely				
67ed75fa0c2423e85f8b3c8b	Contextual-Reasoning-about-Narrative-Intents-and-Reactions-consent.html																																									I am age 18 or older.:::Yes	I have read and understand the information above.:::Yes	I want to participate in this research and continue with the study.:::Yes
67ecfa7df0970893cb81a3c3	e5dzb4h			overall_goal:::plausible and somewhat likely			narrative_intent:::plausible but somewhat unlikely					author_emotional_response:::plausible and somewhat likely			causal_explanation:::plausible but somewhat unlikely						prediction:::plausible and somewhat likely			moral:::plausible and somewhat likely				narrative_feeling:::plausible and somewhat likely			aesthetic_feeling:::plausible but somewhat unlikely					character_appraisal:::plausible and somewhat likely				stance:::plausible and somewhat likely				
67ecfa7df0970893cb81a3c3	Contextual-Reasoning-about-Narrative-Intents-and-Reactions-consent.html																																									I am age 18 or older.:::Yes	I have read and understand the information above.:::Yes	I want to participate in this research and continue with the study.:::Yes
67ecfa7df0970893cb81a3c3	e5n8qhe		overall_goal:::plausible but somewhat unlikely					narrative_intent:::plausible and somewhat likely			author_emotional_response:::plausible but somewhat unlikely					causal_explanation:::plausible and somewhat likely			prediction:::plausible but somewhat unlikely					moral:::plausible and somewhat likely				narrative_feeling:::plausible and somewhat likely			aesthetic_feeling:::plausible but somewhat unlikely					character_appraisal:::plausible and somewhat likely				stance:::plausible and somewhat likely				
67b746fca75ce7e982a23c67	e5dzb4h			overall_goal:::plausible and somewhat likely				narrative_intent:::plausible and somewhat likely				author_emotional_response:::plausible and somewhat likely					causal_explanation:::implausible or very unlikely		prediction:::plausible but somewhat unlikely			moral:::plausible and very likely						narrative_feeling:::plausible and somewhat likely			aesthetic_feeling:::plausible but somewhat unlikely					character_appraisal:::plausible and somewhat likely					stance:::implausible or very unlikely			
67b746fca75ce7e982a23c67	Contextual-Reasoning-about-Narrative-Intents-and-Reactions-consent.html																																									I am age 18 or older.:::Yes	I have read and understand the information above.:::Yes	I want to participate in this research and continue with the study.:::Yes
67b746fca75ce7e982a23c67	e5n8qhe	overall_goal:::plausible and very likely						narrative_intent:::plausible and somewhat likely		author_emotional_response:::plausible and very likely						causal_explanation:::plausible and somewhat likely					prediction:::plausible and somewhat likely		moral:::plausible but somewhat unlikely			narrative_feeling:::plausible and very likely						aesthetic_feeling:::plausible and somewhat likely				character_appraisal:::plausible and somewhat likely			stance:::plausible but somewhat unlikely					
67dad66fd659797310deb87f	e5h5e73				overall_goal:::implausible or very unlikely	narrative_intent:::plausible and very likely				author_emotional_response:::plausible and very likely						causal_explanation:::plausible and somewhat likely					prediction:::plausible and somewhat likely	moral:::plausible and very likely						narrative_feeling:::plausible and somewhat likely				aesthetic_feeling:::plausible and somewhat likely		character_appraisal:::plausible and very likely				stance:::plausible and very likely						
67dad66fd659797310deb87f	e5thrzm	overall_goal:::plausible and very likely				narrative_intent:::plausible and very likely						author_emotional_response:::plausible and somewhat likely				causal_explanation:::plausible and somewhat likely		prediction:::plausible and very likely					moral:::plausible but somewhat unlikely				narrative_feeling:::plausible but somewhat unlikely					aesthetic_feeling:::plausible and somewhat likely		character_appraisal:::plausible and very likely				stance:::plausible and very likely						
67dad66fd659797310deb87f	Contextual-Reasoning-about-Narrative-Intents-and-Reactions-consent.html																																									I am age 18 or older.:::Yes	I have read and understand the information above.:::Yes	I want to participate in this research and continue with the study.:::Yes
5d8a1d20d1afcb0019d7390b	e5h5e73				overall_goal:::implausible or very unlikely			narrative_intent:::plausible and somewhat likely			author_emotional_response:::plausible but somewhat unlikely					causal_explanation:::plausible and somewhat likely					prediction:::plausible and somewhat likely			moral:::plausible and somewhat likely				narrative_feeling:::plausible and somewhat likely				aesthetic_feeling:::plausible and somewhat likely				character_appraisal:::plausible and somewhat likely			stance:::plausible but somewhat unlikely					
5d8a1d20d1afcb0019d7390b	e5thrzm			overall_goal:::plausible and somewhat likely		narrative_intent:::plausible and very likely						author_emotional_response:::plausible and somewhat likely		causal_explanation:::plausible and very likely							prediction:::plausible and somewhat likely				moral:::implausible or very unlikely		narrative_feeling:::plausible but somewhat unlikely					aesthetic_feeling:::plausible and somewhat likely			character_appraisal:::plausible but somewhat unlikely					stance:::plausible and somewhat likely				
5d8a1d20d1afcb0019d7390b	Contextual-Reasoning-about-Narrative-Intents-and-Reactions-consent.html																																									I am age 18 or older.:::Yes	I have read and understand the information above.:::Yes	I want to participate in this research and continue with the study.:::Yes
66a53f0e7f48598d440de084	e6n1b98			overall_goal:::plausible and somewhat likely		narrative_intent:::plausible and very likely					author_emotional_response:::plausible but somewhat unlikely				causal_explanation:::plausible but somewhat unlikely				prediction:::plausible but somewhat unlikely					moral:::plausible and somewhat likely				narrative_feeling:::plausible and somewhat likely				aesthetic_feeling:::plausible and somewhat likely			character_appraisal:::plausible but somewhat unlikely				stance:::plausible but somewhat unlikely					
66a53f0e7f48598d440de084	Contextual-Reasoning-about-Narrative-Intents-and-Reactions-consent.html																																									I am age 18 or older.:::Yes	I have read and understand the information above.:::Yes	I want to participate in this research and continue with the study.:::Yes
66a53f0e7f48598d440de084	e69ytzz		overall_goal:::plausible but somewhat unlikely				narrative_intent:::plausible but somewhat unlikely				author_emotional_response:::plausible but somewhat unlikely				causal_explanation:::plausible but somewhat unlikely				prediction:::plausible but somewhat unlikely				moral:::plausible but somewhat unlikely				narrative_feeling:::plausible but somewhat unlikely					aesthetic_feeling:::plausible and somewhat likely			character_appraisal:::plausible but somewhat unlikely					stance:::plausible and somewhat likely				
605bc8caf9e0b0f799baf6da	e6n1b98	overall_goal:::plausible and very likely						narrative_intent:::plausible and somewhat likely				author_emotional_response:::plausible and somewhat likely				causal_explanation:::plausible and somewhat likely					prediction:::plausible and somewhat likely	moral:::plausible and very likely							narrative_feeling:::implausible or very unlikely		aesthetic_feeling:::plausible but somewhat unlikely					character_appraisal:::plausible and somewhat likely				stance:::plausible and somewhat likely				
605bc8caf9e0b0f799baf6da	Contextual-Reasoning-about-Narrative-Intents-and-Reactions-consent.html																																									I am age 18 or older.:::Yes	I have read and understand the information above.:::Yes	I want to participate in this research and continue with the study.:::Yes
605bc8caf9e0b0f799baf6da	e69ytzz			overall_goal:::plausible and somewhat likely				narrative_intent:::plausible and somewhat likely				author_emotional_response:::plausible and somewhat likely				causal_explanation:::plausible and somewhat likely			prediction:::plausible but somewhat unlikely					moral:::plausible and somewhat likely					narrative_feeling:::implausible or very unlikely		aesthetic_feeling:::plausible but somewhat unlikely					character_appraisal:::plausible and somewhat likely			stance:::plausible but somewhat unlikely					
6755fa65a9ab28bdc4c088dd	e5ev7po	overall_goal:::plausible and very likely				narrative_intent:::plausible and very likely				author_emotional_response:::plausible and very likely				causal_explanation:::plausible and very likely							prediction:::plausible and somewhat likely		moral:::plausible but somewhat unlikely			narrative_feeling:::plausible and very likely							aesthetic_feeling:::implausible or very unlikely	character_appraisal:::plausible and very likely				stance:::plausible and very likely						
6755fa65a9ab28bdc4c088dd	Contextual-Reasoning-about-Narrative-Intents-and-Reactions-consent.html																																									I am age 18 or older.:::Yes	I have read and understand the information above.:::Yes	I want to participate in this research and continue with the study.:::Yes
6755fa65a9ab28bdc4c088dd	e6tu6c9	overall_goal:::plausible and very likely				narrative_intent:::plausible and very likely						author_emotional_response:::plausible and somewhat likely					causal_explanation:::implausible or very unlikely	prediction:::plausible and very likely						moral:::plausible and somewhat likely				narrative_feeling:::plausible and somewhat likely		aesthetic_feeling:::plausible and very likely					character_appraisal:::plausible but somewhat unlikely					stance:::plausible and somewhat likely				
60ccbffae161aadb1880ad6c	e5ev7po	overall_goal:::plausible and very likely				narrative_intent:::plausible and very likely				author_emotional_response:::plausible and very likely				causal_explanation:::plausible and very likely							prediction:::plausible and somewhat likely			moral:::plausible and somewhat likely		narrative_feeling:::plausible and very likely							aesthetic_feeling:::implausible or very unlikely	character_appraisal:::plausible and very likely				stance:::plausible and very likely						
60ccbffae161aadb1880ad6c	Contextual-Reasoning-about-Narrative-Intents-and-Reactions-consent.html																																									I am age 18 or older.:::Yes	I have read and understand the information above.:::Yes	I want to participate in this research and continue with the study.:::Yes
60ccbffae161aadb1880ad6c	e6tu6c9	overall_goal:::plausible and very likely				narrative_intent:::plausible and very likely						author_emotional_response:::plausible and somewhat likely					causal_explanation:::implausible or very unlikely	prediction:::plausible and very likely						moral:::plausible and somewhat likely				narrative_feeling:::plausible and somewhat likely		aesthetic_feeling:::plausible and very likely						character_appraisal:::plausible and somewhat likely		stance:::plausible and very likely						
5d90298097a2130015f3fa3c	e5sjugy	overall_goal:::plausible and very likely				narrative_intent:::plausible and very likely				author_emotional_response:::plausible and very likely				causal_explanation:::plausible and very likely				prediction:::plausible and very likely				moral:::plausible and very likely				narrative_feeling:::plausible and very likely				aesthetic_feeling:::plausible and very likely				character_appraisal:::plausible and very likely				stance:::plausible and very likely						
5d90298097a2130015f3fa3c	e5e65wi	overall_goal:::plausible and very likely				narrative_intent:::plausible and very likely				author_emotional_response:::plausible and very likely						causal_explanation:::plausible and somewhat likely					prediction:::plausible and somewhat likely	moral:::plausible and very likely				narrative_feeling:::plausible and very likely				aesthetic_feeling:::plausible and very likely						character_appraisal:::plausible and somewhat likely				stance:::plausible and somewhat likely				
5d90298097a2130015f3fa3c	Contextual-Reasoning-about-Narrative-Intents-and-Reactions-consent.html																																									I am age 18 or older.:::Yes	I have read and understand the information above.:::Yes	I want to participate in this research and continue with the study.:::Yes
5a5daf4f8e6259000176209b	e5sjugy	overall_goal:::plausible and very likely				narrative_intent:::plausible and very likely				author_emotional_response:::plausible and very likely				causal_explanation:::plausible and very likely						prediction:::implausible or very unlikely		moral:::plausible and very likely				narrative_feeling:::plausible and very likely						aesthetic_feeling:::plausible and somewhat likely		character_appraisal:::plausible and very likely				stance:::plausible and very likely						
5a5daf4f8e6259000176209b	e5e65wi	overall_goal:::plausible and very likely							narrative_intent:::implausible or very unlikely			author_emotional_response:::plausible and somewhat likely				causal_explanation:::plausible and somewhat likely		prediction:::plausible and very likely				moral:::plausible and very likely						narrative_feeling:::plausible and somewhat likely		aesthetic_feeling:::plausible and very likely						character_appraisal:::plausible and somewhat likely		stance:::plausible and very likely						
5a5daf4f8e6259000176209b	Contextual-Reasoning-about-Narrative-Intents-and-Reactions-consent.html																																									I am age 18 or older.:::Yes	I have read and understand the information above.:::Yes	I want to participate in this research and continue with the study.:::Yes
67f1c8dc042e5b62c7c65764	e6o6xvh				overall_goal:::implausible or very unlikely	narrative_intent:::plausible and very likely				author_emotional_response:::plausible and very likely				causal_explanation:::plausible and very likely							prediction:::plausible and somewhat likely			moral:::plausible and somewhat likely		narrative_feeling:::plausible and very likely				aesthetic_feeling:::plausible and very likely						character_appraisal:::plausible and somewhat likely		stance:::plausible and very likely						
67f1c8dc042e5b62c7c65764	e5iydx8	overall_goal:::plausible and very likely				narrative_intent:::plausible and very likely						author_emotional_response:::plausible and somewhat likely					causal_explanation:::implausible or very unlikely				prediction:::plausible and somewhat likely	moral:::plausible and very likely				narrative_feeling:::plausible and very likely				aesthetic_feeling:::plausible and very likely				character_appraisal:::plausible and very likely				stance:::plausible and very likely						
67f1c8dc042e5b62c7c65764	Contextual-Reasoning-about-Narrative-Intents-and-Reactions-consent.html																																									I am age 18 or older.:::Yes	I have read and understand the information above.:::Yes	I want to participate in this research and continue with the study.:::Yes
6709a18c842035499e0f1353	e6o6xvh				overall_goal:::implausible or very unlikely		narrative_intent:::plausible but somewhat unlikely						author_emotional_response:::implausible or very unlikely				causal_explanation:::implausible or very unlikely				prediction:::plausible and somewhat likely	moral:::plausible and very likely						narrative_feeling:::plausible and somewhat likely					aesthetic_feeling:::implausible or very unlikely	character_appraisal:::plausible and very likely				stance:::plausible and very likely						
6709a18c842035499e0f1353	e5iydx8				overall_goal:::implausible or very unlikely				narrative_intent:::implausible or very unlikely		author_emotional_response:::plausible but somewhat unlikely						causal_explanation:::implausible or very unlikely				prediction:::plausible and somewhat likely				moral:::implausible or very unlikely		narrative_feeling:::plausible but somewhat unlikely				aesthetic_feeling:::plausible but somewhat unlikely			character_appraisal:::plausible and very likely				stance:::plausible and very likely						
6709a18c842035499e0f1353	Contextual-Reasoning-about-Narrative-Intents-and-Reactions-consent.html																																									I am age 18 or older.:::Yes	I have read and understand the information above.:::Yes	I want to participate in this research and continue with the study.:::Yes
64d5219df0415c9a7c609c19	e5lgxr7			overall_goal:::plausible and somewhat likely					narrative_intent:::implausible or very unlikely			author_emotional_response:::plausible and somewhat likely		causal_explanation:::plausible and very likely				prediction:::plausible and very likely						moral:::plausible and somewhat likely				narrative_feeling:::plausible and somewhat likely				aesthetic_feeling:::plausible and somewhat likely			character_appraisal:::plausible but somewhat unlikely			stance:::plausible and very likely						
64d5219df0415c9a7c609c19	e6a8rkn	overall_goal:::plausible and very likely							narrative_intent:::implausible or very unlikely			author_emotional_response:::plausible and somewhat likely				causal_explanation:::plausible and somewhat likely		prediction:::plausible and very likely				moral:::plausible and very likely				narrative_feeling:::plausible and very likely						aesthetic_feeling:::plausible and somewhat likely		character_appraisal:::plausible and very likely							stance:::implausible or very unlikely			
64d5219df0415c9a7c609c19	Contextual-Reasoning-about-Narrative-Intents-and-Reactions-consent.html																																									I am age 18 or older.:::Yes	I have read and understand the information above.:::Yes	I want to participate in this research and continue with the study.:::Yes
66bf66ddeb466531b167c449	e5lgxr7			overall_goal:::plausible and somewhat likely					narrative_intent:::implausible or very unlikely			author_emotional_response:::plausible and somewhat likely				causal_explanation:::plausible and somewhat likely					prediction:::plausible and somewhat likely		moral:::plausible but somewhat unlikely					narrative_feeling:::plausible and somewhat likely		aesthetic_feeling:::plausible and very likely						character_appraisal:::plausible and somewhat likely		stance:::plausible and very likely						
66bf66ddeb466531b167c449	e6a8rkn			overall_goal:::plausible and somewhat likely				narrative_intent:::plausible and somewhat likely			author_emotional_response:::plausible but somewhat unlikely					causal_explanation:::plausible and somewhat likely		prediction:::plausible and very likely						moral:::plausible and somewhat likely		narrative_feeling:::plausible and very likely						aesthetic_feeling:::plausible and somewhat likely				character_appraisal:::plausible and somewhat likely					stance:::implausible or very unlikely			
66bf66ddeb466531b167c449	Contextual-Reasoning-about-Narrative-Intents-and-Reactions-consent.html																																									I am age 18 or older.:::Yes	I have read and understand the information above.:::Yes	I want to participate in this research and continue with the study.:::Yes
677d97bc1500107b9c36d8b9	e6jrg4c	overall_goal:::plausible and very likely						narrative_intent:::plausible and somewhat likely				author_emotional_response:::plausible and somewhat likely		causal_explanation:::plausible and very likely						prediction:::implausible or very unlikely				moral:::plausible and somewhat likely			narrative_feeling:::plausible but somewhat unlikely			aesthetic_feeling:::plausible and very likely					character_appraisal:::plausible but somewhat unlikely					stance:::plausible and somewhat likely				
677d97bc1500107b9c36d8b9	e68n1bl	overall_goal:::plausible and very likely				narrative_intent:::plausible and very likely				author_emotional_response:::plausible and very likely					causal_explanation:::plausible but somewhat unlikely			prediction:::plausible and very likely				moral:::plausible and very likely							narrative_feeling:::implausible or very unlikely			aesthetic_feeling:::plausible and somewhat likely				character_appraisal:::plausible and somewhat likely		stance:::plausible and very likely						
677d97bc1500107b9c36d8b9	Contextual-Reasoning-about-Narrative-Intents-and-Reactions-consent.html																																									I am age 18 or older.:::Yes	I have read and understand the information above.:::Yes	I want to participate in this research and continue with the study.:::Yes
66491cdd1a4db900e216feb1	e6jrg4c			overall_goal:::plausible and somewhat likely				narrative_intent:::plausible and somewhat likely			author_emotional_response:::plausible but somewhat unlikely					causal_explanation:::plausible and somewhat likely				prediction:::implausible or very unlikely				moral:::plausible and somewhat likely				narrative_feeling:::plausible and somewhat likely				aesthetic_feeling:::plausible and somewhat likely			character_appraisal:::plausible but somewhat unlikely					stance:::plausible and somewhat likely				
66491cdd1a4db900e216feb1	e68n1bl	overall_goal:::plausible and very likely						narrative_intent:::plausible and somewhat likely		author_emotional_response:::plausible and very likely				causal_explanation:::plausible and very likely							prediction:::plausible and somewhat likely	moral:::plausible and very likely							narrative_feeling:::implausible or very unlikely	aesthetic_feeling:::plausible and very likely						character_appraisal:::plausible and somewhat likely		stance:::plausible and very likely						
66491cdd1a4db900e216feb1	Contextual-Reasoning-about-Narrative-Intents-and-Reactions-consent.html																																									I am age 18 or older.:::Yes	I have read and understand the information above.:::Yes	I want to participate in this research and continue with the study.:::Yes
666149cb6a138209b157427b	e6ba85e	overall_goal:::plausible and very likely				narrative_intent:::plausible and very likely						author_emotional_response:::plausible and somewhat likely					causal_explanation:::implausible or very unlikely	prediction:::plausible and very likely						moral:::plausible and somewhat likely		narrative_feeling:::plausible and very likely						aesthetic_feeling:::plausible and somewhat likely				character_appraisal:::plausible and somewhat likely		stance:::plausible and very likely						
666149cb6a138209b157427b	e6ilk03				overall_goal:::implausible or very unlikely	narrative_intent:::plausible and very likely						author_emotional_response:::plausible and somewhat likely				causal_explanation:::plausible and somewhat likely					prediction:::plausible and somewhat likely			moral:::plausible and somewhat likely		narrative_feeling:::plausible and very likely				aesthetic_feeling:::plausible and very likely				character_appraisal:::plausible and very likely						stance:::plausible and somewhat likely				
666149cb6a138209b157427b	Contextual-Reasoning-about-Narrative-Intents-and-Reactions-consent.html																																									I am age 18 or older.:::Yes	I have read and understand the information above.:::Yes	I want to participate in this research and continue with the study.:::Yes
5c0dbb9b9166290001253342	e6ba85e				overall_goal:::implausible or very unlikely				narrative_intent:::implausible or very unlikely			author_emotional_response:::plausible and somewhat likely			causal_explanation:::plausible but somewhat unlikely			prediction:::plausible and very likely				moral:::plausible and very likely						narrative_feeling:::plausible and somewhat likely				aesthetic_feeling:::plausible and somewhat likely		character_appraisal:::plausible and very likely				stance:::plausible and very likely						
5c0dbb9b9166290001253342	e6ilk03				overall_goal:::implausible or very unlikely	narrative_intent:::plausible and very likely				author_emotional_response:::plausible and very likely				causal_explanation:::plausible and very likely				prediction:::plausible and very likely							moral:::implausible or very unlikely				narrative_feeling:::implausible or very unlikely			aesthetic_feeling:::plausible and somewhat likely				character_appraisal:::plausible and somewhat likely		stance:::plausible and very likely						
5c0dbb9b9166290001253342	Contextual-Reasoning-about-Narrative-Intents-and-Reactions-consent.html																																									I am age 18 or older.:::Yes	I have read and understand the information above.:::Yes	I want to participate in this research and continue with the study.:::Yes
67f09ad02524e8b1d810e0a4	e5l7aml			overall_goal:::plausible and somewhat likely			narrative_intent:::plausible but somewhat unlikely						author_emotional_response:::implausible or very unlikely	causal_explanation:::plausible and very likely					prediction:::plausible but somewhat unlikely			moral:::plausible and very likely					narrative_feeling:::plausible but somewhat unlikely			aesthetic_feeling:::plausible and very likely				character_appraisal:::plausible and very likely				stance:::plausible and very likely						
67f09ad02524e8b1d810e0a4	e59qjd6	overall_goal:::plausible and very likely				narrative_intent:::plausible and very likely				author_emotional_response:::plausible and very likely				causal_explanation:::plausible and very likely				prediction:::plausible and very likely				moral:::plausible and very likely				narrative_feeling:::plausible and very likely							aesthetic_feeling:::implausible or very unlikely	character_appraisal:::plausible and very likely				stance:::plausible and very likely						
67f09ad02524e8b1d810e0a4	Contextual-Reasoning-about-Narrative-Intents-and-Reactions-consent.html																																									I am age 18 or older.:::Yes	I have read and understand the information above.:::Yes	I want to participate in this research and continue with the study.:::Yes
63dd3dd2593c92be97d8dbde	e5l7aml				overall_goal:::implausible or very unlikely				narrative_intent:::implausible or very unlikely				author_emotional_response:::implausible or very unlikely				causal_explanation:::implausible or very unlikely			prediction:::implausible or very unlikely					moral:::implausible or very unlikely				narrative_feeling:::implausible or very unlikely				aesthetic_feeling:::implausible or very unlikely				character_appraisal:::implausible or very unlikely				stance:::implausible or very unlikely			
63dd3dd2593c92be97d8dbde	e59qjd6			overall_goal:::plausible and somewhat likely				narrative_intent:::plausible and somewhat likely			author_emotional_response:::plausible but somewhat unlikely				causal_explanation:::plausible but somewhat unlikely				prediction:::plausible but somewhat unlikely						moral:::implausible or very unlikely				narrative_feeling:::implausible or very unlikely				aesthetic_feeling:::implausible or very unlikely		character_appraisal:::plausible but somewhat unlikely					stance:::plausible and somewhat likely				
63dd3dd2593c92be97d8dbde	Contextual-Reasoning-about-Narrative-Intents-and-Reactions-consent.html																																									I am age 18 or older.:::Yes	I have read and understand the information above.:::Yes	I want to participate in this research and continue with the study.:::Yes
66fc5dc2ea1f07a1c9676134	e5q9hs7	overall_goal:::plausible and very likely				narrative_intent:::plausible and very likely						author_emotional_response:::plausible and somewhat likely		causal_explanation:::plausible and very likely				prediction:::plausible and very likely				moral:::plausible and very likely				narrative_feeling:::plausible and very likely							aesthetic_feeling:::implausible or very unlikely	character_appraisal:::plausible and very likely				stance:::plausible and very likely						
66fc5dc2ea1f07a1c9676134	e67sauj	overall_goal:::plausible and very likely				narrative_intent:::plausible and very likely				author_emotional_response:::plausible and very likely				causal_explanation:::plausible and very likely				prediction:::plausible and very likely				moral:::plausible and very likely				narrative_feeling:::plausible and very likely				aesthetic_feeling:::plausible and very likely				character_appraisal:::plausible and very likely				stance:::plausible and very likely						
66fc5dc2ea1f07a1c9676134	Contextual-Reasoning-about-Narrative-Intents-and-Reactions-consent.html																																									I am age 18 or older.:::Yes	I have read and understand the information above.:::Yes	I want to participate in this research and continue with the study.:::Yes
67d18c20050ecfd766de3af3	e5q9hs7			overall_goal:::plausible and somewhat likely		narrative_intent:::plausible and very likely						author_emotional_response:::plausible and somewhat likely				causal_explanation:::plausible and somewhat likely					prediction:::plausible and somewhat likely			moral:::plausible and somewhat likely				narrative_feeling:::plausible and somewhat likely			aesthetic_feeling:::plausible but somewhat unlikely					character_appraisal:::plausible and somewhat likely		stance:::plausible and very likely						
67d18c20050ecfd766de3af3	e67sauj			overall_goal:::plausible and somewhat likely				narrative_intent:::plausible and somewhat likely			author_emotional_response:::plausible but somewhat unlikely					causal_explanation:::plausible and somewhat likely					prediction:::plausible and somewhat likely		moral:::plausible but somewhat unlikely					narrative_feeling:::plausible and somewhat likely				aesthetic_feeling:::plausible and somewhat likely				character_appraisal:::plausible and somewhat likely				stance:::plausible and somewhat likely				
67d18c20050ecfd766de3af3	Contextual-Reasoning-about-Narrative-Intents-and-Reactions-consent.html																																									I am age 18 or older.:::Yes	I have read and understand the information above.:::Yes	I want to participate in this research and continue with the study.:::Yes
677d6546138c74881d9f6efc	e6pmbj9			overall_goal:::plausible and somewhat likely			narrative_intent:::plausible but somewhat unlikely					author_emotional_response:::plausible and somewhat likely				causal_explanation:::plausible and somewhat likely			prediction:::plausible but somewhat unlikely						moral:::implausible or very unlikely				narrative_feeling:::implausible or very unlikely	aesthetic_feeling:::plausible and very likely						character_appraisal:::plausible and somewhat likely				stance:::plausible and somewhat likely				
677d6546138c74881d9f6efc	Contextual-Reasoning-about-Narrative-Intents-and-Reactions-consent.html																																									I am age 18 or older.:::Yes	I have read and understand the information above.:::Yes	I want to participate in this research and continue with the study.:::Yes
677d6546138c74881d9f6efc	e5y7et5		overall_goal:::plausible but somewhat unlikely			narrative_intent:::plausible and very likely							author_emotional_response:::implausible or very unlikely	causal_explanation:::plausible and very likely				prediction:::plausible and very likely						moral:::plausible and somewhat likely				narrative_feeling:::plausible and somewhat likely			aesthetic_feeling:::plausible but somewhat unlikely					character_appraisal:::plausible and somewhat likely		stance:::plausible and very likely						
66460fc29c7a8d2bff98fb67	e6pmbj9	overall_goal:::plausible and very likely						narrative_intent:::plausible and somewhat likely				author_emotional_response:::plausible and somewhat likely		causal_explanation:::plausible and very likely							prediction:::plausible and somewhat likely			moral:::plausible and somewhat likely					narrative_feeling:::implausible or very unlikely	aesthetic_feeling:::plausible and very likely				character_appraisal:::plausible and very likely				stance:::plausible and very likely						
66460fc29c7a8d2bff98fb67	Contextual-Reasoning-about-Narrative-Intents-and-Reactions-consent.html																																									I am age 18 or older.:::Yes	I have read and understand the information above.:::Yes	I want to participate in this research and continue with the study.:::Yes
66460fc29c7a8d2bff98fb67	e5y7et5	overall_goal:::plausible and very likely				narrative_intent:::plausible and very likely							author_emotional_response:::implausible or very unlikely	causal_explanation:::plausible and very likely							prediction:::plausible and somewhat likely			moral:::plausible and somewhat likely		narrative_feeling:::plausible and very likely				aesthetic_feeling:::plausible and very likely						character_appraisal:::plausible and somewhat likely		stance:::plausible and very likely						
669f0372343e26023ee5c023	e5fe5zl		overall_goal:::plausible but somewhat unlikely				narrative_intent:::plausible but somewhat unlikely						author_emotional_response:::implausible or very unlikely			causal_explanation:::plausible and somewhat likely					prediction:::plausible and somewhat likely		moral:::plausible but somewhat unlikely				narrative_feeling:::plausible but somewhat unlikely					aesthetic_feeling:::plausible and somewhat likely				character_appraisal:::plausible and somewhat likely		stance:::plausible and very likely						
669f0372343e26023ee5c023	e5x27p0	overall_goal:::plausible and very likely						narrative_intent:::plausible and somewhat likely					author_emotional_response:::implausible or very unlikely			causal_explanation:::plausible and somewhat likely					prediction:::plausible and somewhat likely		moral:::plausible but somewhat unlikely				narrative_feeling:::plausible but somewhat unlikely					aesthetic_feeling:::plausible and somewhat likely			character_appraisal:::plausible but somewhat unlikely				stance:::plausible but somewhat unlikely					
669f0372343e26023ee5c023	Contextual-Reasoning-about-Narrative-Intents-and-Reactions-consent.html																																									I am age 18 or older.:::Yes	I have read and understand the information above.:::Yes	I want to participate in this research and continue with the study.:::Yes
62728a4122289635e97d12f2	e5fe5zl			overall_goal:::plausible and somewhat likely				narrative_intent:::plausible and somewhat likely					author_emotional_response:::implausible or very unlikely	causal_explanation:::plausible and very likely							prediction:::plausible and somewhat likely				moral:::implausible or very unlikely		narrative_feeling:::plausible but somewhat unlikely						aesthetic_feeling:::implausible or very unlikely		character_appraisal:::plausible but somewhat unlikely			stance:::plausible and very likely						
62728a4122289635e97d12f2	e5x27p0	overall_goal:::plausible and very likely				narrative_intent:::plausible and very likely					author_emotional_response:::plausible but somewhat unlikely					causal_explanation:::plausible and somewhat likely					prediction:::plausible and somewhat likely				moral:::implausible or very unlikely			narrative_feeling:::plausible and somewhat likely				aesthetic_feeling:::plausible and somewhat likely					character_appraisal:::implausible or very unlikely			stance:::plausible and somewhat likely				
62728a4122289635e97d12f2	Contextual-Reasoning-about-Narrative-Intents-and-Reactions-consent.html																																									I am age 18 or older.:::Yes	I have read and understand the information above.:::Yes	I want to participate in this research and continue with the study.:::Yes
5dd3699ee73e6136c640f1cf	e6ti3r2	overall_goal:::plausible and very likely				narrative_intent:::plausible and very likely						author_emotional_response:::plausible and somewhat likely		causal_explanation:::plausible and very likely				prediction:::plausible and very likely				moral:::plausible and very likely							narrative_feeling:::implausible or very unlikely	aesthetic_feeling:::plausible and very likely				character_appraisal:::plausible and very likely				stance:::plausible and very likely						
5dd3699ee73e6136c640f1cf	Contextual-Reasoning-about-Narrative-Intents-and-Reactions-consent.html																																									I am age 18 or older.:::Yes	I have read and understand the information above.:::Yes	I want to participate in this research and continue with the study.:::Yes
5dd3699ee73e6136c640f1cf	e5ki5vi				overall_goal:::implausible or very unlikely	narrative_intent:::plausible and very likely						author_emotional_response:::plausible and somewhat likely				causal_explanation:::plausible and somewhat likely		prediction:::plausible and very likely				moral:::plausible and very likely						narrative_feeling:::plausible and somewhat likely		aesthetic_feeling:::plausible and very likely						character_appraisal:::plausible and somewhat likely			stance:::plausible but somewhat unlikely					
62cbf51439a76e8fccd8a495	e6ti3r2	overall_goal:::plausible and very likely				narrative_intent:::plausible and very likely						author_emotional_response:::plausible and somewhat likely		causal_explanation:::plausible and very likely					prediction:::plausible but somewhat unlikely			moral:::plausible and very likely							narrative_feeling:::implausible or very unlikely			aesthetic_feeling:::plausible and somewhat likely		character_appraisal:::plausible and very likely				stance:::plausible and very likely						
62cbf51439a76e8fccd8a495	Contextual-Reasoning-about-Narrative-Intents-and-Reactions-consent.html																																									I am age 18 or older.:::Yes	I have read and understand the information above.:::Yes	I want to participate in this research and continue with the study.:::Yes
62cbf51439a76e8fccd8a495	e5ki5vi				overall_goal:::implausible or very unlikely	narrative_intent:::plausible and very likely						author_emotional_response:::plausible and somewhat likely				causal_explanation:::plausible and somewhat likely		prediction:::plausible and very likely				moral:::plausible and very likely				narrative_feeling:::plausible and very likely				aesthetic_feeling:::plausible and very likely				character_appraisal:::plausible and very likely					stance:::plausible but somewhat unlikely					
63d7b776a9923fe2a69d36bd	e5hpdec				overall_goal:::implausible or very unlikely				narrative_intent:::implausible or very unlikely				author_emotional_response:::implausible or very unlikely				causal_explanation:::implausible or very unlikely				prediction:::plausible and somewhat likely				moral:::implausible or very unlikely		narrative_feeling:::plausible but somewhat unlikely						aesthetic_feeling:::implausible or very unlikely		character_appraisal:::plausible but somewhat unlikely			stance:::plausible and very likely						
63d7b776a9923fe2a69d36bd	Contextual-Reasoning-about-Narrative-Intents-and-Reactions-consent.html																																									I am age 18 or older.:::Yes	I have read and understand the information above.:::Yes	I want to participate in this research and continue with the study.:::Yes
63d7b776a9923fe2a69d36bd	e6d08r3				overall_goal:::implausible or very unlikely				narrative_intent:::implausible or very unlikely				author_emotional_response:::implausible or very unlikely				causal_explanation:::implausible or very unlikely			prediction:::implausible or very unlikely					moral:::implausible or very unlikely				narrative_feeling:::implausible or very unlikely				aesthetic_feeling:::implausible or very unlikely			character_appraisal:::plausible and somewhat likely					stance:::implausible or very unlikely			
67e41073845419aa20c5dcfe	e5hpdec	overall_goal:::plausible and very likely				narrative_intent:::plausible and very likely				author_emotional_response:::plausible and very likely				causal_explanation:::plausible and very likely				prediction:::plausible and very likely						moral:::plausible and somewhat likely		narrative_feeling:::plausible and very likely							aesthetic_feeling:::implausible or very unlikely				character_appraisal:::implausible or very unlikely	stance:::plausible and very likely						
67e41073845419aa20c5dcfe	Contextual-Reasoning-about-Narrative-Intents-and-Reactions-consent.html																																									I am age 18 or older.:::Yes	I have read and understand the information above.:::Yes	I want to participate in this research and continue with the study.:::Yes
67e41073845419aa20c5dcfe	e6d08r3	overall_goal:::plausible and very likely				narrative_intent:::plausible and very likely				author_emotional_response:::plausible and very likely							causal_explanation:::implausible or very unlikely	prediction:::plausible and very likely				moral:::plausible and very likely				narrative_feeling:::plausible and very likely				aesthetic_feeling:::plausible and very likely					character_appraisal:::plausible but somewhat unlikely			stance:::plausible and very likely						
60367f78082e3dedb8238ea3	e5vtdf0	overall_goal:::plausible and very likely				narrative_intent:::plausible and very likely				author_emotional_response:::plausible and very likely				causal_explanation:::plausible and very likely					prediction:::plausible but somewhat unlikely			moral:::plausible and very likely						narrative_feeling:::plausible and somewhat likely				aesthetic_feeling:::plausible and somewhat likely				character_appraisal:::plausible and somewhat likely				stance:::plausible and somewhat likely				
60367f78082e3dedb8238ea3	Contextual-Reasoning-about-Narrative-Intents-and-Reactions-consent.html																																									I am age 18 or older.:::Yes	I have read and understand the information above.:::Yes	I want to participate in this research and continue with the study.:::Yes
60367f78082e3dedb8238ea3	e5u2un5				overall_goal:::implausible or very unlikely				narrative_intent:::implausible or very unlikely				author_emotional_response:::implausible or very unlikely	causal_explanation:::plausible and very likely				prediction:::plausible and very likely							moral:::implausible or very unlikely		narrative_feeling:::plausible but somewhat unlikely				aesthetic_feeling:::plausible but somewhat unlikely				character_appraisal:::plausible but somewhat unlikely						stance:::implausible or very unlikely			
67f1354157bc12085650777c	e5vtdf0			overall_goal:::plausible and somewhat likely			narrative_intent:::plausible but somewhat unlikely				author_emotional_response:::plausible but somewhat unlikely					causal_explanation:::plausible and somewhat likely			prediction:::plausible but somewhat unlikely						moral:::implausible or very unlikely				narrative_feeling:::implausible or very unlikely			aesthetic_feeling:::plausible and somewhat likely			character_appraisal:::plausible but somewhat unlikely					stance:::plausible and somewhat likely				
67f1354157bc12085650777c	Contextual-Reasoning-about-Narrative-Intents-and-Reactions-consent.html																																									I am age 18 or older.:::Yes	I have read and understand the information above.:::Yes	I want to participate in this research and continue with the study.:::Yes
67f1354157bc12085650777c	e5u2un5		overall_goal:::plausible but somewhat unlikely						narrative_intent:::implausible or very unlikely		author_emotional_response:::plausible but somewhat unlikely						causal_explanation:::implausible or very unlikely				prediction:::plausible and somewhat likely				moral:::implausible or very unlikely			narrative_feeling:::plausible and somewhat likely			aesthetic_feeling:::plausible but somewhat unlikely				character_appraisal:::plausible but somewhat unlikely						stance:::implausible or very unlikely			
62b07ac53b83bf0683eda6b6	e6vhr47	overall_goal:::plausible and very likely				narrative_intent:::plausible and very likely				author_emotional_response:::plausible and very likely				causal_explanation:::plausible and very likely							prediction:::plausible and somewhat likely			moral:::plausible and somewhat likely		narrative_feeling:::plausible and very likely				aesthetic_feeling:::plausible and very likely				character_appraisal:::plausible and very likely				stance:::plausible and very likely						
62b07ac53b83bf0683eda6b6	e6177a8				overall_goal:::implausible or very unlikely	narrative_intent:::plausible and very likely				author_emotional_response:::plausible and very likely				causal_explanation:::plausible and very likely							prediction:::plausible and somewhat likely	moral:::plausible and very likely				narrative_feeling:::plausible and very likely				aesthetic_feeling:::plausible and very likely				character_appraisal:::plausible and very likely				stance:::plausible and very likely						
62b07ac53b83bf0683eda6b6	Contextual-Reasoning-about-Narrative-Intents-and-Reactions-consent.html																																									I am age 18 or older.:::Yes	I have read and understand the information above.:::Yes	I want to participate in this research and continue with the study.:::Yes
614deec82f82c126feeddf3d	e6vhr47	overall_goal:::plausible and very likely				narrative_intent:::plausible and very likely						author_emotional_response:::plausible and somewhat likely				causal_explanation:::plausible and somewhat likely		prediction:::plausible and very likely					moral:::plausible but somewhat unlikely						narrative_feeling:::implausible or very unlikely		aesthetic_feeling:::plausible but somewhat unlikely			character_appraisal:::plausible and very likely				stance:::plausible and very likely						
614deec82f82c126feeddf3d	e6177a8				overall_goal:::implausible or very unlikely	narrative_intent:::plausible and very likely				author_emotional_response:::plausible and very likely						causal_explanation:::plausible and somewhat likely		prediction:::plausible and very likely						moral:::plausible and somewhat likely			narrative_feeling:::plausible but somewhat unlikely				aesthetic_feeling:::plausible but somewhat unlikely			character_appraisal:::plausible and very likely				stance:::plausible and very likely						
614deec82f82c126feeddf3d	Contextual-Reasoning-about-Narrative-Intents-and-Reactions-consent.html																																									I am age 18 or older.:::Yes	I have read and understand the information above.:::Yes	I want to participate in this research and continue with the study.:::Yes
67cac313455c52c511f790a0	e6fgszs			overall_goal:::plausible and somewhat likely				narrative_intent:::plausible and somewhat likely		author_emotional_response:::plausible and very likely				causal_explanation:::plausible and very likely				prediction:::plausible and very likely				moral:::plausible and very likely						narrative_feeling:::plausible and somewhat likely		aesthetic_feeling:::plausible and very likely				character_appraisal:::plausible and very likely						stance:::plausible and somewhat likely				
67cac313455c52c511f790a0	Contextual-Reasoning-about-Narrative-Intents-and-Reactions-consent.html																																									I am age 18 or older.:::Yes	I have read and understand the information above.:::Yes	I want to participate in this research and continue with the study.:::Yes
67ed8799d312ce968a00692b	e6fgszs	overall_goal:::plausible and very likely				narrative_intent:::plausible and very likely						author_emotional_response:::plausible and somewhat likely				causal_explanation:::plausible and somewhat likely					prediction:::plausible and somewhat likely	moral:::plausible and very likely				narrative_feeling:::plausible and very likely					aesthetic_feeling:::plausible but somewhat unlikely					character_appraisal:::plausible and somewhat likely			stance:::plausible but somewhat unlikely					
67ed8799d312ce968a00692b	e5tcvn7			overall_goal:::plausible and somewhat likely			narrative_intent:::plausible but somewhat unlikely					author_emotional_response:::plausible and somewhat likely		causal_explanation:::plausible and very likely							prediction:::plausible and somewhat likely	moral:::plausible and very likely							narrative_feeling:::implausible or very unlikely			aesthetic_feeling:::plausible and somewhat likely		character_appraisal:::plausible and very likely					stance:::plausible but somewhat unlikely					
67ed8799d312ce968a00692b	Contextual-Reasoning-about-Narrative-Intents-and-Reactions-consent.html																																									I am age 18 or older.:::Yes	I have read and understand the information above.:::Yes	I want to participate in this research and continue with the study.:::Yes
65a4598a91a3f0e75374a8c4	9gh8ed	overall_goal:::plausible and very likely				narrative_intent:::plausible and very likely						author_emotional_response:::plausible and somewhat likely				causal_explanation:::plausible and somewhat likely					prediction:::plausible and somewhat likely			moral:::plausible and somewhat likely				narrative_feeling:::plausible and somewhat likely				aesthetic_feeling:::plausible and somewhat likely				character_appraisal:::plausible and somewhat likely		stance:::plausible and very likely						
65a4598a91a3f0e75374a8c4	e5k2srn	overall_goal:::plausible and very likely						narrative_intent:::plausible and somewhat likely		author_emotional_response:::plausible and very likely							causal_explanation:::implausible or very unlikely	prediction:::plausible and very likely						moral:::plausible and somewhat likely		narrative_feeling:::plausible and very likely				aesthetic_feeling:::plausible and very likely				character_appraisal:::plausible and very likely				stance:::plausible and very likely						
65a4598a91a3f0e75374a8c4	Contextual-Reasoning-about-Narrative-Intents-and-Reactions-consent.html																																									I am age 18 or older.:::Yes	I have read and understand the information above.:::Yes	I want to participate in this research and continue with the study.:::Yes
682f2c569acdb8d4c8694e13	9gh8ed	overall_goal:::plausible and very likely						narrative_intent:::plausible and somewhat likely		author_emotional_response:::plausible and very likely				causal_explanation:::plausible and very likely				prediction:::plausible and very likely						moral:::plausible and somewhat likely		narrative_feeling:::plausible and very likely				aesthetic_feeling:::plausible and very likely							character_appraisal:::implausible or very unlikely	stance:::plausible and very likely						
682f2c569acdb8d4c8694e13	e5k2srn	overall_goal:::plausible and very likely				narrative_intent:::plausible and very likely						author_emotional_response:::plausible and somewhat likely					causal_explanation:::implausible or very unlikely	prediction:::plausible and very likely				moral:::plausible and very likely				narrative_feeling:::plausible and very likely				aesthetic_feeling:::plausible and very likely						character_appraisal:::plausible and somewhat likely		stance:::plausible and very likely						
682f2c569acdb8d4c8694e13	Contextual-Reasoning-about-Narrative-Intents-and-Reactions-consent.html																																									I am age 18 or older.:::Yes	I have read and understand the information above.:::Yes	I want to participate in this research and continue with the study.:::Yes
66f7e8f5a7ee4726c04942de	e5tgej0			overall_goal:::plausible and somewhat likely				narrative_intent:::plausible and somewhat likely				author_emotional_response:::plausible and somewhat likely		causal_explanation:::plausible and very likely					prediction:::plausible but somewhat unlikely						moral:::implausible or very unlikely	narrative_feeling:::plausible and very likely							aesthetic_feeling:::implausible or very unlikely			character_appraisal:::plausible and somewhat likely		stance:::plausible and very likely						
66f7e8f5a7ee4726c04942de	9ca0yk	overall_goal:::plausible and very likely				narrative_intent:::plausible and very likely						author_emotional_response:::plausible and somewhat likely		causal_explanation:::plausible and very likely					prediction:::plausible but somewhat unlikely						moral:::implausible or very unlikely	narrative_feeling:::plausible and very likely				aesthetic_feeling:::plausible and very likely							character_appraisal:::implausible or very unlikely	stance:::plausible and very likely						
66f7e8f5a7ee4726c04942de	Contextual-Reasoning-about-Narrative-Intents-and-Reactions-consent.html																																									I am age 18 or older.:::Yes	I have read and understand the information above.:::Yes	I want to participate in this research and continue with the study.:::Yes
66536bcd1febb9fc714b6922	e5tgej0		overall_goal:::plausible but somewhat unlikely					narrative_intent:::plausible and somewhat likely				author_emotional_response:::plausible and somewhat likely				causal_explanation:::plausible and somewhat likely			prediction:::plausible but somewhat unlikely				moral:::plausible but somewhat unlikely					narrative_feeling:::plausible and somewhat likely			aesthetic_feeling:::plausible but somewhat unlikely				character_appraisal:::plausible but somewhat unlikely				stance:::plausible but somewhat unlikely					
66536bcd1febb9fc714b6922	9ca0yk			overall_goal:::plausible and somewhat likely				narrative_intent:::plausible and somewhat likely				author_emotional_response:::plausible and somewhat likely				causal_explanation:::plausible and somewhat likely			prediction:::plausible but somewhat unlikely				moral:::plausible but somewhat unlikely					narrative_feeling:::plausible and somewhat likely				aesthetic_feeling:::plausible and somewhat likely			character_appraisal:::plausible but somewhat unlikely					stance:::plausible and somewhat likely				
66536bcd1febb9fc714b6922	Contextual-Reasoning-about-Narrative-Intents-and-Reactions-consent.html																																									I am age 18 or older.:::Yes	I have read and understand the information above.:::Yes	I want to participate in this research and continue with the study.:::Yes
6554ea27378d1f1b846788b3	e66f1x0			overall_goal:::plausible and somewhat likely				narrative_intent:::plausible and somewhat likely		author_emotional_response:::plausible and very likely				causal_explanation:::plausible and very likely							prediction:::plausible and somewhat likely	moral:::plausible and very likely						narrative_feeling:::plausible and somewhat likely				aesthetic_feeling:::plausible and somewhat likely		character_appraisal:::plausible and very likely						stance:::plausible and somewhat likely				
6554ea27378d1f1b846788b3	e6sp7tb			overall_goal:::plausible and somewhat likely			narrative_intent:::plausible but somewhat unlikely					author_emotional_response:::plausible and somewhat likely			causal_explanation:::plausible but somewhat unlikely						prediction:::plausible and somewhat likely			moral:::plausible and somewhat likely				narrative_feeling:::plausible and somewhat likely		aesthetic_feeling:::plausible and very likely						character_appraisal:::plausible and somewhat likely				stance:::plausible and somewhat likely				
6554ea27378d1f1b846788b3	Contextual-Reasoning-about-Narrative-Intents-and-Reactions-consent.html																																									I am age 18 or older.:::Yes	I have read and understand the information above.:::Yes	I want to participate in this research and continue with the study.:::Yes
61283769a39dd638c256540c	e66f1x0				overall_goal:::implausible or very unlikely				narrative_intent:::implausible or very unlikely				author_emotional_response:::implausible or very unlikely				causal_explanation:::implausible or very unlikely			prediction:::implausible or very unlikely					moral:::implausible or very unlikely		narrative_feeling:::plausible but somewhat unlikely				aesthetic_feeling:::plausible but somewhat unlikely			character_appraisal:::plausible and very likely							stance:::implausible or very unlikely			
61283769a39dd638c256540c	e6sp7tb	overall_goal:::plausible and very likely				narrative_intent:::plausible and very likely					author_emotional_response:::plausible but somewhat unlikely					causal_explanation:::plausible and somewhat likely			prediction:::plausible but somewhat unlikely						moral:::implausible or very unlikely			narrative_feeling:::plausible and somewhat likely		aesthetic_feeling:::plausible and very likely						character_appraisal:::plausible and somewhat likely			stance:::plausible but somewhat unlikely					
61283769a39dd638c256540c	Contextual-Reasoning-about-Narrative-Intents-and-Reactions-consent.html																																									I am age 18 or older.:::Yes	I have read and understand the information above.:::Yes	I want to participate in this research and continue with the study.:::Yes
6418e61f3b8276ec30d33995	e5tmksj		overall_goal:::plausible but somewhat unlikely					narrative_intent:::plausible and somewhat likely					author_emotional_response:::implausible or very unlikely			causal_explanation:::plausible and somewhat likely				prediction:::implausible or very unlikely				moral:::plausible and somewhat likely			narrative_feeling:::plausible but somewhat unlikely					aesthetic_feeling:::plausible and somewhat likely				character_appraisal:::plausible and somewhat likely			stance:::plausible but somewhat unlikely					
6418e61f3b8276ec30d33995	e62rm3w	overall_goal:::plausible and very likely						narrative_intent:::plausible and somewhat likely			author_emotional_response:::plausible but somewhat unlikely					causal_explanation:::plausible and somewhat likely				prediction:::implausible or very unlikely					moral:::implausible or very unlikely			narrative_feeling:::plausible and somewhat likely					aesthetic_feeling:::implausible or very unlikely			character_appraisal:::plausible and somewhat likely				stance:::plausible and somewhat likely				
6418e61f3b8276ec30d33995	Contextual-Reasoning-about-Narrative-Intents-and-Reactions-consent.html																																									I am age 18 or older.:::Yes	I have read and understand the information above.:::Yes	I want to participate in this research and continue with the study.:::Yes
67d384729cfcada6f4f573de	e5tmksj		overall_goal:::plausible but somewhat unlikely					narrative_intent:::plausible and somewhat likely				author_emotional_response:::plausible and somewhat likely				causal_explanation:::plausible and somewhat likely				prediction:::implausible or very unlikely			moral:::plausible but somewhat unlikely				narrative_feeling:::plausible but somewhat unlikely						aesthetic_feeling:::implausible or very unlikely		character_appraisal:::plausible but somewhat unlikely						stance:::implausible or very unlikely			
67d384729cfcada6f4f573de	e62rm3w			overall_goal:::plausible and somewhat likely				narrative_intent:::plausible and somewhat likely					author_emotional_response:::implausible or very unlikely		causal_explanation:::plausible but somewhat unlikely						prediction:::plausible and somewhat likely			moral:::plausible and somewhat likely			narrative_feeling:::plausible but somewhat unlikely					aesthetic_feeling:::plausible and somewhat likely				character_appraisal:::plausible and somewhat likely				stance:::plausible and somewhat likely				
67d384729cfcada6f4f573de	Contextual-Reasoning-about-Narrative-Intents-and-Reactions-consent.html																																									I am age 18 or older.:::Yes	I have read and understand the information above.:::Yes	I want to participate in this research and continue with the study.:::Yes
651865050634b0ca55fc0d0d	9daoxu	overall_goal:::plausible and very likely						narrative_intent:::plausible and somewhat likely			author_emotional_response:::plausible but somewhat unlikely					causal_explanation:::plausible and somewhat likely					prediction:::plausible and somewhat likely				moral:::implausible or very unlikely				narrative_feeling:::implausible or very unlikely				aesthetic_feeling:::implausible or very unlikely				character_appraisal:::implausible or very unlikely			stance:::plausible and somewhat likely				
651865050634b0ca55fc0d0d	Contextual-Reasoning-about-Narrative-Intents-and-Reactions-consent.html																																									I am age 18 or older.:::Yes	I have read and understand the information above.:::Yes	I want to participate in this research and continue with the study.:::Yes
651865050634b0ca55fc0d0d	e6t10m8			overall_goal:::plausible and somewhat likely			narrative_intent:::plausible but somewhat unlikely						author_emotional_response:::implausible or very unlikely				causal_explanation:::implausible or very unlikely				prediction:::plausible and somewhat likely	moral:::plausible and very likely				narrative_feeling:::plausible and very likely						aesthetic_feeling:::plausible and somewhat likely				character_appraisal:::plausible and somewhat likely			stance:::plausible but somewhat unlikely					
67f2e663124c56672ad024e7	9daoxu		overall_goal:::plausible but somewhat unlikely				narrative_intent:::plausible but somewhat unlikely						author_emotional_response:::implausible or very unlikely			causal_explanation:::plausible and somewhat likely					prediction:::plausible and somewhat likely				moral:::implausible or very unlikely		narrative_feeling:::plausible but somewhat unlikely						aesthetic_feeling:::implausible or very unlikely	character_appraisal:::plausible and very likely				stance:::plausible and very likely						
67f2e663124c56672ad024e7	Contextual-Reasoning-about-Narrative-Intents-and-Reactions-consent.html																																									I am age 18 or older.:::Yes	I have read and understand the information above.:::Yes	I want to participate in this research and continue with the study.:::Yes
67f2e663124c56672ad024e7	e6t10m8			overall_goal:::plausible and somewhat likely				narrative_intent:::plausible and somewhat likely				author_emotional_response:::plausible and somewhat likely					causal_explanation:::implausible or very unlikely	prediction:::plausible and very likely						moral:::plausible and somewhat likely			narrative_feeling:::plausible but somewhat unlikely				aesthetic_feeling:::plausible but somewhat unlikely					character_appraisal:::plausible and somewhat likely		stance:::plausible and very likely						
644b1e452a0061d713dcbf4a	e5tfhcs	overall_goal:::plausible and very likely						narrative_intent:::plausible and somewhat likely					author_emotional_response:::implausible or very unlikely	causal_explanation:::plausible and very likely							prediction:::plausible and somewhat likely			moral:::plausible and somewhat likely			narrative_feeling:::plausible but somewhat unlikely					aesthetic_feeling:::plausible and somewhat likely				character_appraisal:::plausible and somewhat likely				stance:::plausible and somewhat likely				
644b1e452a0061d713dcbf4a	Contextual-Reasoning-about-Narrative-Intents-and-Reactions-consent.html																																									I am age 18 or older.:::Yes	I have read and understand the information above.:::Yes	I want to participate in this research and continue with the study.:::Yes
644b1e452a0061d713dcbf4a	e5dwhrz				overall_goal:::implausible or very unlikely	narrative_intent:::plausible and very likely						author_emotional_response:::plausible and somewhat likely				causal_explanation:::plausible and somewhat likely					prediction:::plausible and somewhat likely			moral:::plausible and somewhat likely			narrative_feeling:::plausible but somewhat unlikely					aesthetic_feeling:::plausible and somewhat likely				character_appraisal:::plausible and somewhat likely				stance:::plausible and somewhat likely				
63e630188c3e4ac4a92b1ff5	e5tfhcs	overall_goal:::plausible and very likely				narrative_intent:::plausible and very likely							author_emotional_response:::implausible or very unlikely			causal_explanation:::plausible and somewhat likely					prediction:::plausible and somewhat likely	moral:::plausible and very likely				narrative_feeling:::plausible and very likely						aesthetic_feeling:::plausible and somewhat likely		character_appraisal:::plausible and very likely						stance:::plausible and somewhat likely				
63e630188c3e4ac4a92b1ff5	Contextual-Reasoning-about-Narrative-Intents-and-Reactions-consent.html																																									I am age 18 or older.:::Yes	I have read and understand the information above.:::Yes	I want to participate in this research and continue with the study.:::Yes
63e630188c3e4ac4a92b1ff5	e5dwhrz				overall_goal:::implausible or very unlikely	narrative_intent:::plausible and very likely						author_emotional_response:::plausible and somewhat likely		causal_explanation:::plausible and very likely					prediction:::plausible but somewhat unlikely					moral:::plausible and somewhat likely			narrative_feeling:::plausible but somewhat unlikely					aesthetic_feeling:::plausible and somewhat likely			character_appraisal:::plausible but somewhat unlikely					stance:::plausible and somewhat likely				
6572244f5a6d2b943074aa73	e6nf5ds	overall_goal:::plausible and very likely						narrative_intent:::plausible and somewhat likely				author_emotional_response:::plausible and somewhat likely			causal_explanation:::plausible but somewhat unlikely					prediction:::implausible or very unlikely				moral:::plausible and somewhat likely			narrative_feeling:::plausible but somewhat unlikely					aesthetic_feeling:::plausible and somewhat likely				character_appraisal:::plausible and somewhat likely				stance:::plausible and somewhat likely				
6572244f5a6d2b943074aa73	Contextual-Reasoning-about-Narrative-Intents-and-Reactions-consent.html																																									I am age 18 or older.:::Yes	I have read and understand the information above.:::Yes	I want to participate in this research and continue with the study.:::Yes
6572244f5a6d2b943074aa73	9igyva	overall_goal:::plausible and very likely				narrative_intent:::plausible and very likely						author_emotional_response:::plausible and somewhat likely					causal_explanation:::implausible or very unlikely	prediction:::plausible and very likely						moral:::plausible and somewhat likely				narrative_feeling:::plausible and somewhat likely		aesthetic_feeling:::plausible and very likely						character_appraisal:::plausible and somewhat likely		stance:::plausible and very likely						
67fec87adf3559492e04deb1	e6nf5ds	overall_goal:::plausible and very likely				narrative_intent:::plausible and very likely						author_emotional_response:::plausible and somewhat likely			causal_explanation:::plausible but somewhat unlikely					prediction:::implausible or very unlikely		moral:::plausible and very likely					narrative_feeling:::plausible but somewhat unlikely					aesthetic_feeling:::plausible and somewhat likely				character_appraisal:::plausible and somewhat likely			stance:::plausible but somewhat unlikely					
67fec87adf3559492e04deb1	Contextual-Reasoning-about-Narrative-Intents-and-Reactions-consent.html																																									I am age 18 or older.:::Yes	I have read and understand the information above.:::Yes	I want to participate in this research and continue with the study.:::Yes
67fec87adf3559492e04deb1	9igyva	overall_goal:::plausible and very likely						narrative_intent:::plausible and somewhat likely				author_emotional_response:::plausible and somewhat likely					causal_explanation:::implausible or very unlikely	prediction:::plausible and very likely						moral:::plausible and somewhat likely				narrative_feeling:::plausible and somewhat likely				aesthetic_feeling:::plausible and somewhat likely			character_appraisal:::plausible but somewhat unlikely			stance:::plausible and very likely						
