Submission id,Participant id,Status,Custom study tncs accepted at,Started at,Completed at,Reviewed at,Archived at,Time taken,Completion code,Total approvals,Fluent languages,Age,Sex,Ethnicity simplified,Country of birth,Country of residence,Nationality,Language,Student status,Employment status
682600904aee28c48c2ca020,675c5393b9b2d381baa880c2,APPROVED,Not Applicable,2025-05-15T14:56:21.320000Z,2025-05-15T15:04:02.667000Z,2025-05-22T17:32:54.069000Z,2025-05-15T15:04:03.636845Z,462.0,CJYS1MGD,684,English,50,Male,White,United States,United States,United States,English,No,Full-Time
68260090f0e9d5d26bf7940c,60da68b6430d90da3b4e9bf6,APPROVED,Not Applicable,2025-05-15T14:56:23.128000Z,2025-05-15T14:58:50.048000Z,2025-05-22T17:32:37.280000Z,2025-05-15T14:58:50.775396Z,147.0,CJYS1MGD,2004,English,35,Male,White,United States,United States,United States,English,No,Unemployed (and job seeking)
6826009399b46add8418dbc2,66aa8d04719b0f5ef3433e9c,APPROVED,Not Applicable,2025-05-15T14:56:25.846000Z,2025-05-15T15:01:58.505000Z,2025-05-22T17:31:09.750000Z,2025-05-15T15:01:59.486728Z,333.0,CJYS1MGD,1001,English,30,Male,Mixed,DATA_EXPIRED,United States,United States,English,DATA_EXPIRED,DATA_EXPIRED
68260094b8d6e2b8f7f4214a,681bdc1e16b44acc6f14c3b6,APPROVED,Not Applicable,2025-05-15T14:56:45.194000Z,2025-05-15T15:05:18.947000Z,2025-05-22T17:31:07.467000Z,2025-05-15T15:05:19.875945Z,514.0,CJYS1MGD,140,"English, French",25,Male,Black,United States,United States,United States,English,DATA_EXPIRED,Part-Time
682600a93bc0dd65aed92efe,6100b94f1750b9db274684c7,APPROVED,Not Applicable,2025-05-15T14:56:44.517000Z,2025-05-15T14:57:50.990000Z,2025-05-22T17:33:08.733000Z,2025-05-15T14:57:51.860591Z,67.0,CJYS1MGD,2159,English,24,Female,White,United States,United States,United States,English,No,Full-Time
682600ac9b25fca5d57a0365,5ae11f9709eae20001132c22,APPROVED,Not Applicable,2025-05-15T14:56:48.576000Z,2025-05-15T15:00:55.572000Z,2025-05-22T17:32:38.164000Z,2025-05-15T15:00:56.411939Z,247.0,CJYS1MGD,11082,English,39,Male,White,United States,United States,United States,English,No,Full-Time
682600b181ff836effacc13f,5ec2f009bc5aac12f131253c,APPROVED,Not Applicable,2025-05-15T14:56:55.269000Z,2025-05-15T15:06:58.004000Z,2025-05-22T17:32:42.975000Z,2025-05-15T15:06:58.865372Z,603.0,CJYS1MGD,3661,English,26,Female,White,United States,United States,United States,English,No,Full-Time
682600b3248e1ccdd51288eb,55ec49b67480920010aaa4e8,APPROVED,Not Applicable,2025-05-15T14:56:55.982000Z,2025-05-15T15:01:22.053000Z,2025-05-22T17:31:47.304000Z,2025-05-15T15:01:23.163500Z,267.0,CJYS1MGD,1328,English,35,Female,Asian,United States,United States,United States,English,No,Full-Time
682600b5c78cbb244f1b6c12,6781e2745214f6bcc5c6d6c0,APPROVED,Not Applicable,2025-05-15T14:56:57.389000Z,2025-05-15T15:00:33.400000Z,2025-05-22T17:32:31.712000Z,2025-05-15T15:00:34.187352Z,217.0,CJYS1MGD,2047,English,34,Male,White,United States,United States,United States,English,No,Full-Time
682600b858680c1c14d94ba1,62e33513e972718797c9aaeb,APPROVED,Not Applicable,2025-05-15T14:56:59.707000Z,2025-05-15T15:02:13.840000Z,2025-05-22T17:32:54.396000Z,2025-05-15T15:02:14.666555Z,315.0,CJYS1MGD,6162,English,47,Male,White,United States,United States,United States,English,No,Full-Time
682600ba9e5905679c96b1ef,673b8d1448db4a031a4a90b2,APPROVED,Not Applicable,2025-05-15T14:57:03.720000Z,2025-05-15T15:03:14.214000Z,2025-05-22T17:32:32.040000Z,2025-05-15T15:03:15.027577Z,371.0,CJYS1MGD,1144,English,33,Male,White,United States,United States,United States,English,No,Full-Time
682600c4d4f2ed5a8a934d9f,65ecbbfd7c441da2b07a6faa,APPROVED,Not Applicable,2025-05-15T14:57:13.268000Z,2025-05-15T15:02:40.601000Z,2025-05-22T17:32:38.458000Z,2025-05-15T15:02:41.523906Z,328.0,CJYS1MGD,1434,English,35,Male,White,United States,United States,United States,English,No,Unemployed (and job seeking)
682600d2d25ebc41094d6ba8,67686162ff8e505d86353187,APPROVED,Not Applicable,2025-05-15T14:57:27.404000Z,2025-05-15T15:05:50.586000Z,2025-05-22T17:31:11.334000Z,2025-05-15T15:05:51.481901Z,504.0,CJYS1MGD,519,"English, French",28,Female,Black,United States,United States,United States,English,No,Full-Time
682600d7dfc38f7906a7d178,67253674cbd9660a78160144,APPROVED,Not Applicable,2025-05-15T14:57:30.644000Z,2025-05-15T15:07:53Z,2025-05-22T17:32:54.696000Z,2025-05-15T15:07:53.922169Z,623.0,CJYS1MGD,140,"Arabic, English, French",47,Male,White,Algeria,United States,United States,English,No,Unemployed (and job seeking)
682600d9f44834bd4e3eaaac,67d3b49259e028491a5de44c,APPROVED,Not Applicable,2025-05-15T14:58:18.606000Z,2025-05-15T15:07:59.864000Z,2025-05-22T17:32:32.488000Z,2025-05-15T15:08:00.831543Z,582.0,CJYS1MGD,511,English,33,Male,White,United States,United States,United States,English,No,Full-Time
682600e1bb5442340d27f626,660338e4a1acbad65a2955ec,APPROVED,Not Applicable,2025-05-15T15:01:57.025000Z,2025-05-15T15:10:44.419000Z,2025-05-22T17:32:43.303000Z,2025-05-15T15:10:45.425430Z,528.0,CJYS1MGD,2337,English,30,Female,White,United States,United States,United States,English,No,Full-Time
682600e4607c91cae666e0b7,67a5f11bc9d44aa78232f05c,APPROVED,Not Applicable,2025-05-15T14:57:47.363000Z,2025-05-15T15:09:13.748000Z,2025-05-22T17:32:16.640000Z,2025-05-15T15:09:14.546713Z,687.0,CJYS1MGD,831,English,75,Male,White,United States,United States,United States,English,No,"Not in paid work (e.g. homemaker', 'retired or disabled)"
682600f640b52327c7c9585c,655f97cd4f1c17ae262fd0fa,APPROVED,Not Applicable,2025-05-15T14:58:01.647000Z,2025-05-15T15:06:09.063000Z,2025-05-22T17:31:11.753000Z,2025-05-15T15:06:09.979178Z,488.0,CJYS1MGD,3562,"English, Other",31,Female,Black,United States,United States,United States,English,DATA_EXPIRED,DATA_EXPIRED
682600f950efb64009ba8047,673a4a4738521c3458ee43fb,APPROVED,Not Applicable,2025-05-15T15:00:28.524000Z,2025-05-15T15:09:03.400000Z,2025-05-22T17:31:22.939000Z,2025-05-15T15:09:04.419325Z,515.0,CJYS1MGD,993,"English, Swahili",35,Male,Black,Kenya,United States,United States,English,No,Full-Time
682600f96fd3ab32c3bba228,5c663cd56fdc87000162e255,APPROVED,Not Applicable,2025-05-15T14:58:01.090000Z,2025-05-15T15:06:12.977000Z,2025-05-22T17:32:32.848000Z,2025-05-15T15:06:14.142411Z,492.0,CJYS1MGD,9767,English,27,Male,White,United States,United States,United States,English,No,DATA_EXPIRED
682600fae6237147f7b0e035,67cd94b40682dece16344252,APPROVED,Not Applicable,2025-05-15T14:58:02.489000Z,2025-05-15T15:13:19.348000Z,2025-05-22T17:32:33.157000Z,2025-05-15T15:13:20.306459Z,917.0,CJYS1MGD,280,English,30,Male,White,United States,United States,United States,English,Yes,Part-Time
682601069afd8f85e19e57db,682351e5764c5a12a75e2129,APPROVED,Not Applicable,2025-05-15T14:58:22.225000Z,2025-05-15T15:12:11.199000Z,2025-05-22T17:31:42.735000Z,2025-05-15T15:12:12.096419Z,829.0,CJYS1MGD,21,English,24,Female,Black,South Africa,United States,United States,English,No,Part-Time
6826010814daaa3dd0499aa6,6786ef06b18cba5787ac1aa8,APPROVED,Not Applicable,2025-05-15T14:58:44.316000Z,2025-05-15T15:08:31.602000Z,2025-05-22T17:31:27.446000Z,2025-05-15T15:20:12.532393Z,588.0,CJYS1MGD,403,English,41,Female,Black,United States,United States,United States,English,No,Full-Time
6826010a66f0903bbdbf3d0c,655f9bb3070d42d4bc67e866,APPROVED,Not Applicable,2025-05-15T14:58:31.769000Z,2025-05-15T15:03:33.571000Z,2025-05-22T17:31:12.275000Z,2025-05-15T15:03:34.418778Z,302.0,CJYS1MGD,2009,English,26,Female,Black,United States,United States,United States,English,No,Full-Time
6826012a9afd8f85e19e57e1,680ea31a5d3112894ff2b067,APPROVED,Not Applicable,2025-05-15T14:59:03.984000Z,2025-05-15T15:02:14.917000Z,2025-05-22T17:32:43.620000Z,2025-05-15T15:02:15.764148Z,191.0,CJYS1MGD,147,English,32,Female,White,United States,United States,United States,English,No,Full-Time
68260130c13032edab6f32fd,661b3eeea891251d71cf97d5,APPROVED,Not Applicable,2025-05-15T14:59:43.934000Z,2025-05-15T15:08:16.567000Z,2025-05-22T17:31:07.884000Z,2025-05-15T15:08:17.383202Z,513.0,CJYS1MGD,1537,"English, Swahili",33,Male,Black,Kenya,United States,United States,English,Yes,Full-Time
682601666dab154a65378032,673fd65df63a840769d58897,APPROVED,Not Applicable,2025-05-15T15:00:03.209000Z,2025-05-15T15:07:32.935000Z,2025-05-22T17:31:27.925000Z,2025-05-15T15:07:33.928363Z,450.0,CJYS1MGD,1353,English,38,Female,Black,United States,United States,United States,English,No,Full-Time
682601a0e6237147f7b0e04d,67c63afd19ef46deb942f263,APPROVED,Not Applicable,2025-05-15T15:00:56.215000Z,2025-05-15T15:10:17.983000Z,2025-05-22T17:31:12.741000Z,2025-05-15T15:10:18.857302Z,562.0,CJYS1MGD,623,English,27,Female,Black,United States,United States,United States,English,No,Part-Time
682601b14dc38c6857b5aa6b,67ef1974a5029de6ca1006fc,APPROVED,Not Applicable,2025-05-15T15:01:19.052000Z,2025-05-15T15:06:58.469000Z,2025-05-22T17:31:08.398000Z,2025-05-15T15:06:59.356259Z,340.0,CJYS1MGD,735,English,28,Male,Black,United States,United States,United States,English,No,Part-Time
682601b21dc75546fb0b5b56,5640c041074be6000a5e997e,APPROVED,Not Applicable,2025-05-15T15:03:06.508000Z,2025-05-15T15:17:52.745000Z,2025-05-22T17:32:43.948000Z,2025-05-15T15:17:53.686159Z,887.0,CJYS1MGD,935,English,32,Female,White,United States,United States,United States,English,Yes,Part-Time
682601c39462f2edd449595c,673a45234c5d639c22265c51,APPROVED,Not Applicable,2025-05-15T15:01:31.967000Z,2025-05-15T15:12:46.840000Z,2025-05-22T17:32:47.993000Z,2025-05-15T15:12:47.693222Z,675.0,CJYS1MGD,426,English,42,Female,White,United States,United States,United States,English,No,Part-Time
682601ec0c8a88a0650deb4b,6772be1363ec1102cc8bc48d,APPROVED,Not Applicable,2025-05-15T15:02:10.566000Z,2025-05-15T15:08:05.299000Z,2025-05-22T17:31:35.536000Z,2025-05-15T15:08:06.133079Z,355.0,CJYS1MGD,981,English,45,Female,Mixed,United States,United States,United States,English,No,Other
682601ef35c1705cc7cceb5a,682394e6a122eee9724fc51d,APPROVED,Not Applicable,2025-05-15T15:02:19.711000Z,2025-05-15T15:08:52.286000Z,2025-05-22T17:32:55.019000Z,2025-05-15T15:08:53.302043Z,393.0,CJYS1MGD,35,English,52,Male,White,United States,United States,United States,English,No,Full-Time
682601f8b2746a858f02338e,5c82da3d1dcc91001491b639,APPROVED,Not Applicable,2025-05-15T15:02:22.092000Z,2025-05-15T15:11:40.137000Z,2025-05-22T17:32:59.436000Z,2025-05-15T15:11:41.100972Z,559.0,CJYS1MGD,1415,English,51,Female,White,United States,United States,United States,English,No,DATA_EXPIRED
6826021340b52327c7c9588d,6734c699d11234d19b0be0ec,APPROVED,Not Applicable,2025-05-15T15:02:52.925000Z,2025-05-15T15:06:33.425000Z,2025-05-22T17:32:33.478000Z,2025-05-15T15:06:34.336818Z,221.0,CJYS1MGD,1012,English,29,Male,White,United States,United States,United States,English,DATA_EXPIRED,Full-Time
6826023386dc468eb8eb063b,659584067824b64f084b6c76,APPROVED,Not Applicable,2025-05-15T15:04:12.801000Z,2025-05-15T15:08:06.556000Z,2025-05-22T17:31:47.652000Z,2025-05-15T15:08:07.532942Z,234.0,CJYS1MGD,1191,"English, Vietnamese",35,Female,Asian,Vietnam,United States,United States,Vietnamese,No,Full-Time
6826023ba706bb26f7d51038,6811dfb624e0c34cfe6d1e2b,APPROVED,Not Applicable,2025-05-15T15:03:38.151000Z,2025-05-15T15:16:41.055000Z,2025-05-22T17:32:17.037000Z,2025-05-15T15:16:42.244263Z,783.0,CJYS1MGD,42,English,58,Male,White,United States,United States,United States,English,No,"Not in paid work (e.g. homemaker', 'retired or disabled)"
682602657022aa4695709ee3,674b42e0550b2d74028f16f2,APPROVED,Not Applicable,2025-05-15T15:04:10.468000Z,2025-05-15T15:11:00.687000Z,2025-05-22T17:32:55.364000Z,2025-05-15T15:11:01.788886Z,411.0,CJYS1MGD,897,English,50,Male,White,United States,United States,United States,English,No,"Not in paid work (e.g. homemaker', 'retired or disabled)"
6826026cf7da4f2a26a0a3dc,67edb75b0744561f1cf6ff9d,APPROVED,Not Applicable,2025-05-15T15:04:32.998000Z,2025-05-15T15:09:13.834000Z,2025-05-22T17:32:59.735000Z,2025-05-15T15:09:14.688905Z,281.0,CJYS1MGD,462,English,51,Female,White,United States,United States,Italy,English,No,Full-Time
682602af8e2ddfe1189f2441,67db775487217185bae3c844,APPROVED,Not Applicable,2025-05-15T15:05:30.757000Z,2025-05-15T15:13:52.367000Z,2025-05-22T17:33:00.085000Z,2025-05-15T15:13:53.370215Z,502.0,CJYS1MGD,399,English,45,Female,White,United States,United States,United States,English,No,Full-Time
682602d21dc75546fb0b5b75,673901e7ad5a83e48d989ff3,APPROVED,Not Applicable,2025-05-15T15:06:04.813000Z,2025-05-15T15:07:24.084000Z,2025-05-22T17:31:02.356000Z,2025-05-15T15:07:24.938977Z,80.0,CJYS1MGD,850,English,57,Male,Black,United States,United States,United States,English,Yes,Unemployed (and job seeking)
682602e166471c4f86258fd6,5d58b018a0c0940001a47057,APPROVED,Not Applicable,2025-05-15T15:06:25.067000Z,2025-05-15T15:26:43.218000Z,2025-05-22T17:33:00.399000Z,2025-05-15T15:26:44.193097Z,1219.0,CJYS1MGD,2735,English,50,Female,White,United States,United States,United States,English,No,Part-Time
682602e5ad8758ca7c30fd7d,67d3047928d1b4f6d6f90ca2,APPROVED,Not Applicable,2025-05-15T15:06:12.992000Z,2025-05-15T15:10:14.680000Z,2025-05-22T17:32:33.844000Z,2025-05-15T15:10:15.559953Z,242.0,CJYS1MGD,853,English,28,Male,White,United States,United States,United States,English,No,Unemployed (and job seeking)
682602fb3e2c7fb9b328f400,67e7104b9a192e805dad4634,APPROVED,Not Applicable,2025-05-15T15:06:47.908000Z,2025-05-15T15:12:27.688000Z,2025-05-22T17:32:17.368000Z,2025-05-15T15:12:28.480201Z,340.0,CJYS1MGD,518,English,73,Male,White,United States,United States,United States,English,No,Full-Time
68260312e082c3f49905aca6,5fd0dc0d8dae67016ed65a54,APPROVED,Not Applicable,2025-05-15T15:07:06.563000Z,2025-05-15T15:13:09.309000Z,2025-05-22T17:32:34.149000Z,2025-05-15T15:13:10.129324Z,363.0,CJYS1MGD,8816,English,34,Male,White,United States,United States,United States,English,No,Full-Time
68260312f2495d17ed8afde5,67322550bd5dfa0cd2958366,APPROVED,Not Applicable,2025-05-15T15:07:04.667000Z,2025-05-15T15:17:18.603000Z,2025-05-22T17:32:38.776000Z,2025-05-15T15:17:19.304183Z,614.0,CJYS1MGD,1377,English,44,Male,White,United States,United States,United States,English,DATA_EXPIRED,DATA_EXPIRED
6826032cee1e86f85208a5d0,673b5af372053fd337ec2b07,APPROVED,Not Applicable,2025-05-15T15:07:53.841000Z,2025-05-15T15:20:42.916000Z,2025-05-22T17:31:58.775000Z,2025-05-15T15:20:43.653479Z,770.0,CJYS1MGD,1272,English,65,Female,White,United States,United States,United States,English,No,"Not in paid work (e.g. homemaker', 'retired or disabled)"
6826034913f7b1624b38aa1d,5c23c03889f035000173d7d7,APPROVED,Not Applicable,2025-05-15T15:07:53.016000Z,2025-05-15T15:19:01.098000Z,2025-05-22T17:31:45.561000Z,2025-05-15T15:19:01.958886Z,669.0,CJYS1MGD,10352,English,32,Female,Asian,United States,United States,United States,English,DATA_EXPIRED,Full-Time
6826034f51e4c004bcf5589a,67d48b7362db1d5aa25093c4,APPROVED,Not Applicable,2025-05-15T15:08:15.903000Z,2025-05-15T15:17:16.569000Z,2025-05-22T17:32:34.471000Z,2025-05-15T15:17:17.317906Z,541.0,CJYS1MGD,521,English,34,Male,White,United States,United States,United States,English,DATA_EXPIRED,Full-Time
68260357b66430639922ea15,674b46b00690584bddd6e33b,APPROVED,Not Applicable,2025-05-15T15:08:17.739000Z,2025-05-15T15:11:18.998000Z,2025-05-22T17:33:09.145000Z,2025-05-15T15:11:19.818251Z,182.0,CJYS1MGD,1261,English,23,Female,White,United States,United States,United States,English,No,Full-Time
682603591234ea7c0ce53d67,5e6439d24659d01c218bcbc9,APPROVED,Not Applicable,2025-05-15T15:08:37.226000Z,2025-05-15T15:13:36.906000Z,2025-05-22T17:32:44.253000Z,2025-05-15T15:13:37.793094Z,300.0,CJYS1MGD,785,English,26,Female,White,United States,United States,United States,English,No,Full-Time
68260360ec553910b3aa4f1e,66bcffc3e6f77501141b3d0f,APPROVED,Not Applicable,2025-05-15T15:08:16.637000Z,2025-05-15T15:17:22.311000Z,2025-05-22T17:32:39.073000Z,2025-05-15T15:17:23.096601Z,546.0,CJYS1MGD,1555,"English, Spanish",37,Male,White,United States,United States,United States,English,DATA_EXPIRED,DATA_EXPIRED
6826036f0435da677a0b89a6,5dbaded2af6b8e0e8c3632ed,APPROVED,Not Applicable,2025-05-15T15:08:31.597000Z,2025-05-15T15:15:05.475000Z,2025-05-22T17:32:39.416000Z,2025-05-15T15:15:06.393505Z,394.0,CJYS1MGD,4783,English,44,Male,White,United States,United States,United States,English,DATA_EXPIRED,Full-Time
6826038522275aff80486706,6740d653cdcb761549cf2b7b,APPROVED,Not Applicable,2025-05-15T15:08:53.050000Z,2025-05-15T15:12:14.102000Z,2025-05-22T17:31:08.798000Z,2025-05-15T15:12:17.018192Z,202.0,CJYS1MGD,1109,English,27,Male,Black,United States,United States,United States,English,No,Full-Time
682603902f6c9f35f8bba26e,67d8c57426d3c8cb84cea60e,APPROVED,Not Applicable,2025-05-15T15:09:16.726000Z,2025-05-15T15:14:14.286000Z,2025-05-22T17:31:43.239000Z,2025-05-15T15:14:15.166185Z,298.0,CJYS1MGD,511,English,20,Female,Black,United States,United States,United States,English,No,Full-Time
682603990b95635ffed80ee2,66cb6abbf0a15bddb08767d5,APPROVED,Not Applicable,2025-05-15T15:09:13.800000Z,2025-05-15T15:18:13.581000Z,2025-05-22T17:32:55.700000Z,2025-05-15T15:18:14.418709Z,540.0,CJYS1MGD,1310,English,50,Male,White,United States,United States,United States,English,DATA_EXPIRED,Full-Time
6826039ba33c6748678a0a65,6782b2f4bd70e1c0a9a36590,APPROVED,Not Applicable,2025-05-15T15:09:22.176000Z,2025-05-15T15:14:27.354000Z,2025-05-22T17:32:34.806000Z,2025-05-15T15:14:28.279080Z,306.0,CJYS1MGD,784,English,33,Male,White,United States,United States,United States,English,No,Full-Time
682603dc0620647d2621efbc,647a791065c6c348a325ab54,APPROVED,Not Applicable,2025-05-15T15:10:29.814000Z,2025-05-15T15:16:55.421000Z,2025-05-22T17:31:59.397000Z,2025-05-15T15:16:56.179457Z,386.0,CJYS1MGD,1408,English,60,Female,White,United States,United States,United States,English,No,"Not in paid work (e.g. homemaker', 'retired or disabled)"
682603de2062c287c9f289cb,6296290ec41bde1525dbb77e,APPROVED,Not Applicable,2025-05-15T15:10:28.313000Z,2025-05-15T15:19:14.703000Z,2025-05-22T17:32:39.724000Z,2025-05-15T15:19:15.573155Z,527.0,CJYS1MGD,4547,English,39,Male,White,United States,United States,United States,English,No,Part-Time
682603e0abed0adb21fc4803,66c215f37fb5c5aced53c73e,APPROVED,Not Applicable,2025-05-15T15:10:35.662000Z,2025-05-15T15:34:18.906000Z,2025-05-22T17:32:35.112000Z,2025-05-15T15:34:19.783368Z,1424.0,CJYS1MGD,1365,"Tagalog-Filipino, Spanish, English",34,Male,White,United States,United States,United States,English,No,Full-Time
682603f46aedb32b6387c47c,5d8b32e664ac880018630273,APPROVED,Not Applicable,2025-05-15T15:10:44.491000Z,2025-05-15T15:18:09.622000Z,2025-05-22T17:32:35.425000Z,2025-05-15T15:18:10.349068Z,446.0,CJYS1MGD,4939,English,31,Male,White,United States,United States,United States,English,No,Part-Time
682604058b42ce13d51b41dd,5eed3df84fcaa015f3e06637,APPROVED,Not Applicable,2025-05-15T15:18:22.414000Z,2025-05-15T15:35:33.928000Z,2025-05-22T17:32:56.038000Z,2025-05-15T15:35:34.945377Z,1032.0,CJYS1MGD,958,English,46,Male,White,United States,United States,United States,English,DATA_EXPIRED,DATA_EXPIRED
6826042c9e5905679c96b265,607c9f94cc974d4ea1dc22c8,APPROVED,Not Applicable,2025-05-15T15:11:45.915000Z,2025-05-15T15:24:29.390000Z,2025-05-22T17:32:17.683000Z,2025-05-15T15:24:30.226245Z,764.0,CJYS1MGD,4942,English,68,Male,White,United States,United States,United States,English,No,DATA_EXPIRED
6826042cde6295141eee7064,65da5ea53cf757c346ee5b18,APPROVED,Not Applicable,2025-05-15T15:11:44.514000Z,2025-05-15T15:17:22.355000Z,2025-05-22T17:32:35.722000Z,2025-05-15T15:17:23.588790Z,338.0,CJYS1MGD,2815,"English, Spanish",28,Male,White,United States,United States,United States,English,No,Unemployed (and job seeking)
6826044b42ec0c8d94b0a03c,671e3bfd39d6c9c60589ebec,APPROVED,Not Applicable,2025-05-15T15:12:18.931000Z,2025-05-15T15:15:47.491000Z,2025-05-22T17:33:00.734000Z,2025-05-15T15:15:48.215473Z,209.0,CJYS1MGD,1157,English,46,Female,White,United States,United States,United States,English,No,Full-Time
6826044fc13f48c36194c38b,680ec20c2c04f66e462e3c5c,APPROVED,Not Applicable,2025-05-15T15:12:22.031000Z,2025-05-15T15:30:32.557000Z,2025-05-22T17:31:59.755000Z,2025-05-15T15:30:33.381558Z,1091.0,CJYS1MGD,88,English,72,Female,White,United States,United States,United States,English,No,Other
6826045c7d5872627e2ce5d6,581e0aee4182b600017307ea,APPROVED,Not Applicable,2025-05-15T15:12:51.879000Z,2025-05-15T15:25:39.536000Z,2025-05-22T17:32:56.556000Z,2025-05-15T15:25:40.248825Z,768.0,CJYS1MGD,8221,English,52,Male,White,United States,United States,United States,English,No,Part-Time
6826048b8c807fc436536e32,6738ebefb44d56e59f807d64,APPROVED,Not Applicable,2025-05-15T15:19:41.247000Z,2025-05-15T15:27:29.487000Z,2025-05-22T17:33:01.118000Z,2025-05-15T15:27:30.457989Z,469.0,CJYS1MGD,632,English,46,Female,White,United States,United States,United States,English,Yes,Part-Time
6826049042ec0c8d94b0a05f,60fd6618f9a377f54dcdf318,APPROVED,Not Applicable,2025-05-15T15:16:26.012000Z,2025-05-15T15:24:51.595000Z,2025-05-22T17:31:26.195000Z,2025-05-15T15:24:52.421525Z,506.0,CJYS1MGD,10339,English,39,Male,Mixed,United States,United States,United States,English,Yes,Full-Time
682604a297a3640f6ae33311,663d0e210e239265b07238f1,APPROVED,Not Applicable,2025-05-15T15:13:49.063000Z,2025-05-15T15:18:23.523000Z,2025-05-22T17:31:26.607000Z,2025-05-15T15:18:24.300943Z,275.0,CJYS1MGD,439,English,36,Male,Mixed,United States,United States,United States,English,DATA_EXPIRED,DATA_EXPIRED
682604f98305a394a972cac4,67acea60283b9ad009444b49,APPROVED,Not Applicable,2025-05-15T15:15:12.771000Z,2025-05-15T15:25:39.667000Z,2025-05-22T17:32:44.568000Z,2025-05-15T15:25:40.564564Z,627.0,CJYS1MGD,529,English,29,Female,White,United States,United States,United States,English,No,Full-Time
682604fbdfb9294a648df9af,5c553e0ad3cc6b0001d98fd3,APPROVED,Not Applicable,2025-05-15T15:15:07.311000Z,2025-05-15T15:24:03.112000Z,2025-05-22T17:33:01.572000Z,2025-05-15T15:24:03.943080Z,536.0,CJYS1MGD,735,English,53,Female,White,United States,United States,United States,English,DATA_EXPIRED,DATA_EXPIRED
682605591157063693f562a1,5cd08e2ff59e0a0013563602,APPROVED,Not Applicable,2025-05-15T15:16:45.826000Z,2025-05-15T15:28:57.952000Z,2025-05-22T17:32:40.032000Z,2025-05-15T15:28:58.815308Z,733.0,CJYS1MGD,8682,"English, French, Spanish",37,Male,White,United States,United States,United States,English,DATA_EXPIRED,DATA_EXPIRED
6826055c741efec5e2192fb3,67d8b5e7ceb82869824198a2,APPROVED,Not Applicable,2025-05-15T15:16:49.812000Z,2025-05-15T15:28:57.527000Z,2025-05-22T17:32:00.137000Z,2025-05-15T15:28:58.295149Z,728.0,CJYS1MGD,1012,English,63,Female,White,United States,United States,United States,English,No,"Not in paid work (e.g. homemaker', 'retired or disabled)"
682605679a9b8dc2b3a0dac3,5f85bcb11941de066ef7d941,APPROVED,Not Applicable,2025-05-15T15:17:08.572000Z,2025-05-15T15:22:11.422000Z,2025-05-22T17:32:40.332000Z,2025-05-15T15:22:12.242181Z,303.0,CJYS1MGD,736,English,35,Male,White,United States,United States,United States,English,No,Full-Time
6826056a7af0b8247a91773f,6117efedb574017076d5b499,APPROVED,Not Applicable,2025-05-15T15:19:43.024000Z,2025-05-15T15:28:51.485000Z,2025-05-22T17:32:44.894000Z,2025-05-15T15:28:52.431688Z,549.0,CJYS1MGD,3428,English,32,Female,White,United States,United States,United States,English,No,DATA_EXPIRED
6826057c6db7122afd3514df,6637b21240220c2517fffa1a,APPROVED,Not Applicable,2025-05-15T15:17:49.017000Z,2025-05-15T15:25:42.743000Z,2025-05-22T17:32:00.479000Z,2025-05-15T15:25:43.548849Z,474.0,CJYS1MGD,2672,English,62,Female,White,United States,United States,United States,English,No,"Not in paid work (e.g. homemaker', 'retired or disabled)"
682605820b12cfc930a84ac6,5e39d872793a082024d9cf18,APPROVED,Not Applicable,2025-05-15T15:18:19.825000Z,2025-05-15T15:24:26.435000Z,2025-05-22T17:32:40.667000Z,2025-05-15T15:24:27.174656Z,367.0,CJYS1MGD,9949,English,44,Male,White,United States,United States,United States,English,Yes,Full-Time
682605837323a31e5403af97,5d803d51aa53f30015ce5b77,APPROVED,Not Applicable,2025-05-15T15:17:26.989000Z,2025-05-15T15:22:01.441000Z,2025-05-22T17:31:46.057000Z,2025-05-15T15:22:02.204978Z,275.0,CJYS1MGD,1078,"Chinese, English",32,Female,Asian,Hong Kong,United States,United States,English,No,Full-Time
68260583cb7424e6db817450,6671c66b6e4bc111961291ae,APPROVED,Not Applicable,2025-05-15T15:17:27.691000Z,2025-05-15T15:26:05.505000Z,2025-05-22T17:32:36.037000Z,2025-05-15T15:26:06.313076Z,518.0,CJYS1MGD,1397,English,27,Male,White,United States,United States,United States,English,No,Full-Time
682605a013d02f4182776087,66f729df50af5520146faa1c,APPROVED,Not Applicable,2025-05-15T15:18:02.067000Z,2025-05-15T15:24:15.705000Z,2025-05-22T17:32:57.033000Z,2025-05-15T15:24:16.426991Z,374.0,CJYS1MGD,804,English,50,Male,White,United States,United States,United States,English,No,Full-Time
682605b1c04848d370592ceb,67cc685deb5f04f1fa1ed641,APPROVED,Not Applicable,2025-05-15T15:18:09.650000Z,2025-05-15T15:30:43.134000Z,2025-05-22T17:32:45.199000Z,2025-05-15T15:30:44.024885Z,754.0,CJYS1MGD,1131,English,30,Female,White,United States,United States,United States,English,No,Part-Time
682605b70d0fa0f8ba3efec1,62b0d928b1eb191d733f9ebd,APPROVED,Not Applicable,2025-05-15T15:18:28.863000Z,2025-05-15T15:27:36.151000Z,2025-05-22T17:32:40.977000Z,2025-05-15T15:27:36.884312Z,548.0,CJYS1MGD,1818,"English, Korean",38,Male,White,United States,United States,United States,English,No,Full-Time
682605bf4264bb48f11b84b6,65ea74a53a2f3ce64c0b9b92,APPROVED,Not Applicable,2025-05-15T15:18:29.210000Z,2025-05-15T15:26:54.688000Z,2025-05-22T17:32:36.419000Z,2025-05-15T15:26:56.447014Z,506.0,CJYS1MGD,1019,English,31,Male,White,United States,United States,Portugal,English,Yes,Full-Time
682605e6712069399c5c7951,6109a2dbe566411f860e302a,APPROVED,Not Applicable,2025-05-15T15:19:06.198000Z,2025-05-15T15:23:30.241000Z,2025-05-22T17:32:45.513000Z,2025-05-15T15:23:31.313930Z,265.0,CJYS1MGD,1043,English,29,Female,White,United States,United States,United States,English,DATA_EXPIRED,DATA_EXPIRED
682605f3434de1aef11f4567,66310bdf15d4ae07f1daf351,APPROVED,Not Applicable,2025-05-15T15:19:20.112000Z,2025-05-15T15:27:42.465000Z,2025-05-22T17:31:27.032000Z,2025-05-15T15:27:43.479913Z,503.0,CJYS1MGD,1347,English,43,Male,Mixed,United States,United States,United States,English,DATA_EXPIRED,Full-Time
6826064b273f988c45d30fae,644857a2d21eca3ffb31101e,APPROVED,Not Applicable,2025-05-15T15:22:13.962000Z,2025-05-15T15:35:59.353000Z,2025-05-22T17:55:24.860000Z,2025-05-22T17:55:25.002722Z,826.0,CJYS1MGD,1206,English,63,Male,White,United States,United States,United States,English,No,Other
6826066917b40e72809382f8,5c85fe8e36f2450001c86df8,APPROVED,Not Applicable,2025-05-15T15:21:21.065000Z,2025-05-15T15:26:43.417000Z,2025-05-22T17:33:01.917000Z,2025-05-15T15:26:44.138002Z,323.0,CJYS1MGD,3273,English,50,Female,White,United States,United States,United States,English,DATA_EXPIRED,DATA_EXPIRED
6826069907ea50a491d689a3,66e5cf7a11cb28aa31d19da8,APPROVED,Not Applicable,2025-05-15T15:22:23.092000Z,2025-05-15T15:39:17.885000Z,2025-05-22T17:32:00.866000Z,2025-05-15T15:39:18.782722Z,1015.0,CJYS1MGD,1020,English,55,Female,White,United States,United States,United States,English,No,Full-Time
682606f22c78ac83645ab79d,665cd9869a0ffe598b8b84a7,APPROVED,Not Applicable,2025-05-15T15:23:43.350000Z,2025-05-15T15:32:09.647000Z,2025-05-22T17:32:57.430000Z,2025-05-15T15:32:10.490650Z,507.0,CJYS1MGD,1257,"Dutch, English, Spanish, Other",54,Male,White,Netherlands,United States,United States,English,DATA_EXPIRED,Full-Time
6826071f9c2c65e85c883aa2,67dec9db6374158730a43a9b,APPROVED,Not Applicable,2025-05-15T15:24:21.760000Z,2025-05-15T15:28:05.633000Z,2025-05-22T17:32:57.714000Z,2025-05-15T15:28:06.511455Z,224.0,CJYS1MGD,251,English,46,Male,White,United States,United States,DATA_EXPIRED,English,DATA_EXPIRED,DATA_EXPIRED
682607345643ae90cf4dc491,6640be7edc706d4622dbab1c,APPROVED,Not Applicable,2025-05-15T15:25:00.509000Z,2025-05-15T15:28:59.567000Z,2025-05-22T17:54:53.072000Z,2025-05-22T17:54:53.197986Z,240.0,CJYS1MGD,2206,English,24,Female,Mixed,United States,United States,United States,English,No,Full-Time
68260734b197c08a8a38a71a,5f16f559325a640008bb9a07,APPROVED,Not Applicable,2025-05-15T15:24:40.557000Z,2025-05-15T15:25:48.770000Z,2025-05-22T17:32:41.320000Z,2025-05-15T15:25:49.454768Z,69.0,CJYS1MGD,11349,English,38,Male,White,United States,United States,United States,English,No,Full-Time
6826074b9887dee6783277e1,677ca730878568e38dae5234,APPROVED,Not Applicable,2025-05-15T15:26:44.664000Z,2025-05-15T15:35:54.297000Z,2025-05-22T17:54:29.843000Z,2025-05-22T17:54:29.974884Z,550.0,CJYS1MGD,701,English,30,Male,Asian,United States,United States,United States,English,Yes,Other
6826074caa063318700e4765,58f0fca0d40252000192f201,APPROVED,Not Applicable,2025-05-15T15:25:07.402000Z,2025-05-15T15:29:52.090000Z,2025-05-22T17:55:05.003000Z,2025-05-22T17:55:05.129131Z,285.0,CJYS1MGD,16869,English,44,Male,White,United States,United States,United States,English,No,Full-Time
68260774ec24358e79873e04,5a3bdd2c8d005a0001829f3e,APPROVED,Not Applicable,2025-05-15T15:25:40.620000Z,2025-05-15T15:31:44.867000Z,2025-05-22T17:31:19.018000Z,2025-05-15T15:31:45.670193Z,365.0,CJYS1MGD,11179,"English, Spanish",34,Male,Other,United States,United States,United States,English,No,Full-Time
682607754017343ff4aca901,667af145fa8225b6be0e79b8,APPROVED,Not Applicable,2025-05-15T15:25:47.170000Z,2025-05-15T15:33:19.501000Z,2025-05-22T17:32:18.022000Z,2025-05-15T15:33:20.319509Z,453.0,CJYS1MGD,658,English,61,Male,White,Canada,United States,United States,English,No,"Not in paid work (e.g. homemaker', 'retired or disabled)"
6826077c13655003bb15b8b0,663b1d689aa0798a42c49d90,APPROVED,Not Applicable,2025-05-15T15:29:29.949000Z,2025-05-15T15:35:09.243000Z,2025-05-22T17:32:48.360000Z,2025-05-15T15:35:11.334081Z,340.0,CJYS1MGD,1211,English,35,Female,White,United States,United States,United States,English,DATA_EXPIRED,Full-Time
6826077e7fd45423ced79e51,6792a60bf1238ae52e645ecb,APPROVED,Not Applicable,2025-05-15T15:26:51.514000Z,2025-05-15T15:39:25.109000Z,2025-05-22T17:32:45.836000Z,2025-05-15T15:39:26.147291Z,754.0,CJYS1MGD,539,English,26,Female,White,United States,United States,United States,English,No,Part-Time
6826078d3b24b490c52ee79b,665b7b047373d8da553237a6,APPROVED,Not Applicable,2025-05-15T15:26:05.521000Z,2025-05-15T15:31:36.191000Z,2025-05-22T17:31:44.620000Z,2025-05-15T15:31:37.108163Z,331.0,CJYS1MGD,2557,English,25,Male,Asian,United States,United States,United States,English,No,Unemployed (and job seeking)
682607935556f1b1b3eb0674,67dc9cffb3730801f1662fbb,APPROVED,Not Applicable,2025-05-15T15:26:11.368000Z,2025-05-15T15:46:43.325000Z,2025-05-22T17:31:34.312000Z,2025-05-15T15:46:44.307497Z,1232.0,CJYS1MGD,127,English,52,Female,Black,United States,United States,United States,English,DATA_EXPIRED,DATA_EXPIRED
682607b36aeea799bccea776,66298b9925888b2e93c3d3de,APPROVED,Not Applicable,2025-05-15T15:26:43.787000Z,2025-05-15T15:34:30.205000Z,2025-05-22T17:33:02.314000Z,2025-05-15T15:34:31.169812Z,467.0,CJYS1MGD,2826,English,49,Female,White,United States,United States,United States,English,No,"Not in paid work (e.g. homemaker', 'retired or disabled)"
682607b4329cb5465086ca81,66701c7025b226088aa490d9,APPROVED,Not Applicable,2025-05-15T15:26:52.870000Z,2025-05-15T15:34:26.805000Z,2025-05-22T17:33:02.660000Z,2025-05-15T15:34:27.541482Z,454.0,CJYS1MGD,1582,English,47,Female,White,United States,United States,United States,English,No,Part-Time
682607bff2734196393ac03d,667daedf476092c4f2609e26,APPROVED,Not Applicable,2025-05-15T15:27:05.369000Z,2025-05-15T15:35:56.573000Z,2025-05-22T17:31:24.050000Z,2025-05-15T15:35:57.433932Z,532.0,CJYS1MGD,1649,English,44,Male,Black,United States,United States,United States,English,No,Part-Time
682607e8f8ab8259ed454bd7,680d2d86e66d1e2a91357982,APPROVED,Not Applicable,2025-05-15T15:27:36.203000Z,2025-05-15T15:36:50.566000Z,2025-05-22T17:32:58.011000Z,2025-05-15T15:36:51.460354Z,555.0,CJYS1MGD,174,English,50,Male,White,United States,United States,United States,English,No,Full-Time
682607ee0d0fa0f8ba3eff06,66e62716a40afa9a9b4d23c6,APPROVED,Not Applicable,2025-05-15T15:27:49.001000Z,2025-05-15T15:34:15.261000Z,2025-05-22T17:32:41.659000Z,2025-05-15T15:34:16.347648Z,387.0,CJYS1MGD,790,"English, Spanish",40,Male,White,United States,United States,United States,English,No,Full-Time
682608063ef47588cb9e0a92,64db68476c022a6c20686908,APPROVED,Not Applicable,2025-05-15T15:28:12.062000Z,2025-05-15T15:32:21.420000Z,2025-05-22T17:31:02.819000Z,2025-05-15T15:32:22.258350Z,250.0,CJYS1MGD,1738,English,58,Male,Black,United States,United States,United States,English,No,DATA_EXPIRED
6826083961b7bcdc9ae4e120,67edb5770c383b948c2a5ff9,APPROVED,Not Applicable,2025-05-15T15:29:05.512000Z,2025-05-15T15:42:49.066000Z,2025-05-22T17:33:09.524000Z,2025-05-15T15:42:49.807814Z,824.0,CJYS1MGD,401,"English, Dutch",20,Female,White,United States,United States,United States,English,No,Part-Time
6826083edf658b9c320d1e66,67c35bed28161edad1829850,APPROVED,Not Applicable,2025-05-15T15:29:15.491000Z,2025-05-15T15:35:19.707000Z,2025-05-22T17:32:18.322000Z,2025-05-15T15:35:28.153932Z,365.0,CJYS1MGD,649,English,66,Male,White,United States,United States,United States,English,No,Full-Time
682608405556f1b1b3eb0684,5da6139c002c29001335b5a2,APPROVED,Not Applicable,2025-05-15T15:29:10.874000Z,2025-05-15T15:49:35.385000Z,2025-05-22T17:32:36.846000Z,2025-05-15T15:49:36.337634Z,1225.0,CJYS1MGD,6418,English,31,Male,White,United States,United States,Germany,English,Yes,Full-Time
682608703ba322c3f24b1edc,67cd944859dabbd1d4552d39,APPROVED,Not Applicable,2025-05-15T15:31:10.093000Z,2025-05-15T15:39:26.967000Z,2025-05-22T17:33:02.979000Z,2025-05-15T15:39:27.785101Z,497.0,CJYS1MGD,514,English,54,Female,White,United States,United States,United States,English,No,Part-Time
682608986439f05d12f72de6,5da9fec949bab300155afb7f,APPROVED,Not Applicable,2025-05-15T15:30:41.468000Z,2025-05-15T15:33:33.270000Z,2025-05-22T17:33:03.315000Z,2025-05-15T15:33:34.731549Z,172.0,CJYS1MGD,5687,English,50,Female,White,United States,United States,United States,English,No,Due to start a new job within the next month
682608dd0d28bff7346fbd70,6638e8aa3d1f38846080806a,APPROVED,Not Applicable,2025-05-15T15:31:45.166000Z,2025-05-15T15:35:48.532000Z,2025-05-22T17:31:10.110000Z,2025-05-15T15:35:49.453576Z,244.0,CJYS1MGD,2783,"English, Portuguese",26,Male,Mixed,Brazil,United States,United States,English,No,Full-Time
682608e19a9b8dc2b3a0db30,664e1a71d20f44f2ffe39360,APPROVED,Not Applicable,2025-05-15T15:31:51.676000Z,2025-05-15T15:33:57.911000Z,2025-05-22T17:32:42.006000Z,2025-05-15T15:33:58.803630Z,127.0,CJYS1MGD,2551,English,39,Male,White,United States,United States,United States,English,No,Full-Time
682608e37fd45423ced79e74,577d3361d8e8880001b31439,APPROVED,Not Applicable,2025-05-15T15:31:47.371000Z,2025-05-15T15:36:39.068000Z,2025-05-22T17:31:29.620000Z,2025-05-15T15:36:40.045915Z,292.0,CJYS1MGD,2696,English,35,Female,Mixed,United States,United States,United States,English,No,Full-Time
682608f9724eda130391309e,66294848642a13eec741c3e4,APPROVED,Not Applicable,2025-05-15T15:32:14.946000Z,2025-05-15T15:40:01.845000Z,2025-05-22T17:33:03.584000Z,2025-05-15T15:40:02.633737Z,467.0,CJYS1MGD,844,English,52,Female,White,United States,United States,United States,English,DATA_EXPIRED,Part-Time
682608f9ca816930cd24991d,663633059d5ba66fc519115a,APPROVED,Not Applicable,2025-05-15T15:32:19.389000Z,2025-05-15T15:42:04.894000Z,2025-05-22T17:32:01.229000Z,2025-05-15T15:42:05.828652Z,586.0,CJYS1MGD,870,English,61,Female,White,United States,United States,United States,English,No,Other
6826093f23f34b2cfdd62de4,66f097d9e9ccab0b678f9b4e,APPROVED,Not Applicable,2025-05-15T15:34:37.401000Z,2025-05-15T15:53:42.996000Z,2025-05-22T17:32:48.711000Z,2025-05-15T15:53:43.820699Z,1146.0,CJYS1MGD,747,English,43,Female,White,United States,United States,United States,English,DATA_EXPIRED,DATA_EXPIRED
6826094d61c3df12aa18c723,676d5937915d059bf7ef67a8,APPROVED,Not Applicable,2025-05-15T15:34:02.934000Z,2025-05-15T15:49:14.703000Z,2025-05-22T17:31:24.417000Z,2025-05-15T15:49:15.646221Z,912.0,CJYS1MGD,291,English,37,Male,Black,United States,United States,United States,English,No,Full-Time
682609682c059b0b16f69864,68126e4de7ac5948d1c7013b,APPROVED,Not Applicable,2025-05-15T15:35:34.380000Z,2025-05-15T15:56:06.589000Z,2025-05-22T17:32:18.606000Z,2025-05-15T15:56:07.390717Z,1233.0,CJYS1MGD,116,English,57,Male,White,United States,United States,United States,English,No,Part-Time
68260977e2657d70b7d6f2e1,6566d90835fd00183bd5989b,APPROVED,Not Applicable,2025-05-15T15:34:15.260000Z,2025-05-15T15:42:15.006000Z,2025-05-22T17:31:34.726000Z,2025-05-15T15:42:15.898781Z,480.0,CJYS1MGD,1254,English,48,Female,Black,United States,United States,United States,English,DATA_EXPIRED,DATA_EXPIRED
6826097cde5b06946e5b82d8,67c111bb12926008b56bc878,APPROVED,Not Applicable,2025-05-15T15:34:25.986000Z,2025-05-15T15:41:41.613000Z,2025-05-22T17:32:18.918000Z,2025-05-15T15:41:42.361385Z,436.0,CJYS1MGD,1321,English,56,Male,White,United States,United States,United States,English,No,Other
6826098222c44fb545b53bd4,5d227f901e99f80018c60e1f,APPROVED,Not Applicable,2025-05-15T15:34:26.664000Z,2025-05-15T15:41:54.648000Z,2025-05-22T17:32:01.640000Z,2025-05-15T15:41:55.630873Z,448.0,CJYS1MGD,4901,English,61,Female,White,United States,United States,United States,English,No,Part-Time
6826098431769ee00554b58f,5d2a3561d3edf900018016a1,APPROVED,Not Applicable,2025-05-15T15:34:37.023000Z,2025-05-15T15:38:23.917000Z,2025-05-22T17:32:42.326000Z,2025-05-15T15:38:24.809243Z,227.0,CJYS1MGD,7821,English,38,Male,White,United States,United States,United States,English,No,DATA_EXPIRED
6826098679b4847af6e7ad26,59f0acf65de9b000017ed914,APPROVED,Not Applicable,2025-05-15T15:34:36.595000Z,2025-05-15T15:40:56.280000Z,2025-05-22T17:32:49.043000Z,2025-05-15T15:40:57.033574Z,380.0,CJYS1MGD,5218,English,36,Female,White,United States,United States,United States,English,No,"Not in paid work (e.g. homemaker', 'retired or disabled)"
682609aeb0e91574647289e3,678063ddb3b444c30ed8d792,APPROVED,Not Applicable,2025-05-15T15:35:37.841000Z,2025-05-15T15:51:55.766000Z,2025-05-22T17:32:46.128000Z,2025-05-15T15:51:56.685820Z,978.0,CJYS1MGD,828,English,27,Female,White,United States,United States,United States,English,No,Full-Time
682609b9728efa1d8feb06aa,63acbbe336a9ca92853dca4a,APPROVED,Not Applicable,2025-05-15T15:35:34.428000Z,2025-05-15T15:42:55.421000Z,2025-05-22T17:32:02.042000Z,2025-05-15T15:42:56.328765Z,441.0,CJYS1MGD,6942,"English, Spanish",66,Female,White,United States,United States,United States,English,No,Part-Time
682609c54c1eb4f8813f9f4e,66d8790772c9e0e4ee96259c,APPROVED,Not Applicable,2025-05-15T15:35:40.958000Z,2025-05-15T15:44:10.625000Z,2025-05-22T17:32:58.457000Z,2025-05-15T15:44:11.470117Z,510.0,CJYS1MGD,2352,English,45,Male,White,United States,United States,United States,English,No,Full-Time
682609d6b9fe66bdb0d95e73,67533343c3a851ce61ebc3fe,APPROVED,Not Applicable,2025-05-15T15:36:32.562000Z,2025-05-15T15:47:45.520000Z,2025-05-22T17:32:46.498000Z,2025-05-15T15:47:46.383927Z,673.0,CJYS1MGD,912,English,25,Female,White,United States,United States,United States,English,No,Full-Time
682609daa3d45d5b32a63099,67f45e1b361e2b3ebc9e7ed7,APPROVED,Not Applicable,2025-05-15T15:35:59.085000Z,2025-05-15T15:43:41.721000Z,2025-05-22T17:31:03.207000Z,2025-05-15T15:43:42.423051Z,463.0,CJYS1MGD,228,English,58,Male,Black,United States,United States,United States,English,No,"Not in paid work (e.g. homemaker', 'retired or disabled)"
682609dc8c807fc436536eaf,677bd858893c80c095c22e05,APPROVED,Not Applicable,2025-05-15T15:36:18.296000Z,2025-05-15T15:41:40.298000Z,2025-05-22T17:32:46.908000Z,2025-05-15T15:41:41.174198Z,323.0,CJYS1MGD,526,English,31,Female,White,United States,United States,United States,English,DATA_EXPIRED,Full-Time
682609df28272d3f6b5f9bbf,675849848f0cf4eebe7cbfc7,APPROVED,Not Applicable,2025-05-15T15:36:17.945000Z,2025-05-15T15:42:20.988000Z,2025-05-22T17:32:19.274000Z,2025-05-15T15:42:21.986124Z,364.0,CJYS1MGD,1201,English,55,Male,White,United States,United States,United States,English,No,Full-Time
68260a08791da881acd3bc98,67da14ccd38d6a25f0c0c531,APPROVED,Not Applicable,2025-05-15T15:36:47.284000Z,2025-05-15T15:53:55.385000Z,2025-05-22T17:32:47.246000Z,2025-05-15T15:53:56.321657Z,1029.0,CJYS1MGD,549,English,31,Female,White,United States,United States,United States,English,No,Part-Time
68260a13b0ef3b2a0777c40d,650b03136ab3d4c832d98b71,APPROVED,Not Applicable,2025-05-15T15:36:51.863000Z,2025-05-15T15:43:09.885000Z,2025-05-22T17:31:19.392000Z,2025-05-15T15:43:10.684855Z,379.0,CJYS1MGD,4620,"Hebrew, English, Russian",31,Male,Other,Israel,United States,United States,Hebrew,No,Part-Time
68260a770678a588c58174e6,668d5aa05bd0c7fe4046fc48,APPROVED,Not Applicable,2025-05-15T15:38:34.961000Z,2025-05-15T15:44:24.295000Z,2025-05-22T17:32:47.617000Z,2025-05-15T15:44:25.367659Z,350.0,CJYS1MGD,842,"English, Other",32,Female,White,United States,United States,United States,English,No,Part-Time
68260aa9329cb5465086cade,66dcb77e1afbc2e7fa393b87,APPROVED,Not Applicable,2025-05-15T15:39:27.127000Z,2025-05-15T15:58:45.947000Z,2025-05-22T17:31:32.323000Z,2025-05-15T15:58:46.914628Z,1159.0,CJYS1MGD,627,English,46,Male,Mixed,United States,United States,United States,English,No,Full-Time
68260aaee8be807e32a5bf58,5ed543442db0060a955d12e1,APPROVED,Not Applicable,2025-05-15T15:39:30.372000Z,2025-05-15T15:48:45.599000Z,2025-05-22T17:31:46.466000Z,2025-05-15T15:48:46.463163Z,556.0,CJYS1MGD,5488,"English, Hindi",36,Male,Asian,India,United States,United States,Hindi,No,Full-Time
68260ab2273f988c45d31020,67392af502e45d2cb8f19e6c,APPROVED,Not Applicable,2025-05-15T15:39:37.467000Z,2025-05-15T15:55:28.060000Z,2025-05-22T17:32:49.378000Z,2025-05-15T15:55:28.879254Z,951.0,CJYS1MGD,777,English,38,Female,White,United States,United States,United States,English,No,Full-Time
68260ad5c367f51396d12aa5,675c15e099767573c1619b7f,APPROVED,Not Applicable,2025-05-15T15:41:21.879000Z,2025-05-15T15:46:39.074000Z,2025-05-22T17:31:14.865000Z,2025-05-15T15:46:40.012764Z,318.0,CJYS1MGD,559,English,22,Male,Black,United States,United States,United States,English,Yes,Full-Time
68260ae23b6e24e3732aa243,67630089efa79e104ac0bb07,APPROVED,Not Applicable,2025-05-15T15:40:47.792000Z,2025-05-15T15:46:20.974000Z,2025-05-22T17:31:30.156000Z,2025-05-15T15:46:21.942943Z,334.0,CJYS1MGD,459,English,36,Female,Mixed,United States,United States,United States,English,No,DATA_EXPIRED
68260dbe5e3ecc2c4f09da66,67d75efd39a97429e142a691,APPROVED,Not Applicable,2025-05-15T15:53:14.412000Z,2025-05-15T16:12:51.165000Z,2025-05-22T17:33:03.923000Z,2025-05-15T16:12:51.871226Z,1177.0,CJYS1MGD,965,English,53,Female,White,United States,United States,United States,English,No,Full-Time
68260dbf3aea3105e922dffc,660d9c69e00c5f367a748669,APPROVED,Not Applicable,2025-05-15T15:52:34.023000Z,2025-05-15T15:57:20.309000Z,2025-05-22T17:32:49.720000Z,2025-05-15T15:57:20.985081Z,287.0,CJYS1MGD,490,English,37,Female,White,United States,United States,United States,English,DATA_EXPIRED,DATA_EXPIRED
68260dc18e8df1de2f65dcc8,5fbb89e20ddd50a66ab62a67,APPROVED,Not Applicable,2025-05-15T15:52:37.248000Z,2025-05-15T15:58:32.824000Z,2025-05-22T17:32:58.818000Z,2025-05-15T15:58:33.764665Z,356.0,CJYS1MGD,8072,English,51,Male,White,United States,United States,United States,English,No,Other
68260dc4527d07f3496bb334,628f572a2d1304a34b9e1a37,APPROVED,Not Applicable,2025-05-15T15:52:54.992000Z,2025-05-15T15:57:48.669000Z,2025-05-22T17:32:19.650000Z,2025-05-15T15:57:49.438600Z,294.0,CJYS1MGD,5892,English,76,Male,White,United States,United States,United States,English,DATA_EXPIRED,DATA_EXPIRED
68260dc5b1f2a1a222882de1,6694251bbfc3e4a246f8125a,APPROVED,Not Applicable,2025-05-15T15:52:41.137000Z,2025-05-15T16:27:00.621000Z,2025-05-22T17:33:04.220000Z,2025-05-15T16:27:01.619983Z,2060.0,CJYS1MGD,1533,English,51,Female,White,United States,United States,United States,English,No,Full-Time
68260dc626f9ad2ad03fde22,60838e2e91a6300001f9ac89,APPROVED,Not Applicable,2025-05-15T15:54:56.916000Z,2025-05-15T16:01:36.408000Z,2025-05-22T17:32:50.096000Z,2025-05-15T16:01:37.591032Z,400.0,CJYS1MGD,5994,English,43,Female,White,United States,United States,United States,English,DATA_EXPIRED,DATA_EXPIRED
68260dc8086a02338e67d16e,67e060f70e183a0637568788,APPROVED,Not Applicable,2025-05-15T15:52:48.883000Z,2025-05-15T15:55:24.305000Z,2025-05-22T17:31:15.311000Z,2025-05-15T15:55:25.337962Z,156.0,CJYS1MGD,39,English,24,Male,Black,Canada,United States,United States,English,DATA_EXPIRED,DATA_EXPIRED
68260dc9fd5c1eaba7f43282,5f0dd2b1550adb080d02763f,APPROVED,Not Applicable,2025-05-15T15:53:06.709000Z,2025-05-15T15:58:23.856000Z,2025-05-22T17:32:50.462000Z,2025-05-15T15:58:24.892587Z,318.0,CJYS1MGD,1445,"English, Spanish",44,Female,White,United States,United States,United States,English,No,Full-Time
68260dca9bf24a96950706ab,66f934cc14ae5ebdcd94b1d8,APPROVED,Not Applicable,2025-05-15T15:52:48.238000Z,2025-05-15T15:59:47.118000Z,2025-05-22T17:32:50.793000Z,2025-05-15T15:59:48.699170Z,419.0,CJYS1MGD,705,English,36,Female,White,United States,United States,United States,English,No,Full-Time
68260dcadeb62546fe60544e,680ebf035ab59d342f31726e,APPROVED,Not Applicable,2025-05-15T15:52:54.682000Z,2025-05-15T16:07:58.993000Z,2025-05-22T17:32:59.104000Z,2025-05-15T16:07:59.973196Z,905.0,CJYS1MGD,269,English,50,Male,White,United States,United States,United States,English,No,"Not in paid work (e.g. homemaker', 'retired or disabled)"
68260dcae76c31b52412cf05,67fd46db088825e305648e1a,APPROVED,Not Applicable,2025-05-15T15:52:46.512000Z,2025-05-15T15:59:49.306000Z,2025-05-22T17:31:21.706000Z,2025-05-15T15:59:50.199188Z,423.0,CJYS1MGD,417,English,27,Female,Mixed,United States,United States,United States,English,DATA_EXPIRED,Full-Time
68260dcc0f4594384c49896c,6735b2a6112cf17b7b8df8d1,APPROVED,Not Applicable,2025-05-15T15:53:25.032000Z,2025-05-15T15:59:24.535000Z,2025-05-22T17:33:09.907000Z,2025-05-15T15:59:25.592435Z,360.0,CJYS1MGD,1338,English,19,Female,White,United States,United States,United States,English,No,DATA_EXPIRED
68260dcc46041f7b0584ad1f,671ab0904de8eb7273ae9d42,APPROVED,Not Applicable,2025-05-15T15:52:58.415000Z,2025-05-15T16:02:57.835000Z,2025-05-22T17:31:35.159000Z,2025-05-15T16:02:58.817361Z,600.0,CJYS1MGD,1644,English,54,Female,Black,United States,United States,United States,English,No,Full-Time
68260dcc8fa873a6bdcfa3f4,5cbe04b4f429ff00159de30e,APPROVED,Not Applicable,2025-05-15T15:56:05.724000Z,2025-05-15T16:09:53.822000Z,2025-05-22T17:31:28.536000Z,2025-05-15T16:09:54.702553Z,829.0,CJYS1MGD,11635,English,39,Female,Black,Zimbabwe,United States,United States,English,DATA_EXPIRED,DATA_EXPIRED
68260dce4276c75b4240a81a,675446c5f818f94a8bc8d351,APPROVED,Not Applicable,2025-05-15T15:52:53.575000Z,2025-05-15T16:05:22.662000Z,2025-05-22T17:31:15.810000Z,2025-05-15T16:05:23.794483Z,750.0,CJYS1MGD,823,English,21,Male,Black,United States,United States,United States,English,Yes,Full-Time
68260dd1b479fed46acb8686,66293ab7b323f5f7ce785c38,APPROVED,Not Applicable,2025-05-15T15:53:05.326000Z,2025-05-15T16:00:21.788000Z,2025-05-22T17:32:02.492000Z,2025-05-15T16:00:22.702302Z,437.0,CJYS1MGD,1575,English,55,Female,White,United States,United States,United States,English,No,"Not in paid work (e.g. homemaker', 'retired or disabled)"
68260dd2439044450c3b480c,67104869a47a61b561900be7,APPROVED,Not Applicable,2025-05-15T15:53:37.062000Z,2025-05-15T16:02:18.424000Z,2025-05-22T17:32:20.039000Z,2025-05-15T16:02:19.297526Z,522.0,CJYS1MGD,2123,English,63,Male,White,United States,United States,United States,English,No,Other
68260dd288e2f9d9e9c30b6c,675db540aa7e20750aa47a71,APPROVED,Not Applicable,2025-05-15T15:54:11.724000Z,2025-05-15T16:00:20.052000Z,2025-05-22T17:32:20.450000Z,2025-05-15T16:00:20.928810Z,369.0,CJYS1MGD,444,English,57,Male,White,United States,United States,United States,English,No,Full-Time
68260dd2e4da17c33eb8327d,60fcf49be5dd0924d4eba91d,APPROVED,Not Applicable,2025-05-15T15:52:56.995000Z,2025-05-15T16:05:49.969000Z,2025-05-22T17:31:54.481000Z,2025-05-15T16:05:50.744512Z,773.0,CJYS1MGD,1394,"Chinese, English",24,Female,Asian,United States,United States,United States,English,DATA_EXPIRED,DATA_EXPIRED
68260dd429459d36fd9da59d,6791a8549ed23cc3997dd33a,APPROVED,Not Applicable,2025-05-15T15:53:48.083000Z,2025-05-15T16:05:30.626000Z,2025-05-22T17:31:03.614000Z,2025-05-15T16:05:31.337189Z,703.0,CJYS1MGD,984,English,59,Male,Black,United States,United States,United States,English,No,Full-Time
68260df0d30000b9c0f6cfa7,5d22526f851927001e3a515a,APPROVED,Not Applicable,2025-05-15T15:53:27.313000Z,2025-05-15T16:07:51.247000Z,2025-05-22T17:32:02.867000Z,2025-05-15T16:07:52.165755Z,864.0,CJYS1MGD,805,English,74,Female,White,United States,United States,United States,English,No,Part-Time
68260e07a9ecccdc586cddd6,601b28841ca7bb2f8edaa293,APPROVED,Not Applicable,2025-05-15T15:53:43.747000Z,2025-05-15T15:58:30.652000Z,2025-05-22T17:31:10.541000Z,2025-05-15T15:58:31.541564Z,287.0,CJYS1MGD,5614,English,33,Male,Mixed,United States,United States,United States,English,DATA_EXPIRED,DATA_EXPIRED
68260e6c400fdf5132307e64,67d8c04be2e8a181868b0d3f,APPROVED,Not Applicable,2025-05-15T15:55:38.788000Z,2025-05-15T16:03:27.092000Z,2025-05-22T17:32:51.222000Z,2025-05-15T16:03:27.893965Z,469.0,CJYS1MGD,252,English,37,Female,White,United States,United States,United States,English,No,Full-Time
68260eabe9161ebc7b5b81a8,65e7795d1685521fd01bd49a,APPROVED,Not Applicable,2025-05-15T15:59:04.430000Z,2025-05-15T16:11:08.519000Z,2025-05-22T17:32:03.228000Z,2025-05-15T16:11:09.174478Z,725.0,CJYS1MGD,2021,"English, French, Italian",63,Female,White,United States,United States,United States,English,No,Full-Time
68260ee3f6288a93de15548a,67e197b6170c6266e42da0eb,APPROVED,Not Applicable,2025-05-15T15:57:32.891000Z,2025-05-15T16:07:26.105000Z,2025-05-22T17:31:20.178000Z,2025-05-15T16:07:27.090988Z,594.0,CJYS1MGD,246,"English, Spanish",30,Female,Other,United States,United States,United States,English,No,Full-Time
68260efc822b90a3e3cfe128,6545400d6d15a71561d3d2e9,APPROVED,Not Applicable,2025-05-15T15:58:07.948000Z,2025-05-15T16:10:00.491000Z,2025-05-22T17:32:03.549000Z,2025-05-15T16:10:01.283160Z,713.0,CJYS1MGD,926,English,55,Female,White,United States,United States,United States,English,No,Part-Time
68260f02030068df6c39a096,5bf8f34abdd6400001bd5e66,APPROVED,Not Applicable,2025-05-15T15:58:15.067000Z,2025-05-15T16:11:06.857000Z,2025-05-22T17:32:20.809000Z,2025-05-15T16:11:07.689793Z,772.0,CJYS1MGD,10119,English,66,Male,White,United States,United States,United States,English,No,Full-Time
68260f35959edfb4d10f4650,60b8242021561f7827855c02,APPROVED,Not Applicable,2025-05-15T15:58:45.962000Z,2025-05-15T16:08:56.283000Z,2025-05-22T17:32:51.574000Z,2025-05-15T16:08:57.119047Z,611.0,CJYS1MGD,5553,English,39,Female,White,United States,United States,United States,English,No,Other
68260f56ed8feb9db86cddfd,615914a33224dc31f1045612,APPROVED,Not Applicable,2025-05-15T15:59:37.833000Z,2025-05-15T16:05:38.097000Z,2025-05-22T17:32:21.192000Z,2025-05-15T16:05:39.065052Z,361.0,CJYS1MGD,5989,English,64,Male,White,United States,United States,United States,English,No,Full-Time
68260f5e6d9aea595ee06c70,672268205351c30413c9837e,APPROVED,Not Applicable,2025-05-15T15:59:31.587000Z,2025-05-15T16:10:29.063000Z,2025-05-22T17:31:51.593000Z,2025-05-15T16:10:29.850466Z,658.0,CJYS1MGD,1515,"Tagalog-Filipino, Thai, English",49,Female,Asian,Philippines,United States,United States,Tagalog-Filipino,No,"Not in paid work (e.g. homemaker', 'retired or disabled)"
68260f6758e4fe08059492e9,650b2ee81386e0c27f7efe26,APPROVED,Not Applicable,2025-05-15T15:59:49.484000Z,2025-05-15T16:05:54.702000Z,2025-05-22T17:31:45.001000Z,2025-05-15T16:05:55.564939Z,366.0,CJYS1MGD,2135,English,33,Male,Asian,China,United States,United States,English,No,Part-Time
68260f74d74f1d2fc03ddaf0,66b4d2ee1ac8c5e9060a6930,APPROVED,Not Applicable,2025-05-15T16:00:06.596000Z,2025-05-15T16:07:34.712000Z,2025-05-22T17:32:51.909000Z,2025-05-15T16:07:35.582894Z,449.0,CJYS1MGD,1541,English,42,Female,White,United States,United States,United States,English,No,"Not in paid work (e.g. homemaker', 'retired or disabled)"
68260f799d0155a17b1c02c9,67f083fe2557073ca3e175a6,APPROVED,Not Applicable,2025-05-15T15:59:58.584000Z,2025-05-15T16:11:59.199000Z,2025-05-22T17:32:52.926000Z,2025-05-15T16:12:01.005202Z,721.0,CJYS1MGD,498,"English, French",43,Female,White,United States,United States,United States,English,Yes,Part-Time
68260f7acd16685894506abb,66d0a375c1c8aa9cac493997,APPROVED,Not Applicable,2025-05-15T15:59:54.527000Z,2025-05-15T16:13:27.295000Z,2025-05-22T17:32:53.341000Z,2025-05-15T16:13:28.154133Z,813.0,CJYS1MGD,1620,English,41,Female,White,United States,United States,United States,English,No,Unemployed (and job seeking)
68260f896e8056cdf8d9a4c3,67e54e2dbb109719a36eebe5,APPROVED,Not Applicable,2025-05-15T16:00:09.983000Z,2025-05-15T16:10:54.051000Z,2025-05-22T17:31:31.121000Z,2025-05-15T16:10:54.846355Z,645.0,CJYS1MGD,184,English,51,Male,Black,United States,United States,United States,English,No,Part-Time
68260f951f73c6b539a671bc,5ad7835e9c198c0001fad31a,APPROVED,Not Applicable,2025-05-15T16:00:41.738000Z,2025-05-15T16:17:32.180000Z,2025-05-22T17:32:53.687000Z,2025-05-15T16:17:33.189444Z,1011.0,CJYS1MGD,2504,English,36,Female,White,United States,United States,United States,English,No,Unemployed (and job seeking)
68260f99ef86344930320559,62bdeb6839de2a6585202286,APPROVED,Not Applicable,2025-05-15T16:00:34.307000Z,2025-05-15T16:13:07.700000Z,2025-05-22T17:31:31.507000Z,2025-05-15T16:13:08.460751Z,754.0,NOCODE,1760,English,45,Male,Black,United States,United States,United States,English,No,Unemployed (and job seeking)
68260fa226fa2669679a6dad,6630f55b219e397c5c3bab70,APPROVED,Not Applicable,2025-05-15T16:00:48.418000Z,2025-05-15T16:02:17.372000Z,2025-05-22T17:31:46.881000Z,2025-05-15T16:02:18.294157Z,89.0,CJYS1MGD,391,English,37,Male,Asian,United States,United States,United States,English,No,Full-Time
68260fe7650416752f50672c,5af1c4dfaec2b600010a96c9,APPROVED,Not Applicable,2025-05-15T16:01:48.433000Z,2025-05-15T16:08:02.665000Z,2025-05-22T17:32:03.914000Z,2025-05-15T16:08:03.503265Z,375.0,CJYS1MGD,3046,English,56,Female,White,United States,United States,United States,English,No,Other
682610099dfa5cf28645510b,6815f422db4a9b97288161d1,APPROVED,Not Applicable,2025-05-15T16:02:40.316000Z,2025-05-15T16:10:34.986000Z,2025-05-22T17:33:13.304000Z,2025-05-15T16:10:35.826656Z,475.0,CJYS1MGD,86,English,58,Female,Black,United States,United States,United States,English,No,Part-Time
6826100ba893ca216a8bd2a4,630bbdba33a8711f454d81d9,APPROVED,Not Applicable,2025-05-15T16:02:30.417000Z,2025-05-15T16:12:35.325000Z,2025-05-22T17:31:04.224000Z,2025-05-15T16:12:36.168386Z,605.0,CJYS1MGD,4507,English,57,Male,Black,United States,United States,United States,English,No,DATA_EXPIRED
68261038a1e172642da2254e,675a5ad39c319c39e7753011,APPROVED,Not Applicable,2025-05-15T16:03:08.680000Z,2025-05-15T16:06:53.355000Z,2025-05-22T17:32:42.652000Z,2025-05-15T16:06:54.346779Z,225.0,CJYS1MGD,1205,English,37,Male,White,United States,United States,United States,English,No,Unemployed (and job seeking)
6826103cb7e3089fd9c40fd2,6133a95623ae6ddc6ee4d53f,APPROVED,Not Applicable,2025-05-15T16:07:05.638000Z,2025-05-15T16:35:38.951000Z,2025-05-22T17:32:04.232000Z,2025-05-15T16:35:39.815236Z,1714.0,CJYS1MGD,1537,English,66,Female,White,United States,United States,United States,English,No,Full-Time
682610cbdbb593ce3f64d263,6642aaff6b9eaa6fcd640b60,APPROVED,Not Applicable,2025-05-15T16:05:55.654000Z,2025-05-15T16:14:01.697000Z,2025-05-22T17:31:10.985000Z,2025-05-15T16:14:02.532901Z,487.0,CJYS1MGD,2245,English,31,Male,Mixed,United States,United States,United States,English,Yes,Full-Time
682610ce3031431fdcdae667,67221c4369ba09d32e88904c,APPROVED,Not Applicable,2025-05-15T16:05:40.783000Z,2025-05-15T16:15:12.697000Z,2025-05-22T17:32:04.590000Z,2025-05-15T16:15:13.455033Z,572.0,CJYS1MGD,662,English,59,Female,White,United States,United States,United States,English,No,Full-Time
682610d2f6f6f05dfeab224e,5e9f3f09ccc75a0c345e4845,APPROVED,Not Applicable,2025-05-15T16:05:38.113000Z,2025-05-15T16:12:14.020000Z,2025-05-22T17:32:04.885000Z,2025-05-15T16:12:14.926970Z,396.0,CJYS1MGD,10182,English,66,Female,White,United States,United States,United States,English,No,Part-Time
682610e97dec0e4759380434,67ef2b71416319fc29b5d49d,APPROVED,Not Applicable,2025-05-15T16:07:02.153000Z,2025-05-15T16:18:25.971000Z,2025-05-22T17:32:21.539000Z,2025-05-15T16:18:26.821279Z,684.0,CJYS1MGD,329,English,68,Male,White,United States,United States,United States,English,No,Part-Time
682610ea58fe77ff2214c9ed,682390853c8bd2bac4005d78,APPROVED,Not Applicable,2025-05-15T16:06:13.700000Z,2025-05-15T16:16:42.467000Z,2025-05-22T17:32:21.901000Z,2025-05-15T16:16:43.219409Z,629.0,CJYS1MGD,22,English,60,Male,White,Cuba,United States,United States,English,No,"Not in paid work (e.g. homemaker', 'retired or disabled)"
6826110c3fb7434dc6990d76,67e7ff1ef81c52ec2bf98f85,APPROVED,Not Applicable,2025-05-15T16:08:10.566000Z,2025-05-15T16:21:57.523000Z,2025-05-22T17:32:05.236000Z,2025-05-15T16:21:58.297384Z,827.0,CJYS1MGD,576,English,60,Female,White,United States,United States,United States,English,No,Part-Time
68261123ba3e7f46a234b50b,67f1f725d9ae4f6027f7fc97,APPROVED,Not Applicable,2025-05-15T16:07:04.167000Z,2025-05-15T16:21:09.892000Z,2025-05-22T17:33:05.202000Z,2025-05-15T16:21:11.788999Z,846.0,CJYS1MGD,406,English,24,Male,White,United States,United States,United States,English,No,Part-Time
682611447b0fc048fb746f48,6332517a492e9ac48804f991,APPROVED,Not Applicable,2025-05-15T16:07:38.386000Z,2025-05-15T16:12:44.859000Z,2025-05-22T17:32:22.236000Z,2025-05-15T16:12:45.669993Z,307.0,CJYS1MGD,6627,English,67,Male,White,United States,United States,United States,English,No,Part-Time
68261147ae49f2aaca5a7a63,5d4200720eddc0000173e988,APPROVED,Not Applicable,2025-05-15T16:07:41.792000Z,2025-05-15T16:14:31.808000Z,2025-05-22T17:31:19.763000Z,2025-05-15T16:14:32.710177Z,411.0,CJYS1MGD,986,"English, Spanish",27,Male,Other,United States,United States,United States,English,No,Full-Time
6826116597ede5cec194c7d8,600f9342e7bc5518fa9ca92a,APPROVED,Not Applicable,2025-05-15T16:08:05.833000Z,2025-05-15T16:13:50.603000Z,2025-05-22T17:31:54.036000Z,2025-05-15T16:13:51.569927Z,345.0,CJYS1MGD,4336,English,20,Male,Asian,United States,United States,United States,English,Yes,Part-Time
682611664eb0624df5a73e06,67e4413ccba809f84dae5842,APPROVED,Not Applicable,2025-05-15T16:08:11.196000Z,2025-05-15T16:17:56.898000Z,2025-05-22T17:31:43.705000Z,2025-05-15T16:17:57.839965Z,586.0,CJYS1MGD,433,English,21,Female,Other,United States,United States,United States,English,No,Part-Time
68261199cf2a2f1f8d4acf98,647ffbcfcf8adc8070bc2291,APPROVED,Not Applicable,2025-05-15T16:15:49.302000Z,2025-05-15T16:27:59.192000Z,2025-05-22T17:32:05.536000Z,2025-05-15T16:28:00.134274Z,730.0,CJYS1MGD,4567,English,63,Female,White,United States,United States,United States,English,DATA_EXPIRED,DATA_EXPIRED
682611b0e516bf43ce7cf5b7,6691809035e52ca9b2b0f39a,APPROVED,Not Applicable,2025-05-15T16:12:23.408000Z,2025-05-15T16:28:27.684000Z,2025-05-22T17:31:05.483000Z,2025-05-15T16:28:28.591453Z,965.0,CJYS1MGD,2159,English,65,Female,Mixed,United States,United States,United States,English,No,Other
682611dadf1863f9cb68adb1,67a641d9b2a838f8c341c6ec,APPROVED,Not Applicable,2025-05-15T16:10:10.500000Z,2025-05-15T16:19:08.357000Z,2025-05-22T17:32:05.881000Z,2025-05-15T16:19:09.209211Z,538.0,CJYS1MGD,309,English,58,Female,White,United States,United States,United States,English,No,Full-Time
682611dcb8ac8da696f021fe,67ef6e8e9bfc15c060497365,APPROVED,Not Applicable,2025-05-15T16:10:12.528000Z,2025-05-15T16:13:49.565000Z,2025-05-22T17:31:32.758000Z,2025-05-15T16:13:50.430859Z,218.0,CJYS1MGD,882,"English, French",52,Male,Mixed,Ireland,United States,United States,English,Yes,Full-Time
682611f94b933369cffd6d8c,676607c77444fe3b3522ba80,APPROVED,Not Applicable,2025-05-15T16:10:38.662000Z,2025-05-15T16:14:16.518000Z,2025-05-22T17:33:05.611000Z,2025-05-15T16:14:17.376427Z,218.0,CJYS1MGD,207,English,23,Male,White,United States,United States,United States,English,No,Full-Time
682611fc9c919b365ef0be22,67ddc3aa14d6159a27502d15,APPROVED,Not Applicable,2025-05-15T16:16:14.956000Z,2025-05-15T16:34:22.328000Z,2025-05-22T17:32:22.584000Z,2025-05-15T16:34:23.104733Z,1088.0,CJYS1MGD,647,English,62,Male,White,United States,United States,United States,English,No,Full-Time
6826120e8e9c2775c00fe4b5,6719a331021a36b9509eb8b5,APPROVED,Not Applicable,2025-05-15T16:10:58.502000Z,2025-05-15T16:21:17.271000Z,2025-05-22T17:31:39.321000Z,2025-05-15T16:21:18.153726Z,619.0,CJYS1MGD,1404,"English, Korean",60,Female,Asian,Korea,United States,United States,English,No,Other
6826121b11bd42860ef0bdda,65e64c08cd1bf3d6ab957af7,APPROVED,Not Applicable,2025-05-15T16:11:16.099000Z,2025-05-15T16:24:30.391000Z,2025-05-22T17:32:06.255000Z,2025-05-15T16:24:31.261750Z,795.0,CJYS1MGD,2012,English,58,Female,White,United States,United States,United States,English,No,"Not in paid work (e.g. homemaker', 'retired or disabled)"
6826121d254f58924307076d,67d28ade0222c890b1785c91,APPROVED,Not Applicable,2025-05-15T16:11:37.349000Z,2025-05-15T16:20:17.802000Z,2025-05-22T17:32:23.005000Z,2025-05-15T16:20:18.672638Z,521.0,CJYS1MGD,692,English,56,Male,White,United States,United States,United States,English,No,Full-Time
68261224f97dfb6bbcdc3472,67d6a7818c0132f8de37984d,APPROVED,Not Applicable,2025-05-15T16:11:16.482000Z,2025-05-15T16:22:47.026000Z,2025-05-22T17:31:31.881000Z,2025-05-15T16:22:48.196458Z,691.0,CJYS1MGD,454,English,49,Male,Black,United States,United States,United States,English,Yes,Full-Time
6826126338e646ac0860295b,66eaffd7d7079f610c7ba263,APPROVED,Not Applicable,2025-05-15T16:12:26.032000Z,2025-05-15T16:19:09.715000Z,2025-05-22T17:32:06.603000Z,2025-05-15T16:19:10.775543Z,404.0,CJYS1MGD,521,English,63,Female,White,United States,United States,United States,English,No,"Not in paid work (e.g. homemaker', 'retired or disabled)"
6826127496b743ecfb473e71,67cee8d6088dc3c843f48e48,APPROVED,Not Applicable,2025-05-15T16:12:43.298000Z,2025-05-15T16:20:32.994000Z,2025-05-22T17:31:50.048000Z,2025-05-15T16:20:33.857122Z,470.0,CJYS1MGD,569,English,46,Male,Other,United States,United States,United States,English,No,Full-Time
6826127e8c8fd6ee2d1f16b9,662fecef2a008847dc4f0d9b,APPROVED,Not Applicable,2025-05-15T16:13:00.406000Z,2025-05-15T16:30:04.175000Z,2025-05-22T17:32:06.949000Z,2025-05-15T16:30:05.089972Z,1024.0,CJYS1MGD,988,English,56,Female,White,United States,United States,United States,English,No,Other
68261283c230e288980d1169,68195c599dbba28865b3bd56,APPROVED,Not Applicable,2025-05-15T16:13:13.089000Z,2025-05-15T16:27:14.798000Z,2025-05-22T17:33:10.411000Z,2025-05-15T16:27:15.604657Z,842.0,CJYS1MGD,86,English,24,Female,White,Mexico,United States,United States,English,No,Part-Time
68261293400fdf5132307f13,6643a8837540ee80f2d5be45,APPROVED,Not Applicable,2025-05-15T16:13:14.364000Z,2025-05-15T16:18:46.428000Z,2025-05-22T17:32:07.329000Z,2025-05-15T16:18:47.338296Z,333.0,CJYS1MGD,1864,English,57,Female,White,United States,United States,United States,English,DATA_EXPIRED,"Not in paid work (e.g. homemaker', 'retired or disabled)"
682612a7a7a45c15f30287c4,651f8f555a5fde411587c859,APPROVED,Not Applicable,2025-05-15T16:13:45.238000Z,2025-05-15T16:20:51.786000Z,2025-05-22T17:31:33.223000Z,2025-05-15T16:20:52.714665Z,427.0,CJYS1MGD,2388,English,50,Male,Mixed,United States,United States,United States,English,No,"Not in paid work (e.g. homemaker', 'retired or disabled)"
682612cbb321bf3fb8c635cb,668cfd99b2d500148943c26b,APPROVED,Not Applicable,2025-05-15T16:14:09.217000Z,2025-05-15T16:15:28.273000Z,2025-05-22T17:33:05.918000Z,2025-05-15T16:15:29.160129Z,80.0,CJYS1MGD,404,English,22,Male,White,United States,United States,United States,English,Yes,Full-Time
682612cd9ebeaa65a8443843,6785d744931a32435c5d76a1,APPROVED,Not Applicable,2025-05-15T16:14:11.408000Z,2025-05-15T16:19:49.517000Z,2025-05-22T17:33:06.250000Z,2025-05-15T16:19:50.374223Z,339.0,CJYS1MGD,576,English,19,Male,White,United States,United States,United States,English,Yes,Part-Time
682612cf53108c7bebdc8909,67301111865cf8fa81ac7897,APPROVED,Not Applicable,2025-05-15T16:23:12.632000Z,2025-05-15T16:41:01.683000Z,2025-05-22T17:33:10.793000Z,2025-05-15T16:41:02.441895Z,1070.0,CJYS1MGD,905,English,23,Female,White,United States,United States,United States,English,DATA_EXPIRED,Part-Time
682613100346d6bfb9cfe1b2,6701920d56778252df2b1a49,APPROVED,Not Applicable,2025-05-15T16:15:19.747000Z,2025-05-15T16:17:33.795000Z,2025-05-22T17:32:07.684000Z,2025-05-15T16:17:34.551910Z,135.0,CJYS1MGD,549,English,72,Female,White,United States,United States,United States,English,Yes,Full-Time
6826132cd03b5c2a271fc5c8,65aea6a1b96c1e3bfcdb2181,APPROVED,Not Applicable,2025-05-15T16:15:51.968000Z,2025-05-15T16:30:58.849000Z,2025-05-22T17:30:58.996000Z,2025-05-15T16:30:59.568496Z,907.0,CJYS1MGD,1671,English,66,Female,Black,United States,United States,United States,English,No,"Not in paid work (e.g. homemaker', 'retired or disabled)"
68261377f1e428820a762af6,66d09e2f390b758fbe0f21b5,APPROVED,Not Applicable,2025-05-15T16:17:01.009000Z,2025-05-15T16:21:34.278000Z,2025-05-22T17:32:23.402000Z,2025-05-15T16:21:35.080555Z,274.0,CJYS1MGD,1099,English,55,Male,White,United States,United States,United States,English,No,Full-Time
6826139eba3e7f46a234b54c,63fcf7251ace1792db0941b0,APPROVED,Not Applicable,2025-05-15T16:17:57.447000Z,2025-05-15T16:33:14.845000Z,2025-05-22T17:32:08.058000Z,2025-05-15T16:33:15.770471Z,918.0,CJYS1MGD,2813,English,69,Female,White,United States,United States,United States,English,No,"Not in paid work (e.g. homemaker', 'retired or disabled)"
682613a120b8a23e96338325,67f3362cedfe12908610b4c5,APPROVED,Not Applicable,2025-05-15T16:18:29.905000Z,2025-05-15T16:32:10.402000Z,2025-05-22T17:32:24.522000Z,2025-05-15T16:32:11.223924Z,821.0,CJYS1MGD,41,English,64,Male,White,United States,United States,United States,English,DATA_EXPIRED,Part-Time
682613b736a335edb3b69e68,678a880bfee0c5ee7400ac1b,APPROVED,Not Applicable,2025-05-15T16:18:09.552000Z,2025-05-15T16:26:12.601000Z,2025-05-22T17:31:49.012000Z,2025-05-15T16:26:13.414454Z,484.0,CJYS1MGD,139,English,45,Male,Asian,United States,United States,United States,Chinese,No,Unemployed (and job seeking)
682613d925fe04247fcf41ae,67dc2c51f63afe496c0e7a0c,APPROVED,Not Applicable,2025-05-15T16:18:59.426000Z,2025-05-15T16:25:29.058000Z,2025-05-22T17:32:08.450000Z,2025-05-15T16:25:29.958921Z,390.0,CJYS1MGD,527,English,55,Female,White,United States,United States,United States,English,No,Full-Time
682613e4b479fed46acb8794,67c600f904823854b09b015f,APPROVED,Not Applicable,2025-05-15T16:18:53.457000Z,2025-05-15T16:25:43.258000Z,2025-05-22T17:33:11.196000Z,2025-05-15T16:25:44.168605Z,410.0,CJYS1MGD,482,English,21,Female,White,United States,United States,United States,English,No,Part-Time
682613f2eee1d052b3e0aabd,67f1921726bfac07aea277c3,APPROVED,Not Applicable,2025-05-15T16:19:07.251000Z,2025-05-15T16:29:00.461000Z,2025-05-22T17:32:08.828000Z,2025-05-15T16:29:01.324236Z,594.0,CJYS1MGD,186,English,61,Female,White,United States,United States,United States,English,No,Full-Time
682613fc7acddfbc7b46027c,676d746ed2391d1de669298a,APPROVED,Not Applicable,2025-05-15T16:19:08.375000Z,2025-05-15T16:26:14.578000Z,2025-05-22T17:32:24.998000Z,2025-05-15T16:26:15.525551Z,427.0,CJYS1MGD,1041,English,68,Male,White,United States,United States,United States,English,No,Full-Time
682613fe6e8e34c357604e3e,5fe2bc6c9177396d90ae7f54,APPROVED,Not Applicable,2025-05-15T16:19:15.923000Z,2025-05-15T16:27:47.137000Z,2025-05-22T17:32:09.336000Z,2025-05-15T16:27:48.050446Z,512.0,CJYS1MGD,1869,English,59,Female,White,United States,United States,United States,English,No,Full-Time
68261421b7e3089fd9c4104f,67e0a8458369d92d9789b0b4,APPROVED,Not Applicable,2025-05-15T16:19:51.821000Z,2025-05-15T16:23:59.631000Z,2025-05-22T17:31:49.458000Z,2025-05-15T16:24:00.484389Z,248.0,CJYS1MGD,810,English,50,Male,Asian,United States,United States,United States,English,No,Full-Time
682614278d95e607661fc648,5ee91a822825f9171d2b74f5,APPROVED,Not Applicable,2025-05-15T16:19:59.624000Z,2025-05-15T16:30:25.306000Z,2025-05-22T17:32:09.864000Z,2025-05-15T16:30:26.173087Z,626.0,CJYS1MGD,425,English,59,Female,White,United States,United States,United States,English,Yes,Part-Time
68261452ce56ce2883b69e61,641385c88f29eb3264283818,APPROVED,Not Applicable,2025-05-15T16:20:40.037000Z,2025-05-15T16:30:27.183000Z,2025-05-22T17:32:25.378000Z,2025-05-15T16:30:28.109570Z,588.0,CJYS1MGD,3728,English,59,Male,White,United States,United States,United States,English,No,"Not in paid work (e.g. homemaker', 'retired or disabled)"
6826145c96b743ecfb473eb7,651c18b7be672ec76e5f6860,APPROVED,Not Applicable,2025-05-15T16:23:47.927000Z,2025-05-15T16:36:02.950000Z,2025-05-22T17:32:25.741000Z,2025-05-15T16:36:04.065258Z,736.0,CJYS1MGD,1183,English,56,Male,White,United States,United States,United States,English,DATA_EXPIRED,DATA_EXPIRED
682614632a3f4341d27fc82f,62e9c91168f8d1ff048964e9,APPROVED,Not Applicable,2025-05-15T16:20:57.303000Z,2025-05-15T16:29:48.555000Z,2025-05-22T17:32:26.049000Z,2025-05-15T16:29:49.462653Z,532.0,CJYS1MGD,2375,English,64,Male,White,United States,United States,United States,English,No,DATA_EXPIRED
682614782a3f4341d27fc832,654fc6eb3097bf717a4a4ead,APPROVED,Not Applicable,2025-05-15T16:22:11.939000Z,2025-05-15T16:31:19.749000Z,2025-05-22T17:31:35.961000Z,2025-05-15T16:31:20.654598Z,548.0,CJYS1MGD,2321,English,45,Female,Mixed,United States,United States,United States,English,No,Part-Time
68261487b479fed46acb87a8,676c6d4ab88f95b3e9342f6f,APPROVED,Not Applicable,2025-05-15T16:21:36.318000Z,2025-05-15T16:29:14.340000Z,2025-05-22T17:32:10.272000Z,2025-05-15T16:29:15.176864Z,459.0,CJYS1MGD,331,English,66,Female,White,United States,United States,United States,English,No,"Not in paid work (e.g. homemaker', 'retired or disabled)"
68261487e217c73ee1cc3e48,610055ffe4d2514e9cf1073f,APPROVED,Not Applicable,2025-05-15T16:21:38.086000Z,2025-05-15T16:26:48.039000Z,2025-05-22T17:31:30.686000Z,2025-05-15T16:26:48.968663Z,310.0,CJYS1MGD,2014,English,35,Female,Mixed,United States,United States,United States,English,DATA_EXPIRED,DATA_EXPIRED
68261495ce4ea700bb023acf,5e34325430e5263f0bebb32d,APPROVED,Not Applicable,2025-05-15T16:22:10.023000Z,2025-05-15T16:30:56.719000Z,2025-05-22T17:32:26.343000Z,2025-05-15T16:30:57.508553Z,527.0,CJYS1MGD,5138,English,70,Male,White,United States,United States,United States,English,No,"Not in paid work (e.g. homemaker', 'retired or disabled)"
682614c965777147eba4f9c8,678d6558b18a62d9556528e1,APPROVED,Not Applicable,2025-05-15T16:22:38.623000Z,2025-05-15T16:29:42.708000Z,2025-05-22T17:33:06.593000Z,2025-05-15T16:29:43.527726Z,425.0,CJYS1MGD,264,English,19,Male,White,United States,United States,United States,English,Yes,Unemployed (and job seeking)
682614d739152f0737529526,681f5b8a2a7bdc73f8aad15c,APPROVED,Not Applicable,2025-05-15T16:22:54.865000Z,2025-05-15T16:33:50.710000Z,2025-05-22T17:33:11.626000Z,2025-05-15T16:33:51.836633Z,656.0,CJYS1MGD,32,English,23,Female,White,South Africa,United States,United States,English,No,Part-Time
6826151f8c8fd6ee2d1f1713,5f1dea279f4818757f07f087,APPROVED,Not Applicable,2025-05-15T16:23:59.651000Z,2025-05-15T16:34:37.143000Z,2025-05-22T17:30:59.725000Z,2025-05-15T16:34:37.862242Z,638.0,CJYS1MGD,7979,English,62,Female,Black,United States,United States,United States,English,No,"Not in paid work (e.g. homemaker', 'retired or disabled)"
6826153ea8b08702c98e7c11,67dc8f06e924a5e7d1fd9228,APPROVED,Not Applicable,2025-05-15T16:24:30.658000Z,2025-05-15T16:37:07.286000Z,2025-05-22T17:32:26.654000Z,2025-05-15T16:37:08.063630Z,757.0,CJYS1MGD,394,English,55,Male,White,United States,United States,United States,English,No,Full-Time
682615ab4113d9abff98b574,67d01315eefff6f9347c46a2,APPROVED,Not Applicable,2025-05-15T16:26:24.712000Z,2025-05-15T16:36:56.824000Z,2025-05-22T17:32:27.039000Z,2025-05-15T16:36:57.881143Z,633.0,CJYS1MGD,466,English,61,Male,White,United States,United States,United States,English,No,"Not in paid work (e.g. homemaker', 'retired or disabled)"
682615c9669014325c522548,605220735560745cf0a16a80,APPROVED,Not Applicable,2025-05-15T16:26:54.335000Z,2025-05-15T16:35:05.414000Z,2025-05-22T17:31:36.394000Z,2025-05-15T16:35:06.293395Z,492.0,CJYS1MGD,7689,"Spanish, English",46,Female,Mixed,United States,United States,United States,English,Yes,Full-Time
682615d686bc94b9910bd081,676d6b0a137e2c9c8e9fc347,APPROVED,Not Applicable,2025-05-15T16:27:10.523000Z,2025-05-15T16:32:41.145000Z,2025-05-22T17:32:27.339000Z,2025-05-15T16:32:42.026464Z,331.0,CJYS1MGD,1165,English,64,Male,White,United States,United States,United States,English,No,Full-Time
682615e7dc3f00b60c307a7e,6753d8b2fa36b136602fca57,APPROVED,Not Applicable,2025-05-15T16:27:45.746000Z,2025-05-15T16:32:58.303000Z,2025-05-22T17:33:06.926000Z,2025-05-15T16:32:59.163757Z,313.0,CJYS1MGD,516,English,22,Male,White,United States,United States,United States,English,Yes,Unemployed (and job seeking)
682616039c7b766a03e3c12a,60bd28cc95ab27d4f4f6ada3,APPROVED,Not Applicable,2025-05-15T16:27:47.351000Z,2025-05-15T16:35:25.625000Z,2025-05-22T17:32:27.702000Z,2025-05-15T16:35:26.601176Z,459.0,CJYS1MGD,8876,English,57,Male,White,United States,United States,United States,English,No,Full-Time
682616057b6b28aa4b338388,5e8644dc6d54ca0a09510c88,APPROVED,Not Applicable,2025-05-15T16:28:50.709000Z,2025-05-15T16:36:55.568000Z,2025-05-22T17:31:24.898000Z,2025-05-15T16:36:56.421709Z,485.0,CJYS1MGD,2925,"English, Spanish",36,Male,Other,Mexico,United States,United States,English,No,Full-Time
68261612f80fb96d1196a6e7,67d0b74e3cdce54e0dc08551,APPROVED,Not Applicable,2025-05-15T16:28:54.372000Z,2025-05-15T16:42:35.968000Z,2025-05-22T17:33:12.059000Z,2025-05-15T16:42:41.671088Z,822.0,CW8GF30Z,236,English,23,Female,White,United States,United States,United States,English,No,Full-Time
682616581d5a8c5b71610c23,66ad9569037bbcc66dce48bc,APPROVED,Not Applicable,2025-05-15T16:32:33.613000Z,2025-05-15T16:42:15.170000Z,2025-05-22T17:33:12.519000Z,2025-05-15T16:42:15.990826Z,582.0,CJYS1MGD,377,English,18,Female,White,United States,United States,United States,English,Yes,Other
6826165ad8c417520be231b6,680ea8e1265998f540d59860,APPROVED,Not Applicable,2025-05-15T16:30:43.563000Z,2025-05-15T16:39:01.144000Z,2025-05-22T17:32:28.046000Z,2025-05-15T16:39:01.934015Z,498.0,CJYS1MGD,162,English,64,Male,White,United States,United States,United States,English,No,Unemployed (and job seeking)
6826165ef92e141a5339ddd7,60c770aa2d2928bfda4c7cd4,APPROVED,Not Applicable,2025-05-15T16:29:23.923000Z,2025-05-15T16:31:48.380000Z,2025-05-22T17:32:28.355000Z,2025-05-15T16:31:49.802595Z,145.0,CJYS1MGD,9417,English,64,Male,White,United States,United States,United States,English,DATA_EXPIRED,DATA_EXPIRED
6826168191bef43ac63ecfce,6717ca3a61e52dc226157162,APPROVED,Not Applicable,2025-05-15T16:30:00.652000Z,2025-05-15T16:38:20.363000Z,2025-05-22T17:31:52.138000Z,2025-05-15T16:38:21.252094Z,500.0,CJYS1MGD,148,"English, Tagalog-Filipino",48,Female,Asian,Philippines,United States,United States,Tagalog-Filipino,Yes,Due to start a new job within the next month
68261683ae49f2aaca5a7b30,67e5c4a339fa33145e02331c,APPROVED,Not Applicable,2025-05-15T16:30:18.247000Z,2025-05-15T16:49:50.796000Z,2025-05-22T17:33:07.250000Z,2025-05-15T16:49:51.601378Z,1173.0,CJYS1MGD,403,English,19,Male,White,United States,United States,United States,English,Yes,Part-Time
6826169c7b646146d314d36c,662e86c0ca96b47a056ccd7b,APPROVED,Not Applicable,2025-05-15T16:30:25.106000Z,2025-05-15T16:37:38.743000Z,2025-05-22T17:32:11.370000Z,2025-05-15T16:37:39.751879Z,434.0,CJYS1MGD,947,English,66,Female,White,United States,United States,United States,English,DATA_EXPIRED,DATA_EXPIRED
682616a3f62a93916a6f8563,66632c96e56c2cc87923bf78,APPROVED,Not Applicable,2025-05-15T16:31:01.567000Z,2025-05-15T16:48:30.581000Z,2025-05-22T17:31:00.123000Z,2025-05-15T16:48:31.429971Z,1050.0,CJYS1MGD,2066,English,60,Female,Black,United States,United States,United States,English,No,Full-Time
682616aaa1bdfdb31cfedbc7,63fa2f029381a13d9f2a36a8,APPROVED,Not Applicable,2025-05-15T16:30:50.033000Z,2025-05-15T16:40:00.857000Z,2025-05-22T17:32:11.706000Z,2025-05-15T16:40:02.324960Z,551.0,CJYS1MGD,6073,English,55,Female,White,United States,United States,United States,English,No,"Not in paid work (e.g. homemaker', 'retired or disabled)"
682616d9a0a6e7fb0144ca13,665cbfcf8534afbb16c06687,APPROVED,Not Applicable,2025-05-15T16:31:26.022000Z,2025-05-15T16:38:16.313000Z,2025-05-22T17:32:12.045000Z,2025-05-15T16:38:17.147448Z,411.0,CJYS1MGD,1523,English,65,Female,White,United States,United States,United States,English,No,Full-Time
682616f4d082220b77e9ed55,67c73d5782c0bc8887ebe092,APPROVED,Not Applicable,2025-05-15T16:31:55.855000Z,2025-05-15T16:43:52.498000Z,2025-05-22T17:32:12.382000Z,2025-05-15T16:43:53.381791Z,717.0,CJYS1MGD,212,English,68,Female,White,United States,United States,United States,English,No,"Not in paid work (e.g. homemaker', 'retired or disabled)"
6826171160e73359b2a4f9fc,5f0a686635f72917e94c7a63,APPROVED,Not Applicable,2025-05-15T16:32:33.924000Z,2025-05-15T16:40:30.952000Z,2025-05-22T17:31:48.150000Z,2025-05-15T16:40:31.680784Z,478.0,CJYS1MGD,5229,English,44,Female,Other,United States,United States,United States,English,DATA_EXPIRED,DATA_EXPIRED
68261733c4d5cbd07065dde1,67389f3912380b4b3cd0b7d7,APPROVED,Not Applicable,2025-05-15T16:32:57.271000Z,2025-05-15T16:41:47.957000Z,2025-05-22T17:32:28.720000Z,2025-05-15T16:41:48.688940Z,531.0,CJYS1MGD,1391,English,72,Male,White,United States,United States,United States,English,No,DATA_EXPIRED
6826174a1ec9cbe9ce492a86,67882d7820c2fe1ab78f09b5,APPROVED,Not Applicable,2025-05-15T16:35:30.893000Z,2025-05-15T16:44:47.493000Z,2025-05-22T17:33:07.576000Z,2025-05-15T16:44:48.308685Z,557.0,CJYS1MGD,705,"English, German",22,Male,White,United States,United States,United States,English,No,Part-Time
6826176ec31f67745a6b2ff0,677601065642ec4c09a1a933,APPROVED,Not Applicable,2025-05-15T16:33:54.260000Z,2025-05-15T16:42:05.603000Z,2025-05-22T17:32:29.079000Z,2025-05-15T16:42:06.513029Z,492.0,CJYS1MGD,569,English,57,Male,White,United States,United States,United States,English,No,Unemployed (and job seeking)
6826178d9459f0cd8a05431e,67c0b00f366cea0441141661,APPROVED,Not Applicable,2025-05-15T16:34:51.030000Z,2025-05-15T16:40:09.194000Z,2025-05-22T17:56:31.032000Z,2025-05-22T17:56:31.177384Z,319.0,CJYS1MGD,1168,English,59,Male,White,United States,United States,United States,English,No,"Not in paid work (e.g. homemaker', 'retired or disabled)"
682617917c1b0ed84dc4fd91,66311b6be5bf798369c7e2fd,APPROVED,Not Applicable,2025-05-15T16:34:31.651000Z,2025-05-15T16:38:48.725000Z,2025-05-22T17:31:25.319000Z,2025-05-15T16:38:49.975224Z,258.0,CJYS1MGD,849,"English, Spanish",40,Male,Other,DATA_EXPIRED,United States,United States,English,DATA_EXPIRED,DATA_EXPIRED
682617a73f138c07e2e06d5a,65b92135e296f28cb1a093c3,APPROVED,Not Applicable,2025-05-15T16:34:52.327000Z,2025-05-15T16:46:28.723000Z,2025-05-22T17:32:29.411000Z,2025-05-15T16:46:29.639836Z,697.0,CJYS1MGD,2515,English,66,Male,White,United States,United States,United States,English,No,"Not in paid work (e.g. homemaker', 'retired or disabled)"
682617b925a1418cfdfa1849,67dc22fd187ed47e3603b12e,APPROVED,Not Applicable,2025-05-15T16:35:13.675000Z,2025-05-15T16:45:09.755000Z,2025-05-22T17:32:12.685000Z,2025-05-15T16:45:10.645744Z,597.0,CJYS1MGD,259,English,58,Female,White,United States,United States,United States,English,DATA_EXPIRED,Part-Time
682617ba1a36da728a5a5cbd,665f4a8236d81b9f154a1b08,APPROVED,Not Applicable,2025-05-15T16:35:13.982000Z,2025-05-15T16:47:17.206000Z,2025-05-22T17:32:13.067000Z,2025-05-15T16:47:18.164410Z,724.0,CJYS1MGD,1791,English,61,Female,White,United States,United States,United States,English,No,Full-Time
682617bd843c8a6ea6fb6f7a,62f94c417a55be0afc4c5a4b,APPROVED,Not Applicable,2025-05-15T16:35:14.051000Z,2025-05-15T16:42:31.993000Z,2025-05-22T17:31:16.231000Z,2025-05-15T16:42:32.914264Z,438.0,CJYS1MGD,733,English,22,Male,Mixed,United States,United States,United States,English,DATA_EXPIRED,Part-Time
682617cda9120226cbf3db8b,67ed45f890e7e6649ded0d10,APPROVED,Not Applicable,2025-05-15T16:35:39.090000Z,2025-05-15T16:43:47.489000Z,2025-05-22T17:32:13.442000Z,2025-05-15T16:43:48.204381Z,489.0,CJYS1MGD,258,"English, Spanish, German, French",55,Female,White,United States,United States,United States,English,Yes,Part-Time
682617db6f34d3440873b654,63b5eb0ec316229203f1ddae,APPROVED,Not Applicable,2025-05-15T16:35:43.562000Z,2025-05-15T16:52:01.987000Z,2025-05-22T17:31:36.945000Z,2025-05-15T16:52:03.059160Z,979.0,CJYS1MGD,4678,English,58,Male,Asian,DATA_EXPIRED,United States,United States,English,DATA_EXPIRED,DATA_EXPIRED
682617f3affb72d0c210427b,56494d5b6902220012c4acb7,APPROVED,Not Applicable,2025-05-15T16:36:12.538000Z,2025-05-15T16:44:36.290000Z,2025-05-22T17:32:13.739000Z,2025-05-15T16:44:37.131678Z,504.0,CJYS1MGD,6887,English,63,Female,White,United States,United States,United States,English,No,Part-Time
68261824ed8feb9db86cdf14,599de70d8a6cc5000128f980,APPROVED,Not Applicable,2025-05-15T16:36:57.149000Z,2025-05-15T16:42:40.080000Z,2025-05-22T17:32:14.056000Z,2025-05-15T16:42:40.869980Z,343.0,CJYS1MGD,6554,English,55,Female,White,United States,United States,United States,English,DATA_EXPIRED,DATA_EXPIRED
682618300ed21dfdf1604ea9,67e9c5ae31da35e759d17d8f,APPROVED,Not Applicable,2025-05-15T16:37:09.856000Z,2025-05-15T16:46:22.675000Z,2025-05-22T17:31:00.589000Z,2025-05-15T16:46:23.567197Z,553.0,CJYS1MGD,404,English,58,Female,Black,United States,United States,United States,English,No,Full-Time
68261831906714dd789349aa,67cdc3c7ea7918dcd6f2ab2d,APPROVED,Not Applicable,2025-05-15T16:37:13.338000Z,2025-05-15T16:44:00.267000Z,2025-05-22T17:32:29.754000Z,2025-05-15T16:44:01.321367Z,407.0,CJYS1MGD,703,English,61,Male,White,United States,United States,United States,English,No,"Not in paid work (e.g. homemaker', 'retired or disabled)"
68261835ca2ec471227cf65f,67d9c883752d01ea00d0890f,APPROVED,Not Applicable,2025-05-15T16:37:14.803000Z,2025-05-15T16:44:40.474000Z,2025-05-22T17:32:30.086000Z,2025-05-15T16:44:41.292920Z,446.0,CJYS1MGD,125,English,57,Male,White,United States,United States,United States,English,No,Part-Time
68261856b54531142684ae9e,5ba259603bf2350001a54284,APPROVED,Not Applicable,2025-05-15T16:37:48.587000Z,2025-05-15T16:47:24.689000Z,2025-05-22T17:32:14.415000Z,2025-05-15T16:47:25.492131Z,577.0,CJYS1MGD,5550,English,62,Female,White,United States,United States,United States,English,DATA_EXPIRED,Part-Time
68261878bdc96aa8cf8f98ed,67f00b145cf2440ca37929d4,APPROVED,Not Applicable,2025-05-15T16:38:16.898000Z,2025-05-15T16:42:41.768000Z,2025-05-22T17:32:30.397000Z,2025-05-15T16:42:42.617403Z,265.0,CJYS1MGD,296,English,57,Male,White,United States,United States,United States,English,Yes,Full-Time
6826187ddc6e6b63c3e3c1c6,662e214f43b3ced866b7e205,APPROVED,Not Applicable,2025-05-15T16:38:28.904000Z,2025-05-15T16:46:08.665000Z,2025-05-22T17:32:14.753000Z,2025-05-15T16:46:09.400627Z,460.0,CJYS1MGD,2152,English,58,Female,White,United States,United States,United States,English,DATA_EXPIRED,DATA_EXPIRED
6826188edb5c5db503e16d76,6175eab1ddb5791df88241d1,APPROVED,Not Applicable,2025-05-15T16:38:42.738000Z,2025-05-15T16:43:06.201000Z,2025-05-22T17:31:05.935000Z,2025-05-15T16:43:07.228962Z,264.0,CJYS1MGD,2353,English,62,Female,Mixed,United States,United States,United States,English,No,Part-Time
68261899fa43c2ad4c1e3fe5,67b636c4ea38855cbb08ffe3,APPROVED,Not Applicable,2025-05-15T16:38:55.922000Z,2025-05-15T16:49:47.752000Z,2025-05-22T17:32:30.691000Z,2025-05-15T16:49:48.565041Z,652.0,CJYS1MGD,303,English,56,Male,White,United States,United States,United States,English,No,"Not in paid work (e.g. homemaker', 'retired or disabled)"
682618ea91bef43ac63ecfff,677eed89918027fb1dc8b44f,APPROVED,Not Applicable,2025-05-15T16:40:34.828000Z,2025-05-15T16:54:34.753000Z,2025-05-22T17:32:15.102000Z,2025-05-15T16:54:35.696754Z,840.0,CJYS1MGD,938,"English, Swedish, Spanish",58,Female,White,United States,United States,United States,English,No,Other
682618ee9107b38889bce0bf,656f33480de6bb2a3b74fd40,APPROVED,Not Applicable,2025-05-15T16:40:23.487000Z,2025-05-15T16:48:17.233000Z,2025-05-22T17:32:15.458000Z,2025-05-15T16:48:18.191837Z,474.0,CJYS1MGD,334,English,58,Female,White,United States,United States,United States,English,No,"Not in paid work (e.g. homemaker', 'retired or disabled)"
682618ffcb4ac849d2ed2b4f,5f285dc5b09b3715fa20a14c,APPROVED,Not Applicable,2025-05-15T16:40:36.504000Z,2025-05-15T16:52:48.887000Z,2025-05-22T17:32:15.790000Z,2025-05-15T16:52:49.760579Z,733.0,CJYS1MGD,6132,English,58,Female,White,United States,United States,United States,English,DATA_EXPIRED,DATA_EXPIRED
68261924c4f14fe9216a63ed,60d9e7e76cf2ab6d21eb5f99,APPROVED,Not Applicable,2025-05-15T16:41:17.511000Z,2025-05-15T16:49:19.517000Z,2025-05-22T17:32:16.139000Z,2025-05-15T16:49:20.361069Z,483.0,CJYS1MGD,8009,English,62,Female,White,United States,United States,United States,English,No,"Not in paid work (e.g. homemaker', 'retired or disabled)"
68261963eee1d052b3e0ab58,6824de5d2062f6727f41d51d,APPROVED,Not Applicable,2025-05-15T16:46:45.671000Z,2025-05-15T17:02:31.651000Z,2025-05-22T17:33:07.981000Z,2025-05-15T17:02:32.786911Z,946.0,CJYS1MGD,8,English,22,Male,White,United States,United States,United States,English,Yes,Due to start a new job within the next month
68261980ce60e547b49238dd,65a9315cdf44fe04344cfc4a,APPROVED,Not Applicable,2025-05-15T16:43:19.401000Z,2025-05-15T16:55:33.335000Z,2025-05-22T17:31:53.133000Z,2025-05-15T16:55:34.352866Z,734.0,CJYS1MGD,341,"English, Spanish",49,Female,Other,United States,United States,United States,English,DATA_EXPIRED,Full-Time
68261999e992be29a71e3fdc,650ee1c673c788d8cffca2d3,APPROVED,Not Applicable,2025-05-15T16:43:10.304000Z,2025-05-15T16:50:32.502000Z,2025-05-22T17:31:17.651000Z,2025-05-15T16:50:33.368422Z,443.0,CJYS1MGD,1888,English,24,Female,Mixed,United States,United States,United States,English,Yes,Unemployed (and job seeking)
682619b587065f7741e22005,61080eaae202b0ef135056a5,APPROVED,Not Applicable,2025-05-15T16:43:38.327000Z,2025-05-15T16:48:58.759000Z,2025-05-22T17:31:22.135000Z,2025-05-15T16:48:59.619080Z,321.0,CJYS1MGD,2115,English,26,Female,Mixed,United States,United States,United States,English,No,Full-Time
682619baf995b89e9dbb4ca3,677480f2a27970e0fcd67adf,APPROVED,Not Applicable,2025-05-15T16:43:42.452000Z,2025-05-15T16:47:35.631000Z,2025-05-22T17:31:25.785000Z,2025-05-15T16:47:36.677406Z,234.0,CJYS1MGD,43,"Spanish, English",37,Male,Other,United States,United States,United States,English,No,Full-Time
682619dcfd5c1eaba7f4341e,67d64ac905f499cb54151b62,APPROVED,Not Applicable,2025-05-15T16:44:16.270000Z,2025-05-15T16:53:33.454000Z,2025-05-22T17:31:38.370000Z,2025-05-15T16:53:34.282294Z,558.0,CJYS1MGD,402,English,68,Male,Other,United States,United States,United States,English,Yes,Part-Time
68261a0132fda754b6142123,66c6d6e031937c73ad6848b3,APPROVED,Not Applicable,2025-05-15T16:45:03.338000Z,2025-05-15T16:54:00.716000Z,2025-05-22T17:31:37.480000Z,2025-05-15T16:54:01.578738Z,538.0,CJYS1MGD,591,English,59,Male,Asian,United States,United States,United States,English,DATA_EXPIRED,DATA_EXPIRED
68261a0c7e55833aa6e223ca,67d2122d66902841aaada512,APPROVED,Not Applicable,2025-05-15T16:45:10.023000Z,2025-05-15T16:57:09.056000Z,2025-05-22T17:31:01.025000Z,2025-05-15T16:57:10.059203Z,720.0,CJYS1MGD,100,English,62,Female,Black,Kenya,United States,United States,English,No,Other
68261a10c8eab3309b638927,67e0991e306d294ffe99091e,APPROVED,Not Applicable,2025-05-15T16:45:13.061000Z,2025-05-15T16:51:22.292000Z,2025-05-22T17:31:06.369000Z,2025-05-15T16:51:23.114787Z,370.0,CJYS1MGD,151,English,57,Female,Mixed,United States,United States,United States,English,No,Full-Time
68261a1ee4da17c33eb83436,67e75eae34ebdb05e34a891a,APPROVED,Not Applicable,2025-05-15T16:45:29.741000Z,2025-05-15T16:51:47.726000Z,2025-05-22T17:31:01.396000Z,2025-05-15T16:51:48.553001Z,378.0,CJYS1MGD,895,English,56,Female,Black,United States,United States,United States,English,No,Part-Time
68261a30cfd67fc747f9ae6e,680fc2988bc8531b0610a893,APPROVED,Not Applicable,2025-05-15T16:45:42.816000Z,2025-05-15T16:52:50.395000Z,2025-05-22T17:32:31.024000Z,2025-05-15T16:52:51.229108Z,428.0,CJYS1MGD,214,English,57,Male,White,United States,United States,United States,English,No,Other
68261a4b52e7dfb25f4f3d7e,63c5c3192e709e19fc67d5dd,APPROVED,Not Applicable,2025-05-15T16:47:58.914000Z,2025-05-15T16:59:59.473000Z,2025-05-22T17:31:38.827000Z,2025-05-15T17:00:00.394526Z,721.0,CJYS1MGD,7656,English,61,Male,Other,United States,United States,United States,English,No,Full-Time
68261a60598444c2ec18eaca,6626b05a15db572c21948eb7,APPROVED,Not Applicable,2025-05-15T16:47:31.471000Z,2025-05-15T16:55:58.768000Z,2025-05-22T17:31:06.744000Z,2025-05-15T16:55:59.772875Z,508.0,CJYS1MGD,1784,English,75,Female,Mixed,United States,United States,United States,English,No,"Not in paid work (e.g. homemaker', 'retired or disabled)"
68261a65afbabef6166a6db7,66aa7dc92e864bd2d481fadd,APPROVED,Not Applicable,2025-05-15T16:46:43.587000Z,2025-05-15T17:02:36.840000Z,2025-05-22T17:31:40.622000Z,2025-05-15T17:02:37.643778Z,954.0,CJYS1MGD,141,English,66,Female,Other,United States,United States,United States,English,No,"Not in paid work (e.g. homemaker', 'retired or disabled)"
68261a977ff50c1a32473fad,641359b5040c453203e2c088,APPROVED,Not Applicable,2025-05-15T16:49:34.030000Z,2025-05-15T17:19:40.482000Z,2025-05-22T17:31:16.647000Z,2025-05-15T17:19:41.363817Z,1807.0,CJYS1MGD,4070,English,24,Male,Mixed,United States,United States,United States,English,DATA_EXPIRED,DATA_EXPIRED
68261adca61a5af35ed9ac0f,67abec3fcd49071d4087f87f,APPROVED,Not Applicable,2025-05-15T16:48:37.935000Z,2025-05-15T16:53:04.538000Z,2025-05-22T17:31:18.083000Z,2025-05-15T16:53:05.464694Z,267.0,CJYS1MGD,336,English,19,Female,Mixed,United States,United States,United States,English,Yes,Full-Time
68261af5b8ac8da696f02307,6645a550e2bdc9ec8b32ec7c,APPROVED,Not Applicable,2025-05-15T16:48:58.564000Z,2025-05-15T16:59:42.534000Z,2025-05-22T17:33:08.306000Z,2025-05-15T16:59:43.576957Z,644.0,CJYS1MGD,188,English,19,Male,White,United States,United States,United States,English,No,DATA_EXPIRED
68261aff996668a462336e05,6673c06ef972fa4885e8ec49,APPROVED,Not Applicable,2025-05-15T16:49:56.631000Z,2025-05-15T16:53:58.928000Z,2025-05-22T17:31:18.570000Z,2025-05-15T16:53:59.885348Z,243.0,CJYS1MGD,2140,English,22,Female,Mixed,United States,United States,United States,English,DATA_EXPIRED,DATA_EXPIRED
68261b07c12a4bb83a67d2de,6501f7c274092e1270832a17,APPROVED,Not Applicable,2025-05-15T16:49:40.547000Z,2025-05-15T16:56:26.783000Z,2025-05-22T17:31:51.203000Z,2025-05-15T16:56:27.713532Z,407.0,CJYS1MGD,3638,English,49,Male,Other,United States,United States,United States,English,DATA_EXPIRED,DATA_EXPIRED
68261b25b010483cbded2bab,659daa1ed4e13d6428103c1f,APPROVED,Not Applicable,2025-05-15T16:49:41.072000Z,2025-05-15T16:57:04.891000Z,2025-05-22T17:31:39.814000Z,2025-05-15T16:57:05.745588Z,444.0,CJYS1MGD,4007,English,60,Female,Asian,India,United States,United States,Hindi,No,"Not in paid work (e.g. homemaker', 'retired or disabled)"
68261b639c7b766a03e3c1b6,643bd22e67aeded15060e447,APPROVED,Not Applicable,2025-05-15T16:51:29.117000Z,2025-05-15T17:04:26.247000Z,2025-05-22T17:31:07.113000Z,2025-05-15T17:04:27.100379Z,778.0,CJYS1MGD,5220,English,61,Female,Mixed,United States,United States,United States,English,Yes,Full-Time
68261b9b85d5152dc088c4c0,6670e05a65d32df6fa3e7560,APPROVED,Not Applicable,2025-05-15T16:54:06.754000Z,2025-05-15T17:10:15.934000Z,2025-05-22T17:31:13.148000Z,2025-05-15T17:10:16.902736Z,970.0,CJYS1MGD,2789,"English, Spanish",57,Male,Mixed,"Venezuela, Bolivarian Republic of",United States,United States,Spanish,No,Full-Time
68261c2beff6b3eff85c312c,676861f9660a8ed18457dc06,APPROVED,Not Applicable,2025-05-15T16:54:11.101000Z,2025-05-15T16:57:41.363000Z,2025-05-22T17:31:53.517000Z,2025-05-15T16:57:42.337886Z,211.0,CJYS1MGD,565,English,46,Female,Other,United States,United States,United States,English,No,Full-Time
68261c57dbb593ce3f64d381,67629e103d0ced802418a1e6,APPROVED,Not Applicable,2025-05-15T16:56:05.444000Z,2025-05-15T17:26:20.217000Z,2025-05-22T17:31:20.804000Z,2025-05-15T17:26:21.075081Z,1815.0,CJYS1MGD,218,English,26,Female,Other,United States,United States,United States,English,Yes,Full-Time
68261c9fca6220db4d6f0980,64d5323f567c88a7df95b47a,APPROVED,Not Applicable,2025-05-15T16:58:51.635000Z,2025-05-15T17:01:32.105000Z,2025-05-22T17:31:37.925000Z,2025-05-15T17:01:33.117015Z,161.0,CJYS1MGD,2775,English,55,Male,Asian,Korea,United States,United States,English,No,Full-Time
68261f457ff50c1a32474430,66e778dbd71f6556193bc9e5,APPROVED,Not Applicable,2025-05-15T17:08:12.629000Z,2025-05-15T17:12:40.964000Z,2025-05-22T17:55:49.482000Z,2025-05-22T17:55:49.605512Z,269.0,CJYS1MGD,1098,"English, Spanish",20,Male,Other,United States,United States,United States,Spanish,Yes,Unemployed (and job seeking)
6826201a8992630edb2ff882,66562a9e55aa080598f8d59a,APPROVED,Not Applicable,2025-05-15T17:11:13.357000Z,2025-05-15T17:17:33.112000Z,2025-05-22T17:31:42.255000Z,2025-05-15T17:17:34.118225Z,380.0,CJYS1MGD,56,"English, Spanish, French",24,Male,Other,United States,United States,United States,Spanish,DATA_EXPIRED,DATA_EXPIRED
682620647c1b0ed84dc4febd,62a74fec726aac54b9e43d75,APPROVED,Not Applicable,2025-05-15T17:12:10.084000Z,2025-05-15T17:21:47.872000Z,2025-05-22T17:31:13.617000Z,2025-05-15T17:21:48.779236Z,578.0,CJYS1MGD,5654,English,66,Male,Mixed,United States,United States,United States,English,No,Part-Time
6826213e19a32e4a78df3415,5bfbfeed249c390001f875be,APPROVED,Not Applicable,2025-05-15T17:15:53.503000Z,2025-05-15T17:20:09.651000Z,2025-05-22T17:31:22.499000Z,2025-05-15T17:20:10.577645Z,257.0,CJYS1MGD,1954,English,33,Female,Mixed,United States,United States,United States,English,No,Part-Time
6826214309468a0ff414d03e,669a90feda82b881fc296656,APPROVED,Not Applicable,2025-05-15T17:16:15.754000Z,2025-05-15T17:22:56.477000Z,2025-05-22T17:31:21.282000Z,2025-05-15T17:22:57.318906Z,401.0,CJYS1MGD,1827,English,29,Female,Other,United States,United States,United States,English,No,Full-Time
68262184f28fb09a9d32e21e,666c44e0af1439ede48b2d93,APPROVED,Not Applicable,2025-05-15T17:19:01.556000Z,2025-05-15T17:35:33.238000Z,2025-05-22T17:31:48.609000Z,2025-05-15T17:35:34.214099Z,992.0,CJYS1MGD,619,English,36,Female,Other,United States,United States,DATA_EXPIRED,English,DATA_EXPIRED,DATA_EXPIRED
68262398102527e5748f2a91,6653e566a1dd567008582c28,APPROVED,Not Applicable,2025-05-15T17:25:54.581000Z,2025-05-15T17:38:37.964000Z,2025-05-22T17:31:41.073000Z,2025-05-15T17:38:38.799334Z,764.0,CJYS1MGD,1324,"English, Spanish",61,Female,Other,Cuba,United States,United States,Spanish,DATA_EXPIRED,DATA_EXPIRED
68262435a1e172642da2279c,6691bc059b0182b0bdd7d682,APPROVED,Not Applicable,2025-05-15T17:29:18.996000Z,2025-05-15T17:43:49.955000Z,2025-05-22T17:31:14Z,2025-05-15T17:43:50.859045Z,871.0,CJYS1MGD,2478,English,57,Male,Mixed,United States,United States,United States,English,No,Part-Time
682626e787998804191097ff,678836d5d46e9d4aa9971dea,APPROVED,Not Applicable,2025-05-15T17:40:02.523000Z,2025-05-15T17:47:18.524000Z,2025-05-22T17:31:40.214000Z,2025-05-15T17:47:19.546938Z,437.0,CJYS1MGD,253,English,58,Female,Asian,Philippines,United States,United States,English,DATA_EXPIRED,DATA_EXPIRED
682628df35759021ec88ca9d,678579350f213035a567e0ce,APPROVED,Not Applicable,2025-05-15T17:48:22.040000Z,2025-05-15T17:58:49.659000Z,2025-05-22T17:31:44.168000Z,2025-05-15T17:58:50.543038Z,628.0,CJYS1MGD,45,English,18,Female,Other,United States,United States,United States,English,Yes,Unemployed (and job seeking)
68262b40f2466f061f8f8f33,6721223f5043128958f50fc5,APPROVED,Not Applicable,2025-05-15T17:58:32.479000Z,2025-05-15T18:06:32.029000Z,2025-05-22T17:31:41.817000Z,2025-05-15T18:06:32.954226Z,480.0,CJYS1MGD,653,English,55,Female,Other,United States,United States,United States,English,No,Part-Time
68262ca6a9120226cbf3e26b,675b8b09b399ed2fe8481f50,APPROVED,Not Applicable,2025-05-15T18:04:25.552000Z,2025-05-15T18:08:21.557000Z,2025-05-22T17:31:17.092000Z,2025-05-15T18:08:22.442668Z,237.0,CJYS1MGD,522,"English, Japanese",24,Male,Mixed,United States,United States,United States,English,Yes,Other
682633aa5ff812cc3755e4b7,59e62b6277860e0001512e14,APPROVED,Not Applicable,2025-05-15T18:34:29.201000Z,2025-05-15T18:41:57.947000Z,2025-05-22T17:31:14.437000Z,2025-05-15T18:41:58.880729Z,449.0,CJYS1MGD,8855,"English, French, Spanish",71,Male,Mixed,Cuba,United States,United States,DATA_EXPIRED,DATA_EXPIRED,DATA_EXPIRED
682635c7f2002e194add7050,5dc483cf74939e34e55c3619,APPROVED,Not Applicable,2025-05-15T18:43:25.043000Z,2025-05-15T18:50:49.235000Z,2025-05-22T17:32:31.385000Z,2025-05-15T18:50:50.213668Z,445.0,CJYS1MGD,9992,"English, Spanish",74,Male,White,United States,United States,United States,English,No,Part-Time
682600ac1dc75546fb0b5b33,66dee6f684496247b05c71fa,RETURNED,Not Applicable,2025-05-15T14:56:51.637000Z,,,,,,1845,CONSENT_REVOKED,CONSENT_REVOKED,CONSENT_REVOKED,CONSENT_REVOKED,CONSENT_REVOKED,CONSENT_REVOKED,CONSENT_REVOKED,CONSENT_REVOKED,CONSENT_REVOKED,CONSENT_REVOKED
682600bef4dec9c64cd731ce,67d5e3d6a8a6bc7b6665a542,RETURNED,Not Applicable,2025-05-15T14:57:10.344000Z,,,,,,1033,CONSENT_REVOKED,CONSENT_REVOKED,CONSENT_REVOKED,CONSENT_REVOKED,CONSENT_REVOKED,CONSENT_REVOKED,CONSENT_REVOKED,CONSENT_REVOKED,CONSENT_REVOKED,CONSENT_REVOKED
682600d342ec0c8d94b09fdd,67d865c30ff89ada0c980689,RETURNED,Not Applicable,2025-05-15T14:57:23.941000Z,,,,,,1239,CONSENT_REVOKED,CONSENT_REVOKED,CONSENT_REVOKED,CONSENT_REVOKED,CONSENT_REVOKED,CONSENT_REVOKED,CONSENT_REVOKED,CONSENT_REVOKED,CONSENT_REVOKED,CONSENT_REVOKED
682600f1ebd7cab54b857d0c,5865bdf7a3462300010673e3,RETURNED,Not Applicable,2025-05-15T15:08:00.061000Z,,,,,,3899,CONSENT_REVOKED,CONSENT_REVOKED,CONSENT_REVOKED,CONSENT_REVOKED,CONSENT_REVOKED,CONSENT_REVOKED,CONSENT_REVOKED,CONSENT_REVOKED,CONSENT_REVOKED,CONSENT_REVOKED
682600fdca4d17da3a6f32f3,67f10aa249d8518755800580,RETURNED,Not Applicable,2025-05-15T15:09:00.048000Z,,,,,,1030,CONSENT_REVOKED,CONSENT_REVOKED,CONSENT_REVOKED,CONSENT_REVOKED,CONSENT_REVOKED,CONSENT_REVOKED,CONSENT_REVOKED,CONSENT_REVOKED,CONSENT_REVOKED,CONSENT_REVOKED
682600fe058f130d0c69ac41,67c63003f65a59b85e577e72,RETURNED,Not Applicable,2025-05-15T14:58:35.255000Z,,,,,,1108,CONSENT_REVOKED,CONSENT_REVOKED,CONSENT_REVOKED,CONSENT_REVOKED,CONSENT_REVOKED,CONSENT_REVOKED,CONSENT_REVOKED,CONSENT_REVOKED,CONSENT_REVOKED,CONSENT_REVOKED
68260102d25ebc41094d6bb0,66957ab0e33f6b17bea3a067,RETURNED,Not Applicable,2025-05-15T14:58:15.700000Z,,,,,,1686,CONSENT_REVOKED,CONSENT_REVOKED,CONSENT_REVOKED,CONSENT_REVOKED,CONSENT_REVOKED,CONSENT_REVOKED,CONSENT_REVOKED,CONSENT_REVOKED,CONSENT_REVOKED,CONSENT_REVOKED
682601fb211b192f041161b1,647660ef7bc13de7eaf0c76e,RETURNED,Not Applicable,2025-05-15T15:02:31.471000Z,,,,,,2607,CONSENT_REVOKED,CONSENT_REVOKED,CONSENT_REVOKED,CONSENT_REVOKED,CONSENT_REVOKED,CONSENT_REVOKED,CONSENT_REVOKED,CONSENT_REVOKED,CONSENT_REVOKED,CONSENT_REVOKED
682602480620647d2621ef8e,5f2a5f187bf471245f7dc096,RETURNED,Not Applicable,2025-05-15T15:03:40.132000Z,,,,,,1990,CONSENT_REVOKED,CONSENT_REVOKED,CONSENT_REVOKED,CONSENT_REVOKED,CONSENT_REVOKED,CONSENT_REVOKED,CONSENT_REVOKED,CONSENT_REVOKED,CONSENT_REVOKED,CONSENT_REVOKED
68260289244fc356850f32d6,6012e262527c380ccb2a6c74,RETURNED,Not Applicable,2025-05-15T15:04:48.990000Z,,,,,,8372,CONSENT_REVOKED,CONSENT_REVOKED,CONSENT_REVOKED,CONSENT_REVOKED,CONSENT_REVOKED,CONSENT_REVOKED,CONSENT_REVOKED,CONSENT_REVOKED,CONSENT_REVOKED,CONSENT_REVOKED
68260335d3fe86e352d7320b,67d3655c75384fd3ef38390b,TIMED-OUT,Not Applicable,2025-05-15T15:07:33.394000Z,,,,6449569.0,,1253,"English, Spanish",65,Female,White,United States,United States,United States,English,No,Full-Time
682603527c71862051128285,681e696d460da08f2f8d13aa,RETURNED,Not Applicable,2025-05-15T15:15:42.731000Z,,,,,,48,CONSENT_REVOKED,CONSENT_REVOKED,CONSENT_REVOKED,CONSENT_REVOKED,CONSENT_REVOKED,CONSENT_REVOKED,CONSENT_REVOKED,CONSENT_REVOKED,CONSENT_REVOKED,CONSENT_REVOKED
6826038cd430246d3293de4d,5ca3bd506c848000011d0afa,RETURNED,Not Applicable,2025-05-15T15:09:08.865000Z,,,,,,2547,CONSENT_REVOKED,CONSENT_REVOKED,CONSENT_REVOKED,CONSENT_REVOKED,CONSENT_REVOKED,CONSENT_REVOKED,CONSENT_REVOKED,CONSENT_REVOKED,CONSENT_REVOKED,CONSENT_REVOKED
682603e1ac0bc07d8e58baae,67e6ab0195afe547df3e3f34,RETURNED,Not Applicable,2025-05-15T15:10:39.078000Z,,,,,,1383,CONSENT_REVOKED,CONSENT_REVOKED,CONSENT_REVOKED,CONSENT_REVOKED,CONSENT_REVOKED,CONSENT_REVOKED,CONSENT_REVOKED,CONSENT_REVOKED,CONSENT_REVOKED,CONSENT_REVOKED
68260417c0c1a7b00bba8094,6732eded855341d8cdd35ab3,RETURNED,Not Applicable,2025-05-15T15:11:54.897000Z,,,,,,747,CONSENT_REVOKED,CONSENT_REVOKED,CONSENT_REVOKED,CONSENT_REVOKED,CONSENT_REVOKED,CONSENT_REVOKED,CONSENT_REVOKED,CONSENT_REVOKED,CONSENT_REVOKED,CONSENT_REVOKED
6826046fbb00e65af434cacf,62a3be0d93b8dd1e69b4317d,RETURNED,Not Applicable,2025-05-15T15:12:53.204000Z,,,,,,5357,CONSENT_REVOKED,CONSENT_REVOKED,CONSENT_REVOKED,CONSENT_REVOKED,CONSENT_REVOKED,CONSENT_REVOKED,CONSENT_REVOKED,CONSENT_REVOKED,CONSENT_REVOKED,CONSENT_REVOKED
682604b09249d5ec8e35b9eb,5e07d174da6bad1342bafab2,RETURNED,Not Applicable,2025-05-15T15:13:52.386000Z,,,,,,8856,CONSENT_REVOKED,CONSENT_REVOKED,CONSENT_REVOKED,CONSENT_REVOKED,CONSENT_REVOKED,CONSENT_REVOKED,CONSENT_REVOKED,CONSENT_REVOKED,CONSENT_REVOKED,CONSENT_REVOKED
682604c65643ae90cf4dc44e,67e85abca44b52f2e03fcbb1,TIMED-OUT,Not Applicable,2025-05-15T15:18:08.363000Z,,,,6448934.0,,348,English,47,Male,Black,United States,United States,United States,English,No,Full-Time
682604d3d6c2951a934e78ff,636d6ce3fb3683ff33f9e514,RETURNED,Not Applicable,2025-05-15T15:25:00.056000Z,,,,,,7243,CONSENT_REVOKED,CONSENT_REVOKED,CONSENT_REVOKED,CONSENT_REVOKED,CONSENT_REVOKED,CONSENT_REVOKED,CONSENT_REVOKED,CONSENT_REVOKED,CONSENT_REVOKED,CONSENT_REVOKED
68260529c6eafd4f1304654c,63d71e67dd0fcccd3cc745b0,RETURNED,Not Applicable,2025-05-15T15:16:06.211000Z,,,,,,5376,CONSENT_REVOKED,CONSENT_REVOKED,CONSENT_REVOKED,CONSENT_REVOKED,CONSENT_REVOKED,CONSENT_REVOKED,CONSENT_REVOKED,CONSENT_REVOKED,CONSENT_REVOKED,CONSENT_REVOKED
6826069942a719f55375be1c,64a20e18b0f91aac5ea9a538,RETURNED,Not Applicable,2025-05-15T15:22:06.162000Z,,,,,,6349,CONSENT_REVOKED,CONSENT_REVOKED,CONSENT_REVOKED,CONSENT_REVOKED,CONSENT_REVOKED,CONSENT_REVOKED,CONSENT_REVOKED,CONSENT_REVOKED,CONSENT_REVOKED,CONSENT_REVOKED
68260713f0ece28fc26c3373,5c2c6e432c45d400014a35e3,RETURNED,Not Applicable,2025-05-15T15:24:12.625000Z,,,,,,10521,CONSENT_REVOKED,CONSENT_REVOKED,CONSENT_REVOKED,CONSENT_REVOKED,CONSENT_REVOKED,CONSENT_REVOKED,CONSENT_REVOKED,CONSENT_REVOKED,CONSENT_REVOKED,CONSENT_REVOKED
6826073036833953d9395d96,6778de87a8701aba0b49e5ab,RETURNED,Not Applicable,2025-05-15T15:24:36.935000Z,,,,,,433,CONSENT_REVOKED,CONSENT_REVOKED,CONSENT_REVOKED,CONSENT_REVOKED,CONSENT_REVOKED,CONSENT_REVOKED,CONSENT_REVOKED,CONSENT_REVOKED,CONSENT_REVOKED,CONSENT_REVOKED
68260777c74b6f848bfc4709,5f402eb4fbd8df145068b805,RETURNED,Not Applicable,2025-05-15T15:25:49.808000Z,2025-05-15T15:31:47.357000Z,,2025-05-15T15:31:48.167000Z,,CJYS1MGD,10318,CONSENT_REVOKED,CONSENT_REVOKED,CONSENT_REVOKED,CONSENT_REVOKED,CONSENT_REVOKED,CONSENT_REVOKED,CONSENT_REVOKED,CONSENT_REVOKED,CONSENT_REVOKED,CONSENT_REVOKED
682607e1907f79ad135d81e9,675bbc677f1e7c1d82e42a73,RETURNED,Not Applicable,2025-05-15T15:31:21.233000Z,,,,,,1030,CONSENT_REVOKED,CONSENT_REVOKED,CONSENT_REVOKED,CONSENT_REVOKED,CONSENT_REVOKED,CONSENT_REVOKED,CONSENT_REVOKED,CONSENT_REVOKED,CONSENT_REVOKED,CONSENT_REVOKED
68260833540169a47a94fb39,60469275f75cd607f61fb973,RETURNED,Not Applicable,2025-05-15T15:28:58.085000Z,,,,,,4473,CONSENT_REVOKED,CONSENT_REVOKED,CONSENT_REVOKED,CONSENT_REVOKED,CONSENT_REVOKED,CONSENT_REVOKED,CONSENT_REVOKED,CONSENT_REVOKED,CONSENT_REVOKED,CONSENT_REVOKED
682608a49ae7b4bcecdec384,6752f0bf89185ea06e300a69,RETURNED,Not Applicable,2025-05-15T15:30:52.614000Z,,,,,,936,CONSENT_REVOKED,CONSENT_REVOKED,CONSENT_REVOKED,CONSENT_REVOKED,CONSENT_REVOKED,CONSENT_REVOKED,CONSENT_REVOKED,CONSENT_REVOKED,CONSENT_REVOKED,CONSENT_REVOKED
68260923ba9a4848a2393c16,6764f6c8650afa06c8c65677,RETURNED,Not Applicable,2025-05-15T15:32:51.099000Z,,,,,,377,CONSENT_REVOKED,CONSENT_REVOKED,CONSENT_REVOKED,CONSENT_REVOKED,CONSENT_REVOKED,CONSENT_REVOKED,CONSENT_REVOKED,CONSENT_REVOKED,CONSENT_REVOKED,CONSENT_REVOKED
68260dcbb18f7dec8ea8be45,6151e479b4ee16668948c7f2,RETURNED,Not Applicable,2025-05-15T15:53:13.159000Z,,,,,,10014,CONSENT_REVOKED,CONSENT_REVOKED,CONSENT_REVOKED,CONSENT_REVOKED,CONSENT_REVOKED,CONSENT_REVOKED,CONSENT_REVOKED,CONSENT_REVOKED,CONSENT_REVOKED,CONSENT_REVOKED
68260dd19bf24a96950706af,64a6e31ef9a471c4f100c91f,RETURNED,Not Applicable,2025-05-15T16:03:00.075000Z,,,,,,5396,CONSENT_REVOKED,CONSENT_REVOKED,CONSENT_REVOKED,CONSENT_REVOKED,CONSENT_REVOKED,CONSENT_REVOKED,CONSENT_REVOKED,CONSENT_REVOKED,CONSENT_REVOKED,CONSENT_REVOKED
68260dd289f2893eaa67b4c5,601373dbd735b324b32818bd,RETURNED,Not Applicable,2025-05-15T15:53:11.677000Z,,,,,,4726,CONSENT_REVOKED,CONSENT_REVOKED,CONSENT_REVOKED,CONSENT_REVOKED,CONSENT_REVOKED,CONSENT_REVOKED,CONSENT_REVOKED,CONSENT_REVOKED,CONSENT_REVOKED,CONSENT_REVOKED
68260dd451d2be51b26a9934,5f0632802b566a17e81a5f5f,RETURNED,Not Applicable,2025-05-15T15:52:52.412000Z,,,,,,9021,CONSENT_REVOKED,CONSENT_REVOKED,CONSENT_REVOKED,CONSENT_REVOKED,CONSENT_REVOKED,CONSENT_REVOKED,CONSENT_REVOKED,CONSENT_REVOKED,CONSENT_REVOKED,CONSENT_REVOKED
68260e13e317fde720b09608,667c66be2cfdb420fd63f2c9,RETURNED,Not Applicable,2025-05-15T15:54:04.625000Z,,,,,,3238,CONSENT_REVOKED,CONSENT_REVOKED,CONSENT_REVOKED,CONSENT_REVOKED,CONSENT_REVOKED,CONSENT_REVOKED,CONSENT_REVOKED,CONSENT_REVOKED,CONSENT_REVOKED,CONSENT_REVOKED
68260e3b47a0ec03ce975f04,67d95b52be97905a048845c7,RETURNED,Not Applicable,2025-05-15T15:54:35.207000Z,2025-05-15T16:00:30.979000Z,,2025-05-15T16:00:31.887000Z,,CJYS1MGD,394,CONSENT_REVOKED,CONSENT_REVOKED,CONSENT_REVOKED,CONSENT_REVOKED,CONSENT_REVOKED,CONSENT_REVOKED,CONSENT_REVOKED,CONSENT_REVOKED,CONSENT_REVOKED,CONSENT_REVOKED
68260e6bce4ea700bb023a02,5ed2958cf3d85d0880db5011,RETURNED,Not Applicable,2025-05-15T15:55:28.496000Z,,,,,,4152,CONSENT_REVOKED,CONSENT_REVOKED,CONSENT_REVOKED,CONSENT_REVOKED,CONSENT_REVOKED,CONSENT_REVOKED,CONSENT_REVOKED,CONSENT_REVOKED,CONSENT_REVOKED,CONSENT_REVOKED
68260e708bb0a5bc436a993b,678e6eb7170e3a5da7c4ab91,RETURNED,Not Applicable,2025-05-15T15:55:28.106000Z,,,,,,2592,CONSENT_REVOKED,CONSENT_REVOKED,CONSENT_REVOKED,CONSENT_REVOKED,CONSENT_REVOKED,CONSENT_REVOKED,CONSENT_REVOKED,CONSENT_REVOKED,CONSENT_REVOKED,CONSENT_REVOKED
68260e9873ccaef00c0bcfa1,607a7b7d300ce256f51706bd,RETURNED,Not Applicable,2025-05-15T16:00:40.276000Z,,,,,,6634,CONSENT_REVOKED,CONSENT_REVOKED,CONSENT_REVOKED,CONSENT_REVOKED,CONSENT_REVOKED,CONSENT_REVOKED,CONSENT_REVOKED,CONSENT_REVOKED,CONSENT_REVOKED,CONSENT_REVOKED
68260ea6cf2c39c878e2fa8d,67e42ada4d5364b2faa0e8a9,RETURNED,Not Applicable,2025-05-15T15:56:34.702000Z,,,,,,1129,CONSENT_REVOKED,CONSENT_REVOKED,CONSENT_REVOKED,CONSENT_REVOKED,CONSENT_REVOKED,CONSENT_REVOKED,CONSENT_REVOKED,CONSENT_REVOKED,CONSENT_REVOKED,CONSENT_REVOKED
68260f2843af87b7c3daaca2,610d6c481ca4797b863fe3d1,RETURNED,Not Applicable,2025-05-15T15:58:32.139000Z,,,,,,10019,CONSENT_REVOKED,CONSENT_REVOKED,CONSENT_REVOKED,CONSENT_REVOKED,CONSENT_REVOKED,CONSENT_REVOKED,CONSENT_REVOKED,CONSENT_REVOKED,CONSENT_REVOKED,CONSENT_REVOKED
68260f2b1e23801688d5914e,66442ca351653be6d0357e94,RETURNED,Not Applicable,2025-05-15T15:58:45.081000Z,,,,,,2667,CONSENT_REVOKED,CONSENT_REVOKED,CONSENT_REVOKED,CONSENT_REVOKED,CONSENT_REVOKED,CONSENT_REVOKED,CONSENT_REVOKED,CONSENT_REVOKED,CONSENT_REVOKED,CONSENT_REVOKED
68260f2bcfa0b3d6b959b208,616b2966d0aee4f9879a656b,RETURNED,Not Applicable,2025-05-15T15:58:39.350000Z,,,,,,4539,CONSENT_REVOKED,CONSENT_REVOKED,CONSENT_REVOKED,CONSENT_REVOKED,CONSENT_REVOKED,CONSENT_REVOKED,CONSENT_REVOKED,CONSENT_REVOKED,CONSENT_REVOKED,CONSENT_REVOKED
6826104f81ef0de11345514c,67f180abcd4bc56c0d12ebe8,RETURNED,Not Applicable,2025-05-15T16:04:55.468000Z,,,,,,277,CONSENT_REVOKED,CONSENT_REVOKED,CONSENT_REVOKED,CONSENT_REVOKED,CONSENT_REVOKED,CONSENT_REVOKED,CONSENT_REVOKED,CONSENT_REVOKED,CONSENT_REVOKED,CONSENT_REVOKED
682610de20b8a23e963382cd,66d7b253c64eb18aa549d79c,RETURNED,Not Applicable,2025-05-15T16:05:52.918000Z,,,,,,2265,CONSENT_REVOKED,CONSENT_REVOKED,CONSENT_REVOKED,CONSENT_REVOKED,CONSENT_REVOKED,CONSENT_REVOKED,CONSENT_REVOKED,CONSENT_REVOKED,CONSENT_REVOKED,CONSENT_REVOKED
68261158296258bc926ab009,615d2de8bfd11d57af47423a,RETURNED,Not Applicable,2025-05-15T16:08:32.961000Z,,,,,,4549,CONSENT_REVOKED,CONSENT_REVOKED,CONSENT_REVOKED,CONSENT_REVOKED,CONSENT_REVOKED,CONSENT_REVOKED,CONSENT_REVOKED,CONSENT_REVOKED,CONSENT_REVOKED,CONSENT_REVOKED
682611fc7ceb05a917e8d5ff,64a826f6220bf56dca731156,RETURNED,Not Applicable,2025-05-15T16:10:42.918000Z,,,,,,3424,CONSENT_REVOKED,CONSENT_REVOKED,CONSENT_REVOKED,CONSENT_REVOKED,CONSENT_REVOKED,CONSENT_REVOKED,CONSENT_REVOKED,CONSENT_REVOKED,CONSENT_REVOKED,CONSENT_REVOKED
6826125190a6aabd99731afa,672ab38f104e8899317d9fda,RETURNED,Not Applicable,2025-05-15T16:15:43.772000Z,,,,,,883,CONSENT_REVOKED,CONSENT_REVOKED,CONSENT_REVOKED,CONSENT_REVOKED,CONSENT_REVOKED,CONSENT_REVOKED,CONSENT_REVOKED,CONSENT_REVOKED,CONSENT_REVOKED,CONSENT_REVOKED
682612d8de3be069ddfef1bb,5b757a03976ecb0001b1168f,RETURNED,Not Applicable,2025-05-15T16:14:16.845000Z,,,,,,8448,CONSENT_REVOKED,CONSENT_REVOKED,CONSENT_REVOKED,CONSENT_REVOKED,CONSENT_REVOKED,CONSENT_REVOKED,CONSENT_REVOKED,CONSENT_REVOKED,CONSENT_REVOKED,CONSENT_REVOKED
682612ee17f11003adfbcb20,67b9d2f7a49052c6e25c6a7f,RETURNED,Not Applicable,2025-05-15T16:14:42.097000Z,,,,,,2504,CONSENT_REVOKED,CONSENT_REVOKED,CONSENT_REVOKED,CONSENT_REVOKED,CONSENT_REVOKED,CONSENT_REVOKED,CONSENT_REVOKED,CONSENT_REVOKED,CONSENT_REVOKED,CONSENT_REVOKED
6826139f1ec9cbe9ce492a18,67d339b88129b9e57d6018f6,RETURNED,Not Applicable,2025-05-15T16:18:07.822000Z,,,,,,1169,CONSENT_REVOKED,CONSENT_REVOKED,CONSENT_REVOKED,CONSENT_REVOKED,CONSENT_REVOKED,CONSENT_REVOKED,CONSENT_REVOKED,CONSENT_REVOKED,CONSENT_REVOKED,CONSENT_REVOKED
68261442e27fad6219638c95,5796beee454e5400015f4205,RETURNED,Not Applicable,2025-05-15T16:20:26.681000Z,,,,,,3304,CONSENT_REVOKED,CONSENT_REVOKED,CONSENT_REVOKED,CONSENT_REVOKED,CONSENT_REVOKED,CONSENT_REVOKED,CONSENT_REVOKED,CONSENT_REVOKED,CONSENT_REVOKED,CONSENT_REVOKED
6826147f8e8df1de2f65ddb3,67c1d6d98c8787be36609212,RETURNED,Not Applicable,2025-05-15T16:21:28.331000Z,,,,,,1010,CONSENT_REVOKED,CONSENT_REVOKED,CONSENT_REVOKED,CONSENT_REVOKED,CONSENT_REVOKED,CONSENT_REVOKED,CONSENT_REVOKED,CONSENT_REVOKED,CONSENT_REVOKED,CONSENT_REVOKED
682614a6f80fb96d1196a6bf,660480647ac06fc541cfda59,RETURNED,Not Applicable,2025-05-15T16:22:02.891000Z,,,,,,2452,CONSENT_REVOKED,CONSENT_REVOKED,CONSENT_REVOKED,CONSENT_REVOKED,CONSENT_REVOKED,CONSENT_REVOKED,CONSENT_REVOKED,CONSENT_REVOKED,CONSENT_REVOKED,CONSENT_REVOKED
6826158f669014325c52253f,62ef104b5e9352c2ead31fde,RETURNED,Not Applicable,2025-05-15T16:25:56.942000Z,,,,,,11241,CONSENT_REVOKED,CONSENT_REVOKED,CONSENT_REVOKED,CONSENT_REVOKED,CONSENT_REVOKED,CONSENT_REVOKED,CONSENT_REVOKED,CONSENT_REVOKED,CONSENT_REVOKED,CONSENT_REVOKED
682615903fb7434dc6990e1f,67d0a57b0a4981c5e65c3bcc,RETURNED,Not Applicable,2025-05-15T16:25:59.820000Z,,,,,,3025,CONSENT_REVOKED,CONSENT_REVOKED,CONSENT_REVOKED,CONSENT_REVOKED,CONSENT_REVOKED,CONSENT_REVOKED,CONSENT_REVOKED,CONSENT_REVOKED,CONSENT_REVOKED,CONSENT_REVOKED
682615a6e17d42e43a7ba0bf,67d08688485242495614dbe7,TIMED-OUT,Not Applicable,2025-05-15T16:33:51.063000Z,,,,6444394.0,,1259,English,33,Female,Mixed,United States,United States,United States,English,No,Unemployed (and job seeking)
682615ca9d32b29ee23bd4d2,66ec53e096df305784c5aa6f,RETURNED,Not Applicable,2025-05-15T16:27:08.617000Z,,,,,,2084,CONSENT_REVOKED,CONSENT_REVOKED,CONSENT_REVOKED,CONSENT_REVOKED,CONSENT_REVOKED,CONSENT_REVOKED,CONSENT_REVOKED,CONSENT_REVOKED,CONSENT_REVOKED,CONSENT_REVOKED
6826162bf2b2d8e7f700a52d,67c77daa6c19ecb640111a63,RETURNED,Not Applicable,2025-05-15T16:28:27.721000Z,,,,,,1039,CONSENT_REVOKED,CONSENT_REVOKED,CONSENT_REVOKED,CONSENT_REVOKED,CONSENT_REVOKED,CONSENT_REVOKED,CONSENT_REVOKED,CONSENT_REVOKED,CONSENT_REVOKED,CONSENT_REVOKED
6826165dd082220b77e9ed3d,5f12c0fb473aec0cea5fdb8c,RETURNED,Not Applicable,2025-05-15T16:29:20.873000Z,,,,,,2197,CONSENT_REVOKED,CONSENT_REVOKED,CONSENT_REVOKED,CONSENT_REVOKED,CONSENT_REVOKED,CONSENT_REVOKED,CONSENT_REVOKED,CONSENT_REVOKED,CONSENT_REVOKED,CONSENT_REVOKED
682616c591cc8922eb203fa0,664f74aec5c6e6331cd6e860,RETURNED,Not Applicable,2025-05-15T16:32:24.165000Z,,,,,,1174,CONSENT_REVOKED,CONSENT_REVOKED,CONSENT_REVOKED,CONSENT_REVOKED,CONSENT_REVOKED,CONSENT_REVOKED,CONSENT_REVOKED,CONSENT_REVOKED,CONSENT_REVOKED,CONSENT_REVOKED
682616d9102dec1f7965ce12,5c65b3d45416680001bed9fa,RETURNED,Not Applicable,2025-05-15T16:32:13.952000Z,,,,,,6270,CONSENT_REVOKED,CONSENT_REVOKED,CONSENT_REVOKED,CONSENT_REVOKED,CONSENT_REVOKED,CONSENT_REVOKED,CONSENT_REVOKED,CONSENT_REVOKED,CONSENT_REVOKED,CONSENT_REVOKED
6826173ac22cc75c664ad044,67913b23261d9b86910fbfe6,RETURNED,Not Applicable,2025-05-15T16:33:10.467000Z,,,,,,1296,CONSENT_REVOKED,CONSENT_REVOKED,CONSENT_REVOKED,CONSENT_REVOKED,CONSENT_REVOKED,CONSENT_REVOKED,CONSENT_REVOKED,CONSENT_REVOKED,CONSENT_REVOKED,CONSENT_REVOKED
6826185402ea6c6814df60a2,6403ce2f85c4bb26aff0de6e,RETURNED,Not Applicable,2025-05-15T16:37:55.327000Z,,,,,,3754,CONSENT_REVOKED,CONSENT_REVOKED,CONSENT_REVOKED,CONSENT_REVOKED,CONSENT_REVOKED,CONSENT_REVOKED,CONSENT_REVOKED,CONSENT_REVOKED,CONSENT_REVOKED,CONSENT_REVOKED
682618a5ff2696d7d8baffac,60778db7ed3bae21972be1b4,RETURNED,Not Applicable,2025-05-15T16:40:10.729000Z,,,,,,1766,CONSENT_REVOKED,CONSENT_REVOKED,CONSENT_REVOKED,CONSENT_REVOKED,CONSENT_REVOKED,CONSENT_REVOKED,CONSENT_REVOKED,CONSENT_REVOKED,CONSENT_REVOKED,CONSENT_REVOKED
682619593f138c07e2e06d72,67f1d524c4a70f4cf6a5c688,RETURNED,Not Applicable,2025-05-15T16:42:15.473000Z,,,,,,766,CONSENT_REVOKED,CONSENT_REVOKED,CONSENT_REVOKED,CONSENT_REVOKED,CONSENT_REVOKED,CONSENT_REVOKED,CONSENT_REVOKED,CONSENT_REVOKED,CONSENT_REVOKED,CONSENT_REVOKED
682619672b751ac3fb989d88,63fb4b7f05faed13656528f0,RETURNED,Not Applicable,2025-05-15T16:42:21.740000Z,,,,,,6486,CONSENT_REVOKED,CONSENT_REVOKED,CONSENT_REVOKED,CONSENT_REVOKED,CONSENT_REVOKED,CONSENT_REVOKED,CONSENT_REVOKED,CONSENT_REVOKED,CONSENT_REVOKED,CONSENT_REVOKED
68261989f8fe30503a1b0405,5d6376ec7e447f001c971315,RETURNED,Not Applicable,2025-05-15T16:52:49.907000Z,,,,,,7793,CONSENT_REVOKED,CONSENT_REVOKED,CONSENT_REVOKED,CONSENT_REVOKED,CONSENT_REVOKED,CONSENT_REVOKED,CONSENT_REVOKED,CONSENT_REVOKED,CONSENT_REVOKED,CONSENT_REVOKED
682619c24402a7c806f628cc,5ef3e3c01ece121907ee721a,RETURNED,Not Applicable,2025-05-15T16:44:22.186000Z,,,,,,1196,CONSENT_REVOKED,CONSENT_REVOKED,CONSENT_REVOKED,CONSENT_REVOKED,CONSENT_REVOKED,CONSENT_REVOKED,CONSENT_REVOKED,CONSENT_REVOKED,CONSENT_REVOKED,CONSENT_REVOKED
68261a2975c745360bbc1d55,65dfe87de9e4bbb2db3d14b8,RETURNED,Not Applicable,2025-05-15T16:49:00.571000Z,,,,,,1260,CONSENT_REVOKED,CONSENT_REVOKED,CONSENT_REVOKED,CONSENT_REVOKED,CONSENT_REVOKED,CONSENT_REVOKED,CONSENT_REVOKED,CONSENT_REVOKED,CONSENT_REVOKED,CONSENT_REVOKED
68261ab06fd33958e7596cca,67ac8aa557d348e2ac95a5f7,RETURNED,Not Applicable,2025-05-15T16:47:51.943000Z,,,,,,820,CONSENT_REVOKED,CONSENT_REVOKED,CONSENT_REVOKED,CONSENT_REVOKED,CONSENT_REVOKED,CONSENT_REVOKED,CONSENT_REVOKED,CONSENT_REVOKED,CONSENT_REVOKED,CONSENT_REVOKED
68261aff65055a12fd0d2d81,6783f0b59ab38bd4348b27e5,RETURNED,Not Applicable,2025-05-15T16:49:14.468000Z,,,,,,789,CONSENT_REVOKED,CONSENT_REVOKED,CONSENT_REVOKED,CONSENT_REVOKED,CONSENT_REVOKED,CONSENT_REVOKED,CONSENT_REVOKED,CONSENT_REVOKED,CONSENT_REVOKED,CONSENT_REVOKED
68261c6ca39517e85462f210,65fcdebb4bb107ea35f4ab42,RETURNED,Not Applicable,2025-05-15T16:55:15.242000Z,,,,,,3091,CONSENT_REVOKED,CONSENT_REVOKED,CONSENT_REVOKED,CONSENT_REVOKED,CONSENT_REVOKED,CONSENT_REVOKED,CONSENT_REVOKED,CONSENT_REVOKED,CONSENT_REVOKED,CONSENT_REVOKED
68261ec8ce60e547b49239a4,672d1f5b6bb963f41f204dca,RETURNED,Not Applicable,2025-05-15T17:06:42.296000Z,,,,,,1000,CONSENT_REVOKED,CONSENT_REVOKED,CONSENT_REVOKED,CONSENT_REVOKED,CONSENT_REVOKED,CONSENT_REVOKED,CONSENT_REVOKED,CONSENT_REVOKED,CONSENT_REVOKED,CONSENT_REVOKED
68261fe947defffc818ab170,6110cb9fd3ba23cecacc8fc4,RETURNED,Not Applicable,2025-05-15T17:10:05.821000Z,,,,,,3900,CONSENT_REVOKED,CONSENT_REVOKED,CONSENT_REVOKED,CONSENT_REVOKED,CONSENT_REVOKED,CONSENT_REVOKED,CONSENT_REVOKED,CONSENT_REVOKED,CONSENT_REVOKED,CONSENT_REVOKED
682621970732e4e4f0fafb29,653d32174ec97b1bb7fd314b,RETURNED,Not Applicable,2025-05-15T17:19:15.223000Z,,,,,,1587,CONSENT_REVOKED,CONSENT_REVOKED,CONSENT_REVOKED,CONSENT_REVOKED,CONSENT_REVOKED,CONSENT_REVOKED,CONSENT_REVOKED,CONSENT_REVOKED,CONSENT_REVOKED,CONSENT_REVOKED
682622588cce7c04ffc4fe50,67aac3d6da39590556da57b4,RETURNED,Not Applicable,2025-05-15T17:20:59.293000Z,,,,,,1286,CONSENT_REVOKED,CONSENT_REVOKED,CONSENT_REVOKED,CONSENT_REVOKED,CONSENT_REVOKED,CONSENT_REVOKED,CONSENT_REVOKED,CONSENT_REVOKED,CONSENT_REVOKED,CONSENT_REVOKED
6826237f64564759503d394a,67ddf95377e7a1ffc5f078c0,RETURNED,Not Applicable,2025-05-15T17:25:30.598000Z,,,,,,931,CONSENT_REVOKED,CONSENT_REVOKED,CONSENT_REVOKED,CONSENT_REVOKED,CONSENT_REVOKED,CONSENT_REVOKED,CONSENT_REVOKED,CONSENT_REVOKED,CONSENT_REVOKED,CONSENT_REVOKED
682629e3bbc39284ba9fb6ed,612682ec747ac2d5df40f7df,RETURNED,Not Applicable,2025-05-15T17:52:45.022000Z,,,,,,2885,CONSENT_REVOKED,CONSENT_REVOKED,CONSENT_REVOKED,CONSENT_REVOKED,CONSENT_REVOKED,CONSENT_REVOKED,CONSENT_REVOKED,CONSENT_REVOKED,CONSENT_REVOKED,CONSENT_REVOKED
68262c219459f0cd8a0549c6,672c5b912fcc16cf421581e7,RETURNED,Not Applicable,2025-05-15T18:02:24.140000Z,,,,,,878,CONSENT_REVOKED,CONSENT_REVOKED,CONSENT_REVOKED,CONSENT_REVOKED,CONSENT_REVOKED,CONSENT_REVOKED,CONSENT_REVOKED,CONSENT_REVOKED,CONSENT_REVOKED,CONSENT_REVOKED
68262fcf06a91271939804bc,65fcaa30c61e9b7657625912,RETURNED,Not Applicable,2025-05-15T18:17:56.995000Z,,,,,,2398,CONSENT_REVOKED,CONSENT_REVOKED,CONSENT_REVOKED,CONSENT_REVOKED,CONSENT_REVOKED,CONSENT_REVOKED,CONSENT_REVOKED,CONSENT_REVOKED,CONSENT_REVOKED,CONSENT_REVOKED
